-- Go SQL Dump 0.2.2
--
-- ------------------------------------------------------
-- Server version	8.0.36-28

/*!40101 SET @OLD_CHARACTER_SET_CLIENT=@@CHARACTER_SET_CLIENT */;
/*!40101 SET @OLD_CHARACTER_SET_RESULTS=@@CHARACTER_SET_RESULTS */;
/*!40101 SET @OLD_COLLATION_CONNECTION=@@COLLATION_CONNECTION */;
/*!40101 SET NAMES utf8 */;
/*!40103 SET @OLD_TIME_ZONE=@@TIME_ZONE */;
/*!40103 SET TIME_ZONE='+00:00' */;
/*!40014 SET @OLD_UNIQUE_CHECKS=@@UNIQUE_CHECKS, UNIQUE_CHECKS=0 */;
/*!40014 SET @OLD_FOREIGN_KEY_CHECKS=@@FOREIGN_KEY_CHECKS, FOREIGN_KEY_CHECKS=0 */;
/*!40101 SET @OLD_SQL_MODE=@@SQL_MODE, SQL_MODE='NO_AUTO_VALUE_ON_ZERO' */;
/*!40111 SET @OLD_SQL_NOTES=@@SQL_NOTES, SQL_NOTES=0 */;



--
-- Table structure for table EnterpriseTable
--

DROP TABLE IF EXISTS EnterpriseTable;
/*!40101 SET @saved_cs_client     = @@character_set_client */;
/*!40101 SET character_set_client = utf8 */;
CREATE TABLE `EnterpriseTable` (
  `IdEnterprise` int NOT NULL AUTO_INCREMENT,
  `Name` varchar(255) COLLATE utf8mb4_general_ci DEFAULT NULL,
  `EnterpriseNumber` varchar(50) COLLATE utf8mb4_general_ci DEFAULT NULL,
  `Address` varchar(50) COLLATE utf8mb4_general_ci DEFAULT NULL,
  `CUIT` varchar(50) COLLATE utf8mb4_general_ci DEFAULT NULL,
  `District` varchar(50) COLLATE utf8mb4_general_ci DEFAULT NULL,
  `PostalCode` varchar(10) COLLATE utf8mb4_general_ci DEFAULT NULL,
  `Phone` varchar(50) COLLATE utf8mb4_general_ci DEFAULT NULL,
  `Created_At` timestamp NULL DEFAULT CURRENT_TIMESTAMP,
  `Updated_At` timestamp NULL DEFAULT CURRENT_TIMESTAMP ON UPDATE CURRENT_TIMESTAMP,
  PRIMARY KEY (`IdEnterprise`)
) ENGINE=InnoDB AUTO_INCREMENT=52 DEFAULT CHARSET=utf8mb4 COLLATE=utf8mb4_general_ci;
/*!40101 SET character_set_client = @saved_cs_client */;
--
-- Dumping data for table EnterpriseTable
--

LOCK TABLES EnterpriseTable WRITE;
/*!40000 ALTER TABLE EnterpriseTable DISABLE KEYS */;

INSERT INTO EnterpriseTable VALUES ('1','SIN EMPRESA','POR DEFECTO','POR DEFECTO','POR DEFECTO','POR DEFECTO','0000','POR DEFECTO','2024-11-18T19:12:20Z','2024-11-18T19:12:20Z'),('2','Indicador Casa de Cambio  S.A. de .C.V.','3943','Berrotaran 2766','21-4318450-4','Las Lajas','2472','1567669398','2024-11-18T19:12:20Z','2024-11-18T19:12:20Z'),('3','Unión de Crédito Mixta Plan Puebla  S.A. de C.V.','8471','Capitán Cáceres 6068','27-1124549-4','Atahona','3750','1563058366','2024-11-18T19:12:20Z','2024-11-18T19:12:20Z'),('4','Servicios de Almacenamiento del Norte S.A.','8867','La Cocha 5842','20-1320583-5','Paso Grande','8016','1566464707','2024-11-18T19:12:20Z','2024-11-18T19:12:20Z'),('5','Unión de Crédito Crediyama  S.A. de C.V.','3279','Los Toldos 2436','26-3228146-8','Cosquín','3888','156530018','2024-11-18T19:12:21Z','2024-11-18T19:12:21Z'),('6','Unión de Crédito Minero Industrial Mercantil S.A. de C.V.','1422','Nono 3636','23-2236825-3','Reconquista','4304','1566962025','2024-11-18T19:12:21Z','2024-11-18T19:12:21Z'),('7','Azúcar  S.A. de C.V.','3878','Las Ovejas 6277','27-5149844-7','Las Tunas','24','1562469709','2024-11-18T19:12:21Z','2024-11-29T13:30:27Z'),('8','Unión de Crédito Agroindustrial de Nuevo Casas Grandes  S.A. de C.V.','3919','El Crispín 7156','20-5558451-8','San Javier','5693','1563369850','2024-11-18T19:12:21Z','2024-11-18T19:12:21Z'),('9','Unión de Crédito De Chiapas  S.A. de C.V.','2272','San Vicente 5949','22-1019257-2','Centenario','5950','1568083167','2024-11-18T19:12:21Z','2024-11-18T19:12:21Z'),('10','Unión de Crédito Sigma Inversora  S.A. de C.V.','6763','Soldini 8769','25-2638746-3','Col. Libertad','3063','1566442187','2024-11-18T19:12:21Z','2024-11-18T19:12:21Z'),('11','TEBO Es del Gpo. TEBO','2130','Piñero 2791','28-7673963-2','El Fortín','4727','1563771009','2024-11-18T19:12:22Z','2024-11-18T19:12:22Z'),('12','Unión de Crédito Industrial de la Laguna  S.A. de C.V.','6457','Las Varillas 6611','26-3552303-7','Los Antiguos','4730','1568782505','2024-11-18T19:12:22Z','2024-11-18T19:12:22Z'),('13','Factoraje Atlas  S.A. de C.V.','7829','Sta. Ana 8252','21-9865633-7','Huinganco','7605','1561166907','2024-11-18T19:12:22Z','2024-11-18T19:12:22Z'),('14','Banco de Crédito Rural del Centro Sur  S.N.C.','1894','Agronomía 5805','26-1015936-7','Fortín Lugones','5632','1568802724','2024-11-18T19:12:22Z','2024-11-18T19:12:22Z'),('15','Unión de Crédito Mixta del Istmo  S.A. de C.V.','4690','Unquillo 9334','23-2575801-1','Estación Torrent','2413','156643914','2024-11-18T19:12:22Z','2024-11-18T19:12:22Z'),('16','Fideicomiso Público 195 Comisión Nacional de Caminos Alimentadores y Aeropistas','5907','Fte. Esperanza 9577','24-8852305-8','Alto Verde','7247','1569181906','2024-11-18T19:12:22Z','2024-11-18T19:12:22Z'),('17','Fondo de Empresas Expropiadas del Sector Azucarero','7895','El Talar 2324','28-4790940-8','San Carlos Centro','4410','1569976148','2024-11-18T19:12:23Z','2024-11-18T19:12:23Z'),('18','Financiera Latina  S.A.','5066','Tosquita 4985','25-1116719-7','Gral. J.F. Quiroga','6999','1567568565','2024-11-18T19:12:23Z','2024-11-18T19:12:23Z'),('19','Unión de Crédito Promocion Empresarial  S.A. de C.V.','4065','Capital 2998','25-8803273-4','Alberti','1610','1568809447','2024-11-18T19:12:23Z','2024-11-18T19:12:23Z'),('20','Unión de Crédito de la Construcción de Tlaxcala  S.A. de C.V.','8319','Angélica 9866','22-4126306-3','Las Heras','6625','1563184442','2024-11-18T19:12:23Z','2024-11-18T19:12:23Z'),('21','Espectáculos Prodesa  S.A. de C.V.','6228','Unanue 1460','28-3489709-8','Pueblo Andino','1823','156273655','2024-11-18T19:12:23Z','2024-11-18T19:12:23Z'),('22','Unión de Crédito Agroindustrial de Nuevo Casas Grandes  S.A. de C.V.','7315','San Jerónimo S. 3289','22-7782088-7','Área Reserva Cinturón Ecológico','6550','1568713842','2024-11-18T19:12:23Z','2024-11-18T19:12:23Z'),('23','Unión de Crédito de Cuautitlan Izcalli  S.A. de C.V.','7344','Costa Azul 6005','20-3970089-2','Caá Yari','2526','1562815279','2024-11-18T19:12:24Z','2024-11-18T19:12:24Z'),('24','Unión de Crédito Agrícola de Matamoros  S.A. de C.V.','5602','San Antonio de Areco 2654','20-9101584-3','Pto. Rico','7682','156619646','2024-11-18T19:12:24Z','2024-11-18T19:12:24Z'),('25','Unión de Crédito Para el Apoyo Productivo  S.A. de C.V.','1261','Beazley 7275','24-4981793-4','Luis Guillón','3040','1561398079','2024-11-18T19:12:24Z','2024-11-18T19:12:24Z'),('26','Unión de Crédito Industrial Sonora 2000  S.A. de C.V.','6740','Gral. Ballivian 1262','20-4030854-5','Río Seco','6347','1567615732','2024-11-18T19:12:24Z','2024-11-18T19:12:24Z'),('27','Banco Capitalizador de Monterrey  S.A.','1818','Mar del Tuyú 2857','23-5299954-2','Mayor V. Villafañe','1982','1564214935','2024-11-18T19:12:24Z','2024-11-18T19:12:24Z'),('28','Banco Nacional Cinematográfico  S.A.','5281','Río Tercero 5086','24-7271938-2','Tolar Grande','6984','156801781','2024-11-18T19:12:24Z','2024-11-18T19:12:24Z'),('29','Unión de Crédito Industrial del Transporte de Guerrero  S.A. de C.V.','7020','Estación Raíces 1165','25-5707351-2','Andacollo','6946','1564307790','2024-11-18T19:12:25Z','2024-11-18T19:12:25Z'),('30','Ferrocarriles Nacionales de México','2593','Las Garzas 6098','26-5914941-3','El Sauce','4729','1561034648','2024-11-18T19:12:25Z','2024-11-18T19:12:25Z'),('31','Unión de Crédito Empresarial del Estado de México  S.A. de C.V.','5864','Santa Rosa de Leales 9679','22-1449208-2','San Martín II','2428','1561618205','2024-11-18T19:12:25Z','2024-11-18T19:12:25Z'),('32','Kapital Haus  S.A.','8781','Bauer Y Sigel 5009','20-4527943-2','Chilcas','6352','1561419754','2024-11-18T19:12:25Z','2024-11-18T19:12:25Z'),('33','Operadora Minera Jov  S.A de C.V. Grupo JOV','7515','Gral. Guido 2919','21-5252959-5','Gral. Guido','2875','1562407216','2024-11-18T19:12:25Z','2024-11-18T19:12:25Z'),('34','TEBOFREN','5307','Las Saladas 3790','23-3246503-4','Pujato N.','6454','1564280927','2024-11-18T19:12:25Z','2024-11-18T19:12:25Z'),('35','BROCHAMEX','6968','Col. Bismark 9555','28-1232600-3','Campo Largo','4076','1564363659','2024-11-18T19:12:26Z','2024-11-18T19:12:26Z'),('36','Luz y Fuerza del Centro','6349','Cañada Rica 3855','28-5980984-3','Cote Lai','4119','1565272666','2024-11-18T19:12:26Z','2024-11-18T19:12:26Z'),('37','Unión de Crédito Constructor  S.A. de C.V.','1777','La Posta 651','22-6959654-5','San Mariano','3990','156684420','2024-11-18T19:12:26Z','2024-11-18T19:12:26Z'),('38','Unión de Crédito de Agrupaciones Empresariales  S.A. de C.V.','1172','Gral. Pico 974','22-6623604-8','Estancia Racedo','4644','1565938857','2024-11-18T19:12:26Z','2024-11-18T19:12:26Z'),('39','Unión de Crédito de las Industrias Químicas de Jalisco  S.A. de C.V.','4585','Alpa Corral 5779','23-6883392-4','La Fraternidad','7090','1563202895','2024-11-18T19:12:26Z','2024-11-18T19:12:26Z'),('40','Productos Forestales Mexicanos  en liquidación','4693','Ycho Cruz Sierras 2814','27-9528955-5','Villa Pueyrredón','5409','1563962243','2024-11-18T19:12:26Z','2024-11-18T19:12:26Z'),('41','Financiera de Crédito Mercantil  S.A.','5946','Co. Centinela 7856','26-2445634-6','Apóstoles','7657','1562347551','2024-11-18T19:12:27Z','2024-11-18T19:12:27Z'),('42','Unión de Crédito Industrial del Transporte de Guerrero  S.A. de C.V.','5518','Nueva 7 6661','23-2726732-2','Valle Grande','5637','1565107664','2024-11-18T19:12:27Z','2024-11-18T19:12:27Z'),('43','Banco Regional del Pacífico  S.A.','4510','Aguas Verdes 6078','24-1024426-5','Sta. Ana','7547','1566983130','2024-11-18T19:12:27Z','2024-11-18T19:12:27Z'),('44','Unión de Crédito de Apoyo Financiero  S.A. de C.V.','7894','Videla 445','22-1923616-7','Los Molinos','5415','1567755159','2024-11-18T19:12:27Z','2024-11-18T19:12:27Z'),('45','La Nationale','6346','Virrey del Pino 143','20-6277666-8','3 de febrero','5760','1566751643','2024-11-18T19:12:27Z','2024-11-18T19:12:27Z'),('46','Unión de Crédito Agropecuaria e Industrial del Noroeste  S.A. de C.V.','2482','Col. Libertad 1411','24-7101681-3','Caballito','3363','156829006','2024-11-18T19:12:27Z','2024-11-18T19:12:27Z'),('47','Xxtra  S.A. de C.V.','3730','Col. Elisa 6154','23-1240026-7','Tolar Grande','8179','1562554905','2024-11-18T19:12:28Z','2024-11-18T19:12:28Z'),('48','Grupo Inmobiliario del Estado de Querétaro  S.A. de C.V.','7875','Capitan Gral B. O´Higgins 9821','24-2615001-8','Los Molinos','3206','1564260969','2024-11-18T19:12:28Z','2024-11-18T19:12:28Z'),('49','Unión de Crédito Industrial de Monclova  S.A. de C.V.','3985','Col. Cello 408','23-6494401-6','La Clarita','8779','1564286883','2024-11-18T19:12:28Z','2024-11-18T19:12:28Z'),('51','Fondo Nacional para los Desarrollos Portuarios Fideicomiso Público','7328','Mulas Grandes 6221','24-6891067-8','Loreto','6697','1569137261','2024-11-18T19:12:28Z','2024-11-18T19:12:28Z');

/*!40000 ALTER TABLE EnterpriseTable ENABLE KEYS */;
UNLOCK TABLES;

--
-- Table structure for table MemberTable
--

DROP TABLE IF EXISTS MemberTable;
/*!40101 SET @saved_cs_client     = @@character_set_client */;
/*!40101 SET character_set_client = utf8 */;
CREATE TABLE `MemberTable` (
  `IdMember` int NOT NULL AUTO_INCREMENT,
  `Name` varchar(100) COLLATE utf8mb4_general_ci NOT NULL,
  `LastName` varchar(50) COLLATE utf8mb4_general_ci NOT NULL,
  `DNI` varchar(50) COLLATE utf8mb4_general_ci NOT NULL,
  `Birthday` varchar(50) COLLATE utf8mb4_general_ci NOT NULL,
  `Gender` varchar(50) COLLATE utf8mb4_general_ci NOT NULL,
  `MaritalStatus` varchar(50) COLLATE utf8mb4_general_ci NOT NULL,
  `Phone` varchar(50) COLLATE utf8mb4_general_ci NOT NULL,
  `Email` varchar(50) COLLATE utf8mb4_general_ci DEFAULT NULL,
  `Address` varchar(50) COLLATE utf8mb4_general_ci NOT NULL,
  `PostalCode` varchar(10) COLLATE utf8mb4_general_ci NOT NULL,
  `District` varchar(50) COLLATE utf8mb4_general_ci NOT NULL,
  `MemberNumber` varchar(50) COLLATE utf8mb4_general_ci NOT NULL,
  `CUIL` varchar(50) COLLATE utf8mb4_general_ci NOT NULL,
  `IdEnterprise` int DEFAULT NULL,
  `Category` varchar(100) COLLATE utf8mb4_general_ci NOT NULL,
  `EntryDate` varchar(50) COLLATE utf8mb4_general_ci NOT NULL,
  `CreatedAt` timestamp NULL DEFAULT CURRENT_TIMESTAMP,
  `UpdatedAt` timestamp NULL DEFAULT CURRENT_TIMESTAMP ON UPDATE CURRENT_TIMESTAMP,
  PRIMARY KEY (`IdMember`),
  KEY `IdEnterprise` (`IdEnterprise`),
  CONSTRAINT `MemberTable_ibfk_1` FOREIGN KEY (`IdEnterprise`) REFERENCES `EnterpriseTable` (`IdEnterprise`) ON DELETE SET NULL
) ENGINE=InnoDB AUTO_INCREMENT=108 DEFAULT CHARSET=utf8mb4 COLLATE=utf8mb4_general_ci;
/*!40101 SET character_set_client = @saved_cs_client */;
--
-- Dumping data for table MemberTable
--

LOCK TABLES MemberTable WRITE;
/*!40000 ALTER TABLE MemberTable DISABLE KEYS */;

INSERT INTO MemberTable VALUES ('1','Jacinto','Duran','36351596','1991/10/14','Masculino','Soltero','1569981000','JacintoDuran91@gmail.com','Gral. Pinero 5959','6573','Pdcia. de La Plaza','8206596514','28-36351596-3','26','Nivel 5: Ayudante','2014/04/09','2024-11-18T19:12:33Z','2024-11-18T19:12:33Z'),('2','Adolfo','Guerrero','46357967','2005/11/03','Masculino','Casado','1568287058','AdolfoGuerrero05@gmail.com','Las Moscas 1672','2599','Alcira Gigena','1962082329','20-46357967-1','43','Nivel 6: Operario Act. Industrial','2024/10/01','2024-11-18T19:12:34Z','2024-11-18T19:12:34Z'),('3','Arnaldo','Mendez','27462025','1979/04/19','Masculino','Casado','1564181551','ArnaldoMendez79@gmail.com','Las Cañadas 7796','4742','Malena','8721652335','27-27462025-8','29','Nivel 3: Oficial General','1997/10/20','2024-11-18T19:12:34Z','2024-11-18T19:12:34Z'),('4','Justino','Santana','42130500','1999/11/26','Masculino','Viudo','1563601816','JustinoSantana99@gmail.com','Alto Pelado 221','1063','Almafuerte','2994429477','24-42130500-1','26','Nivel 5: Ayudante','2024/01/27','2024-11-18T19:12:34Z','2024-11-18T19:12:34Z'),('5','Justino','Morales','18124174','1966/03/07','Hombre','Divorciado','1562722449','JustinoMorales66@gmail.com','Naschel 1855','2179','Villa del Totoral','3840112036','22-18124174-5','3','Nivel 2: Oficial Especializado','1988/11/16','2024-11-18T19:12:34Z','2024-11-18T19:12:34Z'),('6','Dario','Duran','23786135','1974/02/18','Masculino','Divorciado','156380970','DarioDuran74@gmail.com','Veinticinco de Mayo 1524','2917','Laguna Blanca','5809405358','21-23786135-2','5','Nivel 3: Oficial General','1998/02/25','2024-11-18T19:12:34Z','2024-11-18T19:12:34Z'),('7','Homero','Calvo','45864860','2005/02/23','Masculino','Divorciado','1565831909','HomeroCalvo05@gmail.com','Col. Tirolesa 2347','2950','Piedras Blancas','8115429052','28-45864860-6','44','Nivel 6: Operario Act. Industrial','2024/07/19','2024-11-18T19:12:34Z','2024-11-18T19:12:34Z'),('8','Homero','Marin','20776817','1969/11/27','Hombre','Soltero','1566204418','HomeroMarin69@gmail.com','Galisteo 5645','2711','Pto. 21','1123377701','28-20776817-6','34','Nivel 2: Oficial Especializado','2014/10/04','2024-11-18T19:12:35Z','2024-11-18T19:12:35Z'),('9','Leonardo','Bravo','28925754','1981/05/09','Masculino','Soltero','1568455698','LeonardoBravo81@gmail.com','Nicanor E. Molinas 6066','3772','Ing. Sajaroff','9918233101','28-28925754-8','37','Nivel 4: Medio Oficial','2024/04/21','2024-11-18T19:12:35Z','2024-11-18T19:12:35Z'),('10','Anatolio','Garcia','9829060','1954/07/12','Masculino','Separado','1565621366','AnatolioGarcia54@gmail.com','Villa Domínico 5213','6428','Rafael Calzada','8627237884','26-9829060-6','34','Nivel 1: Oficial Múltiple','1972/09/13','2024-11-18T19:12:35Z','2024-11-18T19:12:35Z'),('11','Anatolio','Prieto','31001481','1984/04/08','Hombre','Casado','1564912567','AnatolioPrieto84@gmail.com','Villa Fiorito 4461','8844','Veintiocho De Noviembre','1231161365','22-31001481-3','21','Nivel 4: Medio Oficial','2024/01/09','2024-11-18T19:12:35Z','2024-11-18T19:12:35Z'),('12','Carlos','Cortes','30611673','1983/09/21','Masculino','Separado','1568430547','CarlosCortes83@gmail.com','Pueblo Irigoyen 312','3689','Fortín Lugones','4874151262','25-30611673-4','13','Nivel 4: Medio Oficial','2010/09/11','2024-11-18T19:12:35Z','2024-11-18T19:12:35Z'),('13','Sebastian','Carmona','38312330','1994/07/16','Masculino','Separado','1566995839','SebastianCarmona94@gmail.com','Guardia Mitre 2493','4357','Dique F. Ameghino','9629928474','27-38312330-4','48','Nivel 5: Ayudante','2023/01/20','2024-11-18T19:12:35Z','2024-11-18T19:12:35Z'),('14','Camilo','Prieto','14099406','1960/07/11','Masculino','Divorciado','1565950253','CamiloPrieto60@gmail.com','Cañada Rosquín 8682','5239','El Chaltén','7555796884','21-14099406-6','2','Nivel 1: Oficial Múltiple','2004/09/24','2024-11-18T19:12:36Z','2024-11-18T19:12:36Z'),('15','Facundo','Gomez','41300209','1998/09/26','Masculino','Divorciado','1569644481','FacundoGomez98@gmail.com','Mocoretá 5651','7886','Yerba Buena','6247034220','24-41300209-2','34','Nivel 5: Ayudante','2024/08/05','2024-11-18T19:12:36Z','2024-11-18T19:12:36Z'),('16','Facundo','Navarro','18855064','1967/03/17','Hombre','Separado','156646340','FacundoNavarro67@gmail.com','Mojones S. 4553','5495','Las Saladas','1368854885','24-18855064-6','36','Nivel 2: Oficial Especializado','1993/02/14','2024-11-18T19:12:36Z','2024-11-18T19:12:36Z'),('17','Balduino','Gil','9105966','1953/07/06','Masculino','Casado','1563375917','BalduinoGil53@gmail.com','San Antonio 6430','1941','Col. Durán','3028937330','23-9105966-4','45','Nivel 1: Oficial Múltiple','1992/11/12','2024-11-18T19:12:36Z','2024-11-18T19:12:36Z'),('18','Balduino','Flores','21390765','1970/10/08','Hombre','Separado','1568221876','BalduinoFlores70@gmail.com','Villa Tesei 6525','1118','Florentino Ameghino','6960656009','25-21390765-5','10','Nivel 2: Oficial Especializado','1999/04/05','2024-11-18T19:12:36Z','2024-11-18T19:12:36Z'),('19','Balduino','Rubio','44874748','2003/10/04','Hombre','Casado','1561942230','BalduinoRubio03@gmail.com','M. García Fernández 9110','8292','Antonio Tomás','2887072626','27-44874748-3','5','Nivel 6: Operario Act. Industrial','2024/03/24','2024-11-18T19:12:36Z','2024-11-18T19:12:36Z'),('20','Jacobo','Diez','46324834','2005/10/17','Masculino','Casado','1563910647','JacoboDiez05@gmail.com','Ycho Cruz Sierras 482','2944','Rosario del Saladillo','1060077629','25-46324834-8','42','Nivel 6: Operario Act. Industrial','2024/01/07','2024-11-18T19:12:37Z','2024-11-18T19:12:37Z'),('21','Jacobo','Ruiz','34620849','1989/05/09','Hombre','Soltero','1563861803','JacoboRuiz89@gmail.com','F. Ameghino 5533','2724','Margarita','535198217','23-34620849-5','12','Nivel 4: Medio Oficial','2008/11/29','2024-11-18T19:12:37Z','2024-11-18T19:12:37Z'),('22','Abel','Martinez','11953513','1957/07/06','Masculino','Soltero','1566380006','AbelMartinez57@gmail.com','Choele Choel 9976','7639','La Paquita','6016875432','26-11953513-1','41','Nivel 1: Oficial Múltiple','1977/10/18','2024-11-18T19:12:37Z','2024-11-18T19:12:37Z'),('23','Leonardo','Carrasco','34488314','1989/03/02','Masculino','Casado','1562452604','LeonardoCarrasco89@gmail.com','Las Breñas 8547','5202','Villa Quillinzo','1446385645','21-34488314-8','23','Nivel 4: Medio Oficial','2023/07/22','2024-11-18T19:12:37Z','2024-11-18T19:12:37Z'),('24','Antero','Ruiz','14701660','1961/05/16','Masculino','Viudo','1565160624','AnteroRuiz61@gmail.com','Guillermo Enrique Hudson 9761','2424','Fachinal','5149625621','25-14701660-7','16','Nivel 2: Oficial Especializado','2002/05/27','2024-11-18T19:12:37Z','2024-11-18T19:12:37Z'),('25','Antero','Cabrera','18562708','1966/10/18','Hombre','Divorciado','1562452332','AnteroCabrera66@gmail.com','Zárate 6900','8574','Peyrano','9239710163','27-18562708-6','12','Nivel 2: Oficial Especializado','2004/09/04','2024-11-18T19:12:37Z','2024-11-18T19:12:37Z'),('26','Antero','Navarro','30964449','1984/03/20','Hombre','Separado','1562366927','AnteroNavarro84@gmail.com','Gral. Mosconi 8709','6516','Dorrego','3032763767','20-30964449-7','10','Nivel 4: Medio Oficial','2014/04/04','2024-11-18T19:12:38Z','2024-11-18T19:12:38Z'),('27','Salomon','Herrero','24020020','1974/06/18','Masculino','Separado','156464698','SalomonHerrero74@gmail.com','Cosquín 5163','5637','San Rafael','6329333447','26-24020020-5','18','Nivel 3: Oficial General','2015/04/23','2024-11-18T19:12:38Z','2024-11-18T19:12:38Z'),('28','Salomon','Esteban','19467063','1968/01/25','Hombre','Casado','156200303','SalomonEsteban68@gmail.com','Tartagal 5175','7104','Hualfín','9718494649','28-19467063-4','16','Nivel 2: Oficial Especializado','2003/02/11','2024-11-18T19:12:38Z','2024-11-18T19:12:38Z'),('29','Salomon','Alvarez','13590707','1959/10/24','Hombre','Casado','1567095043','SalomonAlvarez59@gmail.com','Gaboto 4797','7734','Rincón del Cinto','46541055601','24-13590707-11','43','Nivel 3: Oficial General','1985/11/21','2024-11-18T19:12:38Z','2024-11-30T14:53:15Z'),('30','Norberto','Guerrero','33287705','1987/06/25','Masculino','Soltero','1563208589','NorbertoGuerrero87@gmail.com','El Brete 1368','3917','Empalme Villa Constitucion','1427793282','23-33287705-3','34','Nivel 4: Medio Oficial','2019/05/04','2024-11-18T19:12:38Z','2024-11-18T19:12:38Z'),('31','Jorge','Gimenez','7846886','1951/09/29','Masculino','Divorciado','1562613579','JorgeGimenez51@gmail.com','Capital 4681','7295','11 de Septiembre','6980162917','22-7846886-1','1','Nivel 1: Oficial Múltiple','1998/10/09','2024-11-18T19:12:38Z','2024-11-18T19:12:38Z'),('32','Jorge','Bravo','28134443','1980/03/29','Hombre','Soltero','1561041656','JorgeBravo80@gmail.com','Estancia Racedo 7830','5923','Piedras Blancas','9446079626','26-28134443-2','31','Nivel 3: Oficial General','1999/04/19','2024-11-18T19:12:39Z','2024-11-18T19:12:39Z'),('33','Leon','Cabrera','37291033','1993/02/07','Masculino','Soltero','1566080219','LeonCabrera93@gmail.com','Las Saladas 9697','3790','Campo Grande','3224505322','26-37291033-3','38','Nivel 5: Ayudante','2019/11/21','2024-11-18T19:12:39Z','2024-11-18T19:12:39Z'),('34','Leon','Delgado','46075357','2005/06/11','Hombre','Divorciado','1562712515','LeonDelgado05@gmail.com','Roque Pérez 5996','8461','Gualeguaychú','7318149451','22-46075357-1','33','Nivel 6: Operario Act. Industrial','2024/06/07','2024-11-18T19:12:39Z','2024-11-18T19:12:39Z'),('35','Leon','Garcia','12680505','1958/07/14','Hombre','Separado','1569456841','LeonGarcia58@gmail.com','Margarita Belén 1073','4563','Monte Quemado','9105353939','27-12680505-4','3','Nivel 1: Oficial Múltiple','1995/11/24','2024-11-18T19:12:39Z','2024-11-18T19:12:39Z'),('36','Leon','Ramos','11388292','1956/09/19','Hombre','Viudo','1564239821','LeonRamos56@gmail.com','Chacarita 920','5433','Arroyo Algodon','7454783779','27-11388292-4','31','Nivel 1: Oficial Múltiple','2001/07/23','2024-11-18T19:12:39Z','2024-11-18T19:12:39Z'),('37','Godofredo','Garcia','45118378','2004/02/06','Masculino','Viudo','1565871732','GodofredoGarcia04@gmail.com','Chacras de Coria 6600','1937','Monigotes','5032530640','28-45118378-6','28','Nivel 6: Operario Act. Industrial','2024/01/08','2024-11-18T19:12:39Z','2024-11-18T19:12:39Z'),('38','Ezequiel','Delgado','44366049','2003/01/16','Masculino','Viudo','1563437384','EzequielDelgado03@gmail.com','La Camila 9725','6436','Unión','8821596396','24-44366049-1','21','Nivel 6: Operario Act. Industrial','2024/09/13','2024-11-18T19:12:40Z','2024-11-18T19:12:40Z'),('39','Ezequiel','Herrero','6897704','1950/05/30','Hombre','Soltero','1566098720','EzequielHerrero50@gmail.com','Speluzzi 1979','7842','Conhelo','2914322858','25-6897704-5','7','Nivel 1: Oficial Múltiple','1994/02/23','2024-11-18T19:12:40Z','2024-11-18T19:12:40Z'),('40','Ezequiel','Gallardo','40087906','1997/01/12','Hombre','Casado','1566445848','EzequielGallardo97@gmail.com','Mainqué 490','2712','Los Núñez','9712478562','25-40087906-1','36','Nivel 5: Ayudante','2023/10/17','2024-11-18T19:12:40Z','2024-11-18T19:12:40Z'),('41','Nazario','Lorenzo','23367092','1973/07/18','Masculino','Soltero','1564589006','NazarioLorenzo73@gmail.com','Gral. Galarza 3534','5823','Viamonte','5450163146','22-23367092-7','48','Nivel 3: Oficial General','2019/10/14','2024-11-18T19:12:40Z','2024-11-18T19:12:40Z'),('43','Cirilo','Cruz','9645850','1954/04/09','Masculino','Casado','1561973718','CiriloCruz54@gmail.com','Vila 892','8997','Tricao Malal','4853151378','26-9645850-7','41','Nivel 1: Oficial Múltiple','1978/02/22','2024-11-18T19:12:40Z','2024-11-18T19:12:40Z'),('44','Cirilo','Ortega','18270352','1966/05/21','Hombre','Casado','1566631680','CiriloOrtega66@gmail.com','Eusebia 8058','5644','Don Bosco','2562650581','25-18270352-5','24','Nivel 2: Oficial Especializado','2012/03/21','2024-11-18T19:12:41Z','2024-11-18T19:12:41Z'),('45','Jonas','Cabrera','37784140','1993/10/18','Masculino','Viudo','1561553464','JonasCabrera93@gmail.com','Cerro Corá 1392','1989','Llambi Campbell','3794501916','20-37784140-3','12','Nivel 5: Ayudante','2024/02/27','2024-11-18T19:12:41Z','2024-11-18T19:12:41Z'),('46','Jonas','Santiago','43062141','2001/03/18','Hombre','Divorciado','1567101174','JonasSantiago01@gmail.com','Hersilia 8457','1218','Aldea Protestante','9073062433','27-43062141-1','13','Nivel 6: Operario Act. Industrial','2024/09/25','2024-11-18T19:12:41Z','2024-11-18T19:12:41Z'),('47','Jacobo','Gallardo','6726188','1950/03/03','Masculino','Soltero','1569952225','JacoboGallardo50@gmail.com','Ciervo Petiso 8351','5837','La Cocha','277526323','26-6726188-7','26','Nivel 1: Oficial Múltiple','1969/09/06','2024-11-18T19:12:41Z','2024-11-18T19:12:41Z'),('48','Jacobo','Marin','26200996','1977/07/11','Hombre','Viudo','1561238164','JacoboMarin77@gmail.com','Sunchales 6079','7314','Gral. Fotheringham','2209768655','20-26200996-7','12','Nivel 3: Oficial General','1999/02/25','2024-11-18T19:12:41Z','2024-11-18T19:12:41Z'),('49','Jacobo','Perez','22314610','1972/01/25','Hombre','Casado','1563272264','JacoboPerez72@gmail.com','Funes 9821','4898','Gral. Conesa','5170290277','24-22314610-4','40','Nivel 3: Oficial General','2012/07/09','2024-11-18T19:12:41Z','2024-11-18T19:12:41Z'),('50','Jacobo','Molina','29611816','1982/04/26','Hombre','Casado','1564271838','JacoboMolina82@gmail.com','Luis Beltrán 3745','7570','Villa Ana','7662672933','27-29611816-3','36','Nivel 4: Medio Oficial','2009/11/03','2024-11-18T19:12:41Z','2024-11-18T19:12:41Z'),('51','Jacobo','Pascual','18899892','1967/04/09','Hombre','Divorciado','1568544651','JacoboPascual67@gmail.com','Portugalete 8524','1191','Rosario de La Frontera','8346710650','20-18899892-4','8','Nivel 2: Oficial Especializado','1989/06/10','2024-11-18T19:12:42Z','2024-11-18T19:12:42Z'),('52','Jacobo','Ferrer','33451425','1987/09/17','Hombre','Soltero','1562751079','JacoboFerrer87@gmail.com','Tres Lagunas 1297','5267','Estación Campos','5581078328','28-33451425-5','27','Nivel 4: Medio Oficial','2024/06/11','2024-11-18T19:12:42Z','2024-11-18T19:12:42Z'),('53','Jacobo','Hernandez','25961264','1977/03/10','Hombre','Viudo','1566083230','JacoboHernandez77@gmail.com','Carlos Casares 8922','2589','Chicoana','8118748850','24-25961264-8','24','Nivel 3: Oficial General','2014/08/05','2024-11-18T19:12:42Z','2024-11-18T19:12:42Z'),('54','Julia','Parra','42717161','2000/09/22','Masculino','Soltero','1568847465','JuliaParra00@gmail.com','Boedo 1356','6390','Yaminué','8353374622','21-42717161-1','39','Nivel 5: Ayudante','2021/10/21','2024-11-18T19:12:42Z','2024-11-18T19:12:42Z'),('55','Lourdes','Lozano','31685594','1985/03/25','Masculino','Soltero','156585214','LourdesLozano85@gmail.com','Las Arrias 6971','1992','Anisacate','7131336788','22-31685594-7','35','Nivel 4: Medio Oficial','2024/07/06','2024-11-18T19:12:42Z','2024-11-18T19:12:42Z'),('56','Adon','Cruz','17584290','1965/06/03','Masculino','Soltero','1562728054','AdonCruz65@gmail.com','Las Coloradas 5344','6855','Montoya','67575175','28-17584290-7','6','Nivel 2: Oficial Especializado','1999/09/07','2024-11-18T19:12:43Z','2024-11-18T19:12:43Z'),('57','Esdras','Crespo','14368374','1960/11/26','Masculino','Divorciado','1567782587','EsdrasCrespo60@gmail.com','Los Bulacio 4156','4857','Granadero Baigorria','5269164432','27-14368374-2','40','Nivel 1: Oficial Múltiple','2003/10/08','2024-11-18T19:12:43Z','2024-11-18T19:12:43Z'),('58','Jorge','Santana','28095463','1980/03/09','Masculino','Separado','1565093667','JorgeSantana80@gmail.com','Daireaux 421','4240','La Higuera','4394506431','27-28095463-2','48','Nivel 3: Oficial General','2011/02/22','2024-11-18T19:12:43Z','2024-11-18T19:12:43Z'),('59','Jorge','Ferrer','12130876','1957/10/05','Hombre','Casado','1568345809','JorgeFerrer57@gmail.com','Villa Cerro Azul 7474','7810','Villa Amancay','9494314946','27-12130876-3','7','Nivel 1: Oficial Múltiple','2000/08/19','2024-11-18T19:12:43Z','2024-11-18T19:12:43Z'),('60','Probo','Ramos','41730946','1999/05/05','Masculino','Casado','1569618317','ProboRamos99@gmail.com','Distrito Sauce 4536','3348','Tecka','2730151917','23-41730946-1','43','Nivel 5: Ayudante','2024/06/30','2024-11-18T19:12:43Z','2024-11-18T19:12:43Z'),('61','Marcial','Vidal','45102786','2004/01/29','Masculino','Divorciado','1566966938','MarcialVidal04@gmail.com','Maquinista Gallini 1230','6710','San Pedro','5514213193','27-45102786-6','5','Nivel 6: Operario Act. Industrial','2024/03/15','2024-11-18T19:12:43Z','2024-11-18T19:14:53Z'),('62','Marcial','Guerrero','15342894','1962/04/10','Hombre','Viudo','1568898260','MarcialGuerrero62@gmail.com','San Francisco 3567','6775','Los Núñez','4305069133','27-15342894-1','19','Nivel 2: Oficial Especializado','2001/05/04','2024-11-18T19:12:44Z','2024-11-18T19:12:44Z'),('63','Marcial','Montoro','13791458','1960/02/04','Hombre','Soltero','1566432255','MarcialMontoro60@gmail.com','Pdcia. Roque Sáenz Peña 5924','5652','Gral. Levalle','7479346310','25-13791458-1','18','Nivel 1: Oficial Múltiple','2007/08/12','2024-11-18T19:12:44Z','2024-11-18T19:12:44Z'),('64','Marcial','Pascual','29941203','1982/10/12','Hombre','Viudo','1565398687','MarcialPascual82@gmail.com','Tabossi 4679','7727','Cosquín','3760122006','21-29941203-4','40','Nivel 4: Medio Oficial','2007/10/25','2024-11-18T19:12:44Z','2024-11-18T19:12:44Z'),('65','Porfirio','Diez','43777438','2002/03/20','Masculino','Divorciado','1567254230','PorfirioDiez02@gmail.com','Ma. Susana 6222','6762','Berazategui','6579455689','22-43777438-1','7','Nivel 6: Operario Act. Industrial','2024/07/24','2024-11-18T19:12:44Z','2024-11-18T19:12:44Z'),('66','Alberto','Mora','27434738','1979/04/05','Masculino','Soltero','1561927357','AlbertoMora79@gmail.com','El Huecú 3984','4779','Villa Devoto','326880084','28-27434738-7','6','Nivel 3: Oficial General','2017/04/07','2024-11-18T19:12:44Z','2024-11-18T19:12:44Z'),('67','Columbano','Rodriguez','16600025','1964/01/15','Masculino','Separado','1569686125','ColumbanoRodriguez64@gmail.com','Los Cisnes 3657','4091','Ledesma','6989678820','26-16600025-2','49','Nivel 2: Oficial Especializado','2005/07/23','2024-11-18T19:12:44Z','2024-11-18T19:12:44Z'),('68','Toribio','Hernandez','29177180','1981/09/15','Masculino','Divorciado','1566738905','ToribioHernandez81@gmail.com','Saladillo 3792','2162','Lucila del Mar','2188714248','23-29177180-3','15','Nivel 4: Medio Oficial','2010/08/22','2024-11-18T19:12:45Z','2024-11-18T19:12:45Z'),('69','Amparo','Morales','14758182','1961/06/14','Masculino','Viudo','1566790413','AmparoMorales61@gmail.com','Conscripto Bernardi 104','7891','Capivara','7479879143','27-14758182-3','9','Nivel 2: Oficial Especializado','2000/10/28','2024-11-18T19:12:45Z','2024-11-18T19:12:45Z'),('70','Amparo','Martin','41717303','1999/04/28','Hombre','Viudo','1565106733','AmparoMartin99@gmail.com','Chuña Huasi 6226','2424','Villa de Pocho','7192131715','26-41717303-4','38','Nivel 5: Ayudante','2024/06/12','2024-11-18T19:12:45Z','2024-11-18T19:12:45Z'),('71','Amparo','Fuentes','42929606','2001/01/09','Hombre','Divorciado','156548620','AmparoFuentes01@gmail.com','San Miguel de 25 574','3555','Ambul','7606270907','28-42929606-3','38','Nivel 6: Operario Act. Industrial','2024/11/24','2024-11-18T19:12:45Z','2024-11-18T19:12:45Z'),('72','Amparo','Nieto','23530811','1973/10/10','Hombre','Divorciado','1569570017','AmparoNieto73@gmail.com','Gral. Pizarro 4764','6241','Capioví','3081274101','22-23530811-7','33','Nivel 3: Oficial General','2001/11/22','2024-11-18T19:12:45Z','2024-11-18T19:12:45Z'),('73','Amparo','Velasco','28769830','1981/02/18','Hombre','Soltero','1563381483','AmparoVelasco81@gmail.com','Seguí 5765','6277','Tres Cruces','2517723430','28-28769830-7','44','Nivel 4: Medio Oficial','2005/04/23','2024-11-18T19:12:45Z','2024-11-18T19:12:45Z'),('74','Cesareo','Blesa','41251483','1998/09/01','Masculino','Separado','1566170088','CesareoBlesa98@gmail.com','Obispo Trejo 8814','4513','San Roque','4840218920','22-41251483-5','11','Nivel 5: Ayudante','2022/08/10','2024-11-18T19:12:46Z','2024-11-18T19:12:46Z'),('75','Cesareo','Vargas','6944481','1950/06/23','Hombre','Soltero','1562994183','CesareoVargas50@gmail.com','Villa Gral. Güemes 2590','7161','Rawson','5547763810','21-6944481-5','42','Nivel 1: Oficial Múltiple','1974/08/06','2024-11-18T19:12:46Z','2024-11-18T19:12:46Z'),('76','Arcadio','Parra','37700332','1993/09/05','Masculino','Viudo','1564621303','ArcadioParra93@gmail.com','Malargüe 8445','2070','Peyrano','3574682527','23-37700332-1','35','Nivel 5: Ayudante','2012/04/01','2024-11-18T19:12:46Z','2024-11-18T19:12:46Z'),('77','Julio','Lorenzo','27261273','1979/01/06','Masculino','Separado','1566201374','JulioLorenzo79@gmail.com','Chimpay 9208','5689','San Carlos Minas','8734232066','25-27261273-4','42','Nivel 3: Oficial General','1999/02/01','2024-11-18T19:12:46Z','2024-11-18T19:12:46Z'),('78','Julio','Morales','7001003','1950/07/22','Hombre','Viudo','156187613','JulioMorales50@gmail.com','Gastone 7956','3324','Castro Barros','9825604088','27-7001003-2','6','Nivel 1: Oficial Múltiple','1982/11/21','2024-11-18T19:12:46Z','2024-11-18T19:12:46Z'),('79','Julio','Ferrer','25382399','1976/05/17','Hombre','Separado','1569061296','JulioFerrer76@gmail.com','Buchardo 7729','3174','Termas de Rio Hondo','679519486','26-25382399-8','20','Nivel 3: Oficial General','2006/10/16','2024-11-18T19:12:46Z','2024-11-18T19:12:46Z'),('80','Salvador','Soto','29621561','1982/05/01','Masculino','Viudo','1564192654','SalvadorSoto82@gmail.com','Zonda 916','5034','Bouquet','8150068811','28-29621561-3','5','Nivel 4: Medio Oficial','2021/08/13','2024-11-18T19:12:47Z','2024-11-18T19:12:47Z'),('81','Salvador','Gonzalez','45609536','2004/10/15','Hombre','Divorciado','1564247745','SalvadorGonzalez04@gmail.com','Pila 5739','5684','Federal','4032054700','28-45609536-5','9','Nivel 6: Operario Act. Industrial','2024/10/04','2024-11-18T19:12:47Z','2024-11-18T19:12:47Z'),('82','Salvador','Flores','32720535','1986/09/07','Hombre','Viudo','1567745394','SalvadorFlores86@gmail.com','Villa Minetti 3560','1315','Lavalle','8953622189','26-32720535-3','41','Nivel 4: Medio Oficial','2021/10/23','2024-11-18T19:12:47Z','2024-11-18T19:12:47Z'),('83','Melchor','Montero','39776059','1996/08/05','Masculino','Separado','1567486267','MelchorMontero96@gmail.com','Cerro Azul 6079','8926','Casa Grande','1330339922','24-39776059-8','34','Nivel 5: Ayudante','2024/04/28','2024-11-18T19:12:47Z','2024-11-18T19:12:47Z'),('84','Melchor','Guerrero','13861624','1960/03/11','Hombre','Soltero','1561532807','MelchorGuerrero60@gmail.com','Centeno 4145','4820','Carapachay','3654988005','26-13861624-5','18','Nivel 1: Oficial Múltiple','2007/08/15','2024-11-18T19:12:47Z','2024-11-18T19:12:47Z'),('85','Melchor','Lopez','26733084','1978/04/10','Hombre','Casado','1563495484','MelchorLopez78@gmail.com','Escaba 8948','8545','Jesús María','1755486288','25-26733084-7','43','Nivel 3: Oficial General','2000/01/28','2024-11-18T19:12:47Z','2024-11-18T19:12:47Z'),('86','Melchor','Rey','34080964','1988/08/05','Hombre','Separado','1561738777','MelchorRey88@gmail.com','Pampa Almirón 307','1080','Jovita','7775830973','21-34080964-7','23','Nivel 4: Medio Oficial','2020/04/21','2024-11-18T19:12:48Z','2024-11-18T19:12:48Z'),('87','Santiago','Ramirez','30128311','1983/01/16','Masculino','Separado','1569367077','SantiagoRamirez83@gmail.com','J. de San Martín 7642','2289','Taboada','4356134594','21-30128311-3','23','Nivel 4: Medio Oficial','2024/11/25','2024-11-18T19:12:48Z','2024-11-18T19:12:48Z'),('88','Santiago','Vega','41984322','1999/09/12','Hombre','Separado','1569361564','SantiagoVega99@gmail.com','Estación Campos 4376','5828','María Grande','607183341','20-41984322-4','33','Nivel 5: Ayudante','2024/10/04','2024-11-18T19:12:48Z','2024-11-18T19:12:48Z'),('89','Elias','Garrido','9028004','1953/05/27','Masculino','Divorciado','1561499265','EliasGarrido53@gmail.com','Tordillo 1376','7472','Las Albahacas','6473842616','24-9028004-4','18','Nivel 1: Oficial Múltiple','1989/04/28','2024-11-18T19:12:48Z','2024-11-18T19:12:48Z'),('90','Elias','Velasco','33541080','1987/11/02','Hombre','Soltero','1562043281','EliasVelasco87@gmail.com','Coronel Hilario Lagos 7078','7792','Saavedra','4120904196','28-33541080-1','29','Nivel 4: Medio Oficial','2008/03/08','2024-11-18T19:12:48Z','2024-11-18T19:12:48Z'),('91','Adolfo','Ferrer','10480039','1955/06/11','Masculino','Separado','1566341323','AdolfoFerrer55@gmail.com','Altos de Chipion 7457','5338','Chacabuco','5738926911','25-10480039-8','34','Nivel 1: Oficial Múltiple','1976/01/19','2024-11-18T19:12:48Z','2024-11-18T19:12:48Z'),('92','Gerardo','Lozano','36914869','1992/07/29','Masculino','Divorciado','156822608','GerardoLozano92@gmail.com','Villa Martelli 3535','3465','Basail','9867032444','22-36914869-5','36','Nivel 5: Ayudante','2024/11/09','2024-11-18T19:12:49Z','2024-11-18T19:12:49Z'),('93','Aurelio','Leon','40319842','1997/05/11','Masculino','Casado','156216983','AurelioLeon97@gmail.com','Villa Mirasol 7309','6087','Sargento Cabral','9433180119','27-40319842-2','46','Nivel 5: Ayudante','2024/10/22','2024-11-18T19:12:49Z','2024-11-18T19:12:49Z'),('94','Rosendo','Flores','34959981','1989/10/30','Masculino','Viudo','1562034070','RosendoFlores89@gmail.com','4 927','8569','Assunta','7804451988','20-34959981-2','14','Nivel 4: Medio Oficial','2024/07/10','2024-11-18T19:12:49Z','2024-11-18T19:12:49Z'),('95','Rosendo','Gimenez','9357392','1953/11/12','Hombre','Casado','156198346','RosendoGimenez53@gmail.com','Lomas del Millón 419','4242','San Genaro','4926844178','22-9357392-6','49','Nivel 1: Oficial Múltiple','1994/10/20','2024-11-18T19:12:49Z','2024-11-18T19:12:49Z'),('96','Rosendo','Carmona','19071407','1967/07/06','Hombre','Casado','156424249','RosendoCarmona67@gmail.com','Nueva Francia 7206','3419','Siete Palmas','9877139830','23-19071407-1','14','Nivel 2: Oficial Especializado','1993/08/10','2024-11-18T19:12:49Z','2024-11-18T19:12:49Z'),('97','Rosendo','Lozano','41719252','1999/04/29','Hombre','Divorciado','1568730944','RosendoLozano99@gmail.com','San José De Metán 129','6113','Wenceslao Escalante','9262253836','28-41719252-1','46','Nivel 5: Ayudante','2019/08/14','2024-11-18T19:12:49Z','2024-11-18T19:12:49Z'),('98','Rosendo','Carrasco','43313567','2001/07/25','Hombre','Soltero','1566023378','RosendoCarrasco01@gmail.com','Cañuelas 9818','6546','Paraná','6682697898','27-43313567-8','8','Nivel 6: Operario Act. Industrial','2024/01/27','2024-11-18T19:12:50Z','2024-11-18T19:12:50Z'),('99','Cleofas','Moreno','22618660','1972/06/29','Masculino','Divorciado','1569283426','CleofasMoreno72@gmail.com','La Caldera 2365','1036','Aristóbulo Del Valle','2586893896','28-22618660-7','22','Nivel 3: Oficial General','2016/11/11','2024-11-18T19:12:50Z','2024-11-18T19:12:50Z'),('100','Jacob','Molina','34053678','1988/07/22','Masculino','Divorciado','1567036712','JacobMolina88@gmail.com','Puelén 7659','3135','Luis Guillón','770826032','22-34053678-3','7','Nivel 4: Medio Oficial','2024/05/07','2024-11-18T19:12:50Z','2024-11-18T19:12:50Z'),('102','dsads','asdads','12321212','2005/01/25','Femenino','Soltero','123123123123','lucaasd@gmail.com','asdasdads','1234','asdasdasds','123123123','20-87897888-8','14','Nivel 3: Oficial General','1987/05/25','2024-11-27T17:23:40Z','2024-11-27T17:23:40Z'),('103','hhola','bbb','12312324','1973/02/27','Masculino','Soltero','123123','','asdasd','1234','asdda','123123','12312313','28','Nivel 2: Oficial Especializado','1920/08/11','2024-11-27T17:27:26Z','2024-11-27T17:29:35Z'),('106','Luca','ASD','12312312','1973/02/27','Masculino','Soltero','17858516546','lucaasd@gmail.com','asdasd','1234','asd65das56','56465465465','20-87897888-8','27','Nivel 2: Oficial Especializado','1987/05/25','2024-11-27T17:34:37Z','2024-11-27T17:34:37Z'),('107','hola','asdasd','123123','2005/01/25','Masculino','Casado','17858516546','lucaasd@gmail.com','asdasd','1234','54545','56465465465','20-87897888-8','28','Nivel 1: Oficial Múltiple','1920/08/11','2024-11-27T17:55:55Z','2024-11-27T17:56:23Z');

/*!40000 ALTER TABLE MemberTable ENABLE KEYS */;
UNLOCK TABLES;

--
-- Table structure for table ParentTable
--

DROP TABLE IF EXISTS ParentTable;
/*!40101 SET @saved_cs_client     = @@character_set_client */;
/*!40101 SET character_set_client = utf8 */;
CREATE TABLE `ParentTable` (
  `IdParent` int NOT NULL AUTO_INCREMENT,
  `Name` varchar(50) COLLATE utf8mb4_general_ci NOT NULL,
  `LastName` varchar(50) COLLATE utf8mb4_general_ci NOT NULL,
  `Rel` varchar(50) COLLATE utf8mb4_general_ci NOT NULL,
  `Birthday` varchar(50) COLLATE utf8mb4_general_ci NOT NULL,
  `Gender` varchar(50) COLLATE utf8mb4_general_ci NOT NULL,
  `CUIL` varchar(50) COLLATE utf8mb4_general_ci NOT NULL,
  `IdMember` int NOT NULL,
  `CreatedAt` timestamp NULL DEFAULT CURRENT_TIMESTAMP,
  `UpdatedAt` timestamp NULL DEFAULT CURRENT_TIMESTAMP ON UPDATE CURRENT_TIMESTAMP,
  PRIMARY KEY (`IdParent`),
  KEY `IdMember` (`IdMember`),
  CONSTRAINT `ParentTable_ibfk_1` FOREIGN KEY (`IdMember`) REFERENCES `MemberTable` (`IdMember`) ON DELETE CASCADE
) ENGINE=InnoDB AUTO_INCREMENT=1005 DEFAULT CHARSET=utf8mb4 COLLATE=utf8mb4_general_ci;
/*!40101 SET character_set_client = @saved_cs_client */;
--
-- Dumping data for table ParentTable
--

LOCK TABLES ParentTable WRITE;
/*!40000 ALTER TABLE ParentTable DISABLE KEYS */;

INSERT INTO ParentTable VALUES ('1','Jordi','Lozano','Hijo','2021/06/18','Masculino','25-57479190-6','97','2024-11-19T13:47:56Z','2024-11-19T13:47:56Z'),('2','Concepcion','Santana','Hija','2019/10/01','Femenino','26-56259091-5','4','2024-11-19T13:47:56Z','2024-11-19T13:47:56Z'),('3','Dorotea','Hernandez','Hija','2009/09/29','Femenino','25-49137298-6','68','2024-11-19T13:47:56Z','2024-11-19T13:47:56Z'),('4','Marta','Duran','Hija','2011/11/12','Femenino','20-50645855-5','1','2024-11-19T13:47:56Z','2024-11-19T13:47:56Z'),('5','Urbano','Ferrer','Hijo','2005/09/26','Masculino','20-46283904-4','79','2024-11-19T13:47:56Z','2024-11-19T13:47:56Z'),('6','Dorotea','Vega','Hija','2019/06/25','Femenino','28-56068085-4','88','2024-11-19T13:47:56Z','2024-11-19T13:47:56Z'),('7','Celina','Navarro','Hija','2009/07/29','Femenino','24-49016458-7','26','2024-11-19T13:47:57Z','2024-11-19T13:47:57Z'),('8','Aresio','Gallardo','Hijo','2019/10/16','Masculino','28-56288326-1','40','2024-11-19T13:47:57Z','2024-11-19T13:47:57Z'),('9','Tania','Guerrero','Hija','2023/07/17','Femenino','23-58958511-2','2','2024-11-19T13:47:57Z','2024-11-19T13:47:57Z'),('10','Rosalia','Herrero','Hija','2000/07/09','Femenino','20-42570983-4','27','2024-11-19T13:47:57Z','2024-11-19T13:47:57Z'),('11','Odon','Navarro','Hijo','2022/09/18','Masculino','20-58369901-7','26','2024-11-19T13:47:57Z','2024-11-19T13:47:57Z'),('12','Antero','Ferrer','Hijo','2007/07/01','Masculino','22-47537137-3','52','2024-11-19T13:47:57Z','2024-11-19T13:47:57Z'),('13','Macario','Hernandez','Hijo','2013/08/06','Masculino','23-51879598-6','68','2024-11-19T13:47:58Z','2024-11-19T13:47:58Z'),('14','Ariadna','Parra','Hija','2020/03/05','Femenino','22-56563141-7','54','2024-11-19T13:47:58Z','2024-11-19T13:47:58Z'),('15','Federico','Santana','Hijo','2007/11/23','Masculino','26-47819747-3','58','2024-11-19T13:47:58Z','2024-11-19T13:47:58Z'),('16','Celina','Mendez','Hija','2016/05/02','Femenino','26-53828638-2','3','2024-11-19T13:47:58Z','2024-11-19T13:47:58Z'),('17','Patricia','Fuentes','Hija','2021/03/01','Femenino','21-57266744-6','71','2024-11-19T13:47:58Z','2024-11-19T13:47:58Z'),('18','Nuria','Carrasco','Hija','2016/05/04','Femenino','22-53832536-1','23','2024-11-19T13:47:58Z','2024-11-19T13:47:58Z'),('19','Jonathan','Diez','Hijo','2023/01/04','Masculino','22-58580397-2','20','2024-11-19T13:47:58Z','2024-11-19T13:47:58Z'),('20','Teodora','Mora','Hijo','2000/06/26','Masculino','26-42545645-6','66','2024-11-19T13:47:59Z','2024-11-19T13:47:59Z'),('21','Cristian','Santana','Hijo','2017/09/05','Masculino','23-54785616-4','58','2024-11-19T13:47:59Z','2024-11-19T13:47:59Z'),('22','Fulgencio','Santana','Hijo','2000/05/30','Masculino','26-42493021-6','58','2024-11-19T13:47:59Z','2024-11-19T13:47:59Z'),('23','Marina','Gallardo','Hija','2017/08/04','Femenino','24-54723247-5','40','2024-11-19T13:47:59Z','2024-11-19T13:47:59Z'),('24','Adalberto','Rubio','Hijo','2023/06/01','Masculino','24-58868855-8','19','2024-11-19T13:47:59Z','2024-11-19T13:47:59Z'),('25','Borja','Santana','Hija','2019/03/06','Femenino','21-55851741-4','4','2024-11-19T13:47:59Z','2024-11-19T13:47:59Z'),('26','Victoria','Guerrero','Hija','2022/11/28','Femenino','26-58508283-5','30','2024-11-19T13:48:00Z','2024-11-19T13:48:00Z'),('27','Lucas','Ferrer','Hijo','2016/01/21','Masculino','24-53629836-8','79','2024-11-19T13:48:00Z','2024-11-19T13:48:00Z'),('28','Claudia','Gomez','Hija','2018/06/22','Femenino','21-55350838-6','15','2024-11-19T13:48:00Z','2024-11-19T13:48:00Z'),('29','Angela','Leon','Hija','2017/05/26','Femenino','27-54586814-5','93','2024-11-19T13:48:00Z','2024-11-19T13:48:00Z'),('31','Efren','Rey','Hijo','2018/01/22','Masculino','26-55056533-3','86','2024-11-19T13:48:01Z','2024-11-19T13:48:01Z'),('32','Carmen','Carmona','Hija','2021/06/20','Femenino','23-57483088-1','13','2024-11-19T13:48:01Z','2024-11-19T13:48:01Z'),('33','Teresa','Ferrer','Hija','2005/05/14','Femenino','27-46020784-7','79','2024-11-19T13:48:01Z','2024-11-19T13:48:01Z'),('34','Aaron','Hernandez','Hijo','2015/01/27','Masculino','25-52930130-8','68','2024-11-19T13:48:01Z','2024-11-19T13:48:01Z'),('35','Lino','Ramirez','Hijo','2019/08/17','Masculino','28-56171384-5','87','2024-11-19T13:48:01Z','2024-11-19T13:48:01Z'),('36','Adalberto','Diez','Hijo','2023/11/03','Masculino','20-59170956-5','20','2024-11-19T13:48:01Z','2024-11-19T13:48:01Z'),('37','Tania','Rey','Hija','2012/10/02','Femenino','22-51279293-4','86','2024-11-19T13:48:02Z','2024-11-19T13:48:02Z'),('38','Ana','Leon','Hija','2017/11/25','Femenino','23-54943489-6','93','2024-11-19T13:48:02Z','2024-11-19T13:48:02Z'),('39','Dorotea','Ruiz','Hija','2009/07/30','Femenino','25-49018407-7','21','2024-11-19T13:48:02Z','2024-11-19T13:48:02Z'),('40','Beatriz','Bravo','Hija','2004/10/07','Femenino','24-45593944-7','32','2024-11-19T13:48:02Z','2024-11-19T13:48:02Z'),('41','Joaquim','Lozano','Hijo','2022/11/06','Masculino','23-58465404-4','55','2024-11-19T13:48:02Z','2024-11-19T13:48:02Z'),('42','Esperanza','Navarro','Hija','2004/04/29','Femenino','26-45280148-2','26','2024-11-19T13:48:02Z','2024-11-19T13:48:02Z'),('43','Cecilia','Gallardo','Hija','2017/02/15','Femenino','24-54391910-1','40','2024-11-19T13:48:02Z','2024-11-19T13:48:02Z'),('44','Ricardo','Mendez','Hijo','2014/01/27','Masculino','21-52218731-7','3','2024-11-19T13:48:03Z','2024-11-19T13:48:03Z'),('45','Daniel','Santiago','Hijo','2021/01/19','Masculino','22-57186834-1','46','2024-11-19T13:48:03Z','2024-11-19T13:48:03Z'),('46','Sandra','Gallardo','Hija','2017/03/24','Femenino','24-54464025-2','40','2024-11-19T13:48:03Z','2024-11-19T13:48:03Z'),('47','Francisca','Rey','Hija','2019/11/26','Femenino','25-56368237-3','86','2024-11-19T13:48:03Z','2024-11-19T13:48:03Z'),('48','Cecilia','Ramirez','Hija','2003/04/07','Femenino','21-44523921-2','87','2024-11-19T13:48:03Z','2024-11-19T13:48:03Z'),('49','Samuel','Velasco','Hijo','2021/09/26','Masculino','25-57674094-4','73','2024-11-19T13:48:03Z','2024-11-19T13:48:03Z'),('50','Clotilde','Molina','Hija','2003/02/19','Femenino','27-44432316-3','50','2024-11-19T13:48:04Z','2024-11-19T13:48:04Z'),('51','Bernarda','Montero','Hija','2016/01/05','Femenino','21-53598651-5','83','2024-11-19T13:48:04Z','2024-11-19T13:48:04Z'),('52','Lucia','Velasco','Hija','2008/10/19','Femenino','22-48464880-2','73','2024-11-19T13:48:04Z','2024-11-19T13:48:04Z'),('53','Pascual','Delgado','Hijo','2023/03/19','Masculino','20-58724626-8','34','2024-11-19T13:48:04Z','2024-11-19T13:48:04Z'),('54','Lucas','Pascual','Hijo','2019/04/26','Masculino','24-55951142-8','64','2024-11-19T13:48:04Z','2024-11-19T13:48:04Z'),('55','Miriam','Gomez','Hija','2018/06/20','Femenino','25-55346940-4','15','2024-11-19T13:48:04Z','2024-11-19T13:48:04Z'),('56','Carmelo','Lopez','Hijo','2008/08/10','Masculino','22-48328447-4','85','2024-11-19T13:48:04Z','2024-11-19T13:48:04Z'),('57','Cecilia','Santana','Hija','2019/03/27','Femenino','26-55892671-3','58','2024-11-19T13:48:05Z','2024-11-19T13:48:05Z'),('58','Gonzalo','Rey','Hijo','2015/10/02','Masculino','21-53413492-5','86','2024-11-19T13:48:05Z','2024-11-19T13:48:05Z'),('59','Gertrudis','Duran','Hija','2015/01/29','Femenino','24-52934028-6','6','2024-11-19T13:48:05Z','2024-11-19T13:48:05Z'),('60','Soledad','Guerrero','Hija','2023/08/07','Femenino','25-58999441-6','2','2024-11-19T13:48:05Z','2024-11-19T13:48:05Z'),('61','Sixto','Diez','Hijo','2023/05/26','Masculino','21-58857161-3','20','2024-11-19T13:48:05Z','2024-11-19T13:48:05Z'),('62','Gonzalo','Vega','Hijo','2019/10/23','Masculino','20-56301970-2','88','2024-11-19T13:48:05Z','2024-11-19T13:48:05Z'),('63','Sofia','Lopez','Hija','2014/05/05','Femenino','27-52409737-5','85','2024-11-19T13:48:06Z','2024-11-19T13:48:06Z'),('65','Clara','Lozano','Hija','2012/07/14','Femenino','20-51123370-6','55','2024-11-19T13:48:06Z','2024-11-19T13:48:06Z'),('66','Cecilia','Velasco','Hija','2011/01/25','Femenino','23-50078685-4','90','2024-11-19T13:48:06Z','2024-11-19T13:48:06Z'),('67','Milagros','Leon','Hija','2017/05/09','Femenino','25-54553681-6','93','2024-11-19T13:48:06Z','2024-11-19T13:48:06Z'),('68','Heraclio','Mora','Hijo','2016/05/27','Masculino','21-53877364-2','66','2024-11-19T13:48:06Z','2024-11-19T13:48:06Z'),('69','Efren','Parra','Hijo','2013/09/04','Masculino','25-51936120-8','76','2024-11-19T13:48:06Z','2024-11-19T13:48:06Z'),('70','Aitor','Leon','Hijo','2017/07/01','Masculino','22-54656980-5','93','2024-11-19T13:48:07Z','2024-11-19T13:48:07Z'),('71','Emilio','Rubio','Hijo','2023/08/09','Masculino','25-59003339-4','19','2024-11-19T13:48:07Z','2024-11-19T13:48:07Z'),('72','Guadalupe','Guerrero','Hija','2023/03/16','Femenino','24-58718779-3','2','2024-11-19T13:48:07Z','2024-11-19T13:48:07Z'),('73','Mateo','Santana','Hijo','2010/01/17','Masculino','25-49351693-3','58','2024-11-19T13:48:07Z','2024-11-19T13:48:07Z'),('74','Virginia','Bravo','Hija','2005/02/23','Femenino','25-45864860-3','32','2024-11-19T13:48:07Z','2024-11-19T13:48:07Z'),('75','Genoveva','Rubio','Hija','2023/04/29','Femenino','25-58804537-7','19','2024-11-19T13:48:07Z','2024-11-19T13:48:07Z'),('77','Federico','Vega','Hijo','2019/08/21','Masculino','22-56179180-6','88','2024-11-19T13:48:08Z','2024-11-19T13:48:08Z'),('78','Blanca','Ferrer','Hija','2018/07/26','Femenino','23-55417105-3','79','2024-11-19T13:48:08Z','2024-11-19T13:48:08Z'),('79','Vladimiro','Ramirez','Hijo','2003/06/22','Masculino','23-44672048-7','87','2024-11-19T13:48:08Z','2024-11-19T13:48:08Z'),('80','Martin','Santana','Hijo','2010/06/29','Masculino','28-49669386-2','58','2024-11-19T13:48:08Z','2024-11-19T13:48:08Z'),('81','Eva','Molina','Hija','2015/07/30','Femenino','25-53288754-1','50','2024-11-19T13:48:08Z','2024-11-19T13:48:08Z'),('82','Gonzalo','Cabrera','Hijo','2016/10/03','Masculino','21-54128790-1','45','2024-11-19T13:48:08Z','2024-11-19T13:48:08Z'),('83','Juan','Gomez','Hijo','2022/04/02','Masculino','28-58040513-1','15','2024-11-19T13:48:09Z','2024-11-19T13:48:09Z'),('84','Isaias','Gallardo','Hijo','2017/01/21','Masculino','21-54343184-3','40','2024-11-19T13:48:09Z','2024-11-19T13:48:09Z'),('85','Marcos','Pascual','Hijo','2011/03/24','Masculino','22-50191729-6','64','2024-11-19T13:48:09Z','2024-11-19T13:48:09Z'),('86','Hildegarda','Marin','Hija','2005/09/08','Femenino','25-46248821-3','48','2024-11-19T13:48:09Z','2024-11-19T13:48:09Z'),('87','Sanson','Mora','Hijo','2001/07/24','Masculino','25-43311618-7','66','2024-11-19T13:48:09Z','2024-11-19T13:48:09Z'),('88','Sanson','Hernandez','Hijo','2019/01/09','Masculino','28-55742595-3','68','2024-11-19T13:48:09Z','2024-11-19T13:48:09Z'),('89','Elena','Bravo','Hija','2001/06/25','Femenino','25-43255096-8','9','2024-11-19T13:48:09Z','2024-11-19T13:48:09Z'),('90','Rita','Flores','Hija','2008/05/25','Femenino','22-48178371-8','82','2024-11-19T13:48:10Z','2024-11-19T13:48:10Z'),('91','Vicente','Rubio','Hijo','2023/09/05','Masculino','22-59055963-4','19','2024-11-19T13:48:10Z','2024-11-19T13:48:10Z'),('92','Nazario','Duran','Hijo','2007/04/26','Masculino','25-47408500-6','6','2024-11-19T13:48:10Z','2024-11-19T13:48:10Z'),('93','Ananias','Lozano','Hija','2020/05/22','Femenino','22-56715166-2','55','2024-11-19T13:48:10Z','2024-11-19T13:48:10Z'),('94','Jesus','Flores','Hijo','2013/02/17','Masculino','20-51548261-5','82','2024-11-19T13:48:10Z','2024-11-19T13:48:10Z'),('95','Adela','Bravo','Hija','2008/03/02','Femenino','20-48014651-2','9','2024-11-19T13:48:10Z','2024-11-19T13:48:10Z'),('96','Miriam','Bravo','Hija','2001/05/10','Femenino','26-43165440-7','9','2024-11-19T13:48:11Z','2024-11-19T13:48:11Z'),('97','Vidal','Lorenzo','Hija','2020/03/24','Femenino','21-56600173-6','77','2024-11-19T13:48:11Z','2024-11-19T13:48:11Z'),('98','Elisa','Fuentes','Hija','2021/05/30','Femenino','20-57442158-7','71','2024-11-19T13:48:11Z','2024-11-19T13:48:11Z'),('99','Nicomedes','Lozano','Hijo','2012/09/21','Masculino','27-51257854-3','55','2024-11-19T13:48:11Z','2024-11-19T13:48:11Z'),('100','Ignacio','Gallardo','Hijo','2017/01/04','Masculino','28-54310051-6','40','2024-11-19T13:48:11Z','2024-11-19T13:48:11Z'),('101','Antonia','Montero','Hija','2016/11/29','Femenino','26-54239885-7','83','2024-11-19T13:48:11Z','2024-11-19T13:48:11Z'),('102','Reinaldo','Diez','Hijo','2023/05/16','Masculino','23-58837671-8','20','2024-11-19T13:48:11Z','2024-11-19T13:48:11Z'),('103','Amaro','Garcia','Hijo','2023/04/20','Masculino','25-58786996-7','37','2024-11-19T13:48:12Z','2024-11-19T13:48:12Z'),('104','Natalia','Bravo','Hija','2009/01/08','Femenino','27-48622752-5','32','2024-11-19T13:48:12Z','2024-11-19T13:48:12Z'),('105','Balduino','Flores','Hijo','2006/01/15','Masculino','26-46500247-8','82','2024-11-19T13:48:12Z','2024-11-19T13:48:12Z'),('106','Fabian','Martin','Hijo','2021/04/08','Masculino','20-57340808-5','70','2024-11-19T13:48:12Z','2024-11-19T13:48:12Z'),('107','Carolina','Lozano','Hija','2013/11/16','Femenino','25-52078400-7','92','2024-11-19T13:48:12Z','2024-11-19T13:48:12Z'),('109','Ruben','Ferrer','Hijo','2011/02/06','Masculino','23-50102073-2','79','2024-11-19T13:48:13Z','2024-11-19T13:48:13Z'),('111','Casimiro','Martin','Hijo','2019/08/15','Masculino','24-56167486-5','70','2024-11-19T13:48:13Z','2024-11-19T13:48:13Z'),('112','Eulalia','Diez','Hija','2022/08/14','Femenino','21-58301685-2','65','2024-11-19T13:48:13Z','2024-11-19T13:48:13Z'),('113','Cirino','Calvo','Hijo','2023/01/08','Masculino','20-58588193-5','7','2024-11-19T13:48:13Z','2024-11-19T13:48:13Z'),('114','Amelia','Guerrero','Hija','2010/01/08','Femenino','27-49334152-8','30','2024-11-19T13:48:13Z','2024-11-19T13:48:13Z'),('115','Hildegarda','Carmona','Hija','2018/09/24','Femenino','20-55534048-6','13','2024-11-19T13:48:13Z','2024-11-19T13:48:13Z'),('116','Montserrat','Ramirez','Hija','2015/06/27','Femenino','25-53224435-7','87','2024-11-19T13:48:14Z','2024-11-19T13:48:14Z'),('117','Isaac','Parra','Hijo','2020/08/11','Masculino','26-56873038-4','54','2024-11-19T13:48:14Z','2024-11-19T13:48:14Z'),('118','Diego','Cabrera','Hijo','2013/04/08','Masculino','27-51645713-4','45','2024-11-19T13:48:14Z','2024-11-19T13:48:14Z'),('119','Rosa','Gonzalez','Hija','2023/02/27','Femenino','28-58685645-5','81','2024-11-19T13:48:14Z','2024-11-19T13:48:14Z'),('120','Melchor','Gallardo','Hijo','2017/03/13','Masculino','24-54442585-7','40','2024-11-19T13:48:14Z','2024-11-19T13:48:14Z'),('121','Gertrudis','Bravo','Hija','2011/11/12','Femenino','24-50645855-7','32','2024-11-19T13:48:14Z','2024-11-19T13:48:14Z'),('122','Macario','Marin','Hijo','2014/08/05','Masculino','21-52589048-6','48','2024-11-19T13:48:14Z','2024-11-19T13:48:14Z'),('123','Magdalena','Lozano','Hija','2012/08/11','Femenino','25-51177943-2','92','2024-11-19T13:48:15Z','2024-11-19T13:48:15Z'),('124','Petronila','Bravo','Hija','2008/07/23','Femenino','23-48293364-3','9','2024-11-19T13:48:15Z','2024-11-19T13:48:15Z'),('125','Benjamin','Ramirez','Hijo','2021/10/02','Masculino','27-57685788-3','87','2024-11-19T13:48:15Z','2024-11-19T13:48:15Z'),('126','Aurea','Lozano','Hija','2012/09/11','Femenino','25-51238364-3','92','2024-11-19T13:48:15Z','2024-11-19T13:48:15Z'),('127','Natalia','Parra','Hija','2020/11/06','Femenino','25-57042605-8','54','2024-11-19T13:48:15Z','2024-11-19T13:48:15Z'),('128','Rosa','Ramos','Hija','2019/04/16','Femenino','27-55931652-1','60','2024-11-19T13:48:15Z','2024-11-19T13:48:15Z'),('129','Feliciano','Navarro','Hijo','2021/05/17','Masculino','24-57416820-5','26','2024-11-19T13:48:16Z','2024-11-19T13:48:16Z'),('130','Marina','Martin','Hija','2019/02/20','Femenino','26-55824455-1','70','2024-11-19T13:48:16Z','2024-11-19T13:48:16Z'),('131','Lazaro','Ramirez','Hijo','2017/11/18','Masculino','21-54929845-2','87','2024-11-19T13:48:16Z','2024-11-19T13:48:16Z'),('132','Patricio','Fuentes','Hijo','2022/05/14','Masculino','21-58122373-3','71','2024-11-19T13:48:16Z','2024-11-19T13:48:16Z'),('133','Casimiro','Diez','Hijo','2022/11/06','Masculino','20-58465404-6','65','2024-11-19T13:48:16Z','2024-11-19T13:48:16Z'),('134','Vicente','Ferrer','Hijo','2007/05/12','Masculino','23-47439685-5','52','2024-11-19T13:48:16Z','2024-11-19T13:48:16Z'),('135','Barbara','Duran','Hija','2016/08/04','Femenino','26-54011848-5','1','2024-11-19T13:48:16Z','2024-11-19T13:48:16Z'),('136','Trinidad','Prieto','Hija','2005/07/24','Femenino','25-46159165-6','11','2024-11-19T13:48:17Z','2024-11-19T13:48:17Z'),('137','Valeriano','Carrasco','Hijo','2013/11/24','Masculino','20-52093992-7','23','2024-11-19T13:48:17Z','2024-11-19T13:48:17Z'),('138','Francesc','Ferrer','Hijo','2004/10/11','Masculino','27-45601740-8','79','2024-11-19T13:48:17Z','2024-11-19T13:48:17Z'),('139','Magdalena','Guerrero','Hija','2023/10/11','Femenino','22-59126128-1','2','2024-11-19T13:48:17Z','2024-11-19T13:48:17Z'),('140','Eva','Ferrer','Hija','2021/03/21','Femenino','21-57305725-8','79','2024-11-19T13:48:17Z','2024-11-19T13:48:17Z'),('141','Monica','Ramos','Hija','2019/05/05','Femenino','24-55968684-3','60','2024-11-19T13:48:17Z','2024-11-19T13:48:17Z'),('142','Anastasia','Delgado','Hija','2023/02/07','Femenino','23-58646665-2','38','2024-11-19T13:48:17Z','2024-11-19T13:48:17Z'),('143','Ignacio','Rubio','Hijo','2023/02/03','Masculino','26-58638868-3','19','2024-11-19T13:48:18Z','2024-11-19T13:48:18Z'),('144','Eugenio','Duran','Hijo','2005/02/04','Masculino','26-45827829-7','6','2024-11-19T13:48:18Z','2024-11-19T13:48:18Z'),('145','Leandro','Velasco','Hijo','2014/11/07','Masculino','22-52772258-4','73','2024-11-19T13:48:18Z','2024-11-19T13:48:18Z'),('146','Adelaida','Lozano','Hija','2019/10/20','Femenino','22-56296122-7','97','2024-11-19T13:48:18Z','2024-11-19T13:48:18Z'),('147','Vicente','Marin','Hijo','2007/06/10','Masculino','27-47496207-1','48','2024-11-19T13:48:18Z','2024-11-19T13:48:18Z'),('148','Rita','Parra','Hija','2020/06/08','Femenino','21-56748300-8','54','2024-11-19T13:48:18Z','2024-11-19T13:48:18Z'),('150','Vidal','Bravo','Hija','2000/09/29','Femenino','21-42730804-1','32','2024-11-19T13:48:19Z','2024-11-19T13:48:19Z'),('151','Ramiro','Rubio','Hijo','2023/01/30','Masculino','26-58631072-6','19','2024-11-19T13:48:19Z','2024-11-19T13:48:19Z'),('152','Sebastian','Delgado','Hijo','2023/03/15','Masculino','25-58716830-1','34','2024-11-19T13:48:19Z','2024-11-19T13:48:19Z'),('153','Emilia','Lopez','Hija','2009/02/27','Femenino','24-48720204-6','85','2024-11-19T13:48:19Z','2024-11-19T13:48:19Z'),('154','Elias','Guerrero','Hijo','2021/02/09','Masculino','28-57227764-3','30','2024-11-19T13:48:19Z','2024-11-19T13:48:19Z'),('155','Paula','Ruiz','Hija','2012/01/05','Femenino','25-50751104-5','21','2024-11-19T13:48:19Z','2024-11-19T13:48:19Z'),('156','Genoveva','Molina','Hija','2013/08/03','Femenino','26-51873751-4','50','2024-11-19T13:48:20Z','2024-11-19T13:48:20Z'),('157','Petronila','Calvo','Hija','2023/02/17','Femenino','25-58666155-8','7','2024-11-19T13:48:20Z','2024-11-19T13:48:20Z'),('158','Gisela','Flores','Hija','2006/05/25','Femenino','24-46753623-2','82','2024-11-19T13:48:20Z','2024-11-19T13:48:20Z'),('159','Adelaida','Diez','Hija','2022/08/23','Femenino','26-58319226-7','65','2024-11-19T13:48:20Z','2024-11-19T13:48:20Z'),('160','Teresa','Duran','Hija','2016/01/20','Femenino','28-53627887-7','1','2024-11-19T13:48:20Z','2024-11-19T13:48:20Z'),('161','Rodrigo','Mora','Hijo','2017/01/20','Masculino','22-54341235-7','66','2024-11-19T13:48:20Z','2024-11-19T13:48:20Z'),('162','Fulgencio','Guerrero','Hijo','2010/04/18','Masculino','26-49529056-3','30','2024-11-19T13:48:20Z','2024-11-19T13:48:20Z'),('163','Fabian','Gonzalez','Hijo','2023/08/12','Masculino','28-59009186-4','81','2024-11-19T13:48:21Z','2024-11-19T13:48:21Z'),('164','Rosalia','Cortes','Hija','2005/08/17','Femenino','23-46205942-3','12','2024-11-19T13:48:21Z','2024-11-19T13:48:21Z'),('165','Cristina','Velasco','Hija','2007/09/10','Femenino','20-47675518-1','73','2024-11-19T13:48:21Z','2024-11-19T13:48:21Z'),('166','Martin','Gonzalez','Hijo','2023/02/20','Masculino','27-58672002-2','81','2024-11-19T13:48:21Z','2024-11-19T13:48:21Z'),('167','Josue','Parra','Hijo','2016/10/07','Masculino','22-54136586-7','76','2024-11-19T13:48:21Z','2024-11-19T13:48:21Z'),('168','Bernarda','Cortes','Hija','2003/07/13','Femenino','21-44712978-6','12','2024-11-19T13:48:21Z','2024-11-19T13:48:21Z'),('169','Dimas','Santana','Hijo','2015/07/12','Masculino','23-53253671-8','58','2024-11-19T13:48:22Z','2024-11-19T13:48:22Z'),('170','Teodora','Martin','Hijo','2019/06/13','Masculino','26-56044696-3','70','2024-11-19T13:48:22Z','2024-11-19T13:48:22Z'),('171','Patricio','Lozano','Hijo','2005/10/16','Masculino','24-46322885-3','55','2024-11-19T13:48:22Z','2024-11-19T13:48:22Z'),('172','Valentin','Gallardo','Hijo','2017/03/26','Masculino','21-54467923-3','40','2024-11-19T13:48:22Z','2024-11-19T13:48:22Z'),('173','Antonia','Lozano','Hija','2012/11/04','Femenino','22-51343612-6','92','2024-11-19T13:48:22Z','2024-11-19T13:48:22Z'),('174','Catalina','Garcia','Hija','2023/11/23','Femenino','20-59209937-6','37','2024-11-19T13:48:22Z','2024-11-19T13:48:22Z'),('175','Orestes','Carrasco','Hijo','2009/11/18','Masculino','25-49234750-7','23','2024-11-19T13:48:22Z','2024-11-19T13:48:22Z'),('176','Marina','Delgado','Hija','2023/08/09','Femenino','26-59003339-4','38','2024-11-19T13:48:23Z','2024-11-19T13:48:23Z'),('177','Gisela','Velasco','Hija','2012/05/21','Femenino','24-51018122-5','73','2024-11-19T13:48:23Z','2024-11-19T13:48:23Z'),('178','Lorena','Cortes','Hija','2003/09/06','Femenino','26-44820175-1','12','2024-11-19T13:48:23Z','2024-11-19T13:48:23Z'),('179','Catalina','Carrasco','Hija','2010/09/03','Femenino','27-49798023-4','23','2024-11-19T13:48:23Z','2024-11-19T13:48:23Z'),('180','Elvira','Cabrera','Hija','2013/05/23','Femenino','27-51733420-8','45','2024-11-19T13:48:23Z','2024-11-19T13:48:23Z'),('181','Victoria','Ramirez','Hija','2006/08/21','Femenino','22-46925138-5','87','2024-11-19T13:48:23Z','2024-11-19T13:48:23Z'),('182','Damaso','Diez','Hijo','2022/02/04','Masculino','21-57929418-4','65','2024-11-19T13:48:24Z','2024-11-19T13:48:24Z'),('183','Carolina','Vega','Hija','2019/04/02','Femenino','21-55904365-8','88','2024-11-19T13:48:24Z','2024-11-19T13:48:24Z'),('184','Gonzalo','Bravo','Hijo','2001/05/12','Masculino','20-43169338-1','9','2024-11-19T13:48:24Z','2024-11-19T13:48:24Z'),('185','Guillermo','Velasco','Hijo','2007/10/25','Masculino','27-47763225-4','90','2024-11-19T13:48:24Z','2024-11-19T13:48:24Z'),('186','Arnaldo','Navarro','Hijo','2021/08/30','Masculino','28-57621470-4','26','2024-11-19T13:48:24Z','2024-11-19T13:48:24Z'),('187','Celina','Cortes','Hija','2010/07/01','Femenino','25-49673284-7','12','2024-11-19T13:48:24Z','2024-11-19T13:48:24Z'),('188','Lino','Ramos','Hijo','2019/03/26','Masculino','23-55890722-8','60','2024-11-19T13:48:25Z','2024-11-19T13:48:25Z'),('189','Josue','Lozano','Hijo','2012/08/23','Masculino','28-51201332-6','92','2024-11-19T13:48:25Z','2024-11-19T13:48:25Z'),('190','Gertrudis','Garcia','Hija','2023/03/09','Femenino','25-58705136-3','37','2024-11-19T13:48:25Z','2024-11-19T13:48:25Z'),('191','Lidia','Cabrera','Hija','2020/09/16','Femenino','21-56943204-6','33','2024-11-19T13:48:25Z','2024-11-19T13:48:25Z'),('192','Patricio','Ruiz','Hijo','2009/02/08','Masculino','27-48683172-5','21','2024-11-19T13:48:25Z','2024-11-19T13:48:25Z'),('193','Pascual','Lozano','Hijo','2019/11/19','Masculino','25-56354594-4','97','2024-11-19T13:48:25Z','2024-11-19T13:48:25Z'),('194','Eugenio','Ferrer','Hijo','2007/10/23','Masculino','27-47759327-1','79','2024-11-19T13:48:25Z','2024-11-19T13:48:25Z'),('195','Fatima','Navarro','Hija','2004/10/28','Femenino','26-45634874-2','26','2024-11-19T13:48:26Z','2024-11-19T13:48:26Z'),('196','Ananias','Vidal','Hija','2023/01/21','Femenino','27-58613531-5','61','2024-11-19T13:48:26Z','2024-11-19T13:48:26Z'),('197','Celia','Gonzalez','Hija','2023/05/29','Femenino','21-58863008-4','81','2024-11-19T13:48:26Z','2024-11-19T13:48:26Z'),('198','Epifania','Vidal','Hija','2023/03/05','Femenino','23-58697340-8','61','2024-11-19T13:48:26Z','2024-11-19T13:48:26Z'),('199','Celia','Santana','Hija','2014/01/02','Femenino','20-52170005-4','58','2024-11-19T13:48:26Z','2024-11-19T13:48:26Z'),('200','Cirilo','Gonzalez','Hijo','2023/07/22','Masculino','24-58968256-6','81','2024-11-19T13:48:26Z','2024-11-19T13:48:26Z'),('201','Teofila','Cortes','Hija','2008/05/14','Femenino','21-48156931-2','12','2024-11-19T13:48:26Z','2024-11-19T13:48:26Z'),('202','Yolanda','Duran','Hija','2011/03/22','Femenino','26-50187831-2','1','2024-11-19T13:48:27Z','2024-11-19T13:48:27Z'),('203','Pilar','Bravo','Hija','2007/01/29','Femenino','27-47238934-7','32','2024-11-19T13:48:27Z','2024-11-19T13:48:27Z'),('205','Fausto','Rubio','Hijo','2023/06/05','Masculino','21-58876651-7','19','2024-11-19T13:48:27Z','2024-11-19T13:48:27Z'),('206','Porfirio','Cortes','Hijo','2004/10/17','Masculino','25-45613434-2','12','2024-11-19T13:48:27Z','2024-11-19T13:48:27Z'),('207','Ana','Lopez','Hija','2021/03/05','Femenino','26-57274540-4','85','2024-11-19T13:48:27Z','2024-11-19T13:48:27Z'),('208','Josefa','Duran','Hija','2014/06/22','Femenino','25-52503291-4','1','2024-11-19T13:48:28Z','2024-11-19T13:48:28Z'),('209','Marina','Pascual','Hija','2002/01/28','Femenino','22-43678037-8','64','2024-11-19T13:48:28Z','2024-11-19T13:48:28Z'),('210','Rita','Pascual','Hija','2016/01/22','Femenino','21-53631785-6','64','2024-11-19T13:48:28Z','2024-11-19T13:48:28Z'),('211','Julio','Molina','Hijo','2002/01/21','Masculino','24-43664394-8','50','2024-11-19T13:48:28Z','2024-11-19T13:48:28Z'),('212','Juana','Cabrera','Hija','2013/06/02','Femenino','26-51752910-7','45','2024-11-19T13:48:28Z','2024-11-19T13:48:28Z'),('213','Lidia','Herrero','Hija','2013/02/16','Femenino','26-51546312-3','27','2024-11-19T13:48:28Z','2024-11-19T13:48:28Z'),('214','Celia','Vega','Hija','2019/09/12','Femenino','27-56222059-2','88','2024-11-19T13:48:28Z','2024-11-19T13:48:28Z'),('215','Ruperto','Lorenzo','Hijo','2003/05/01','Masculino','26-44570698-4','77','2024-11-19T13:48:29Z','2024-11-19T13:48:29Z'),('216','Elvira','Leon','Hija','2017/03/13','Femenino','23-54442585-3','93','2024-11-19T13:48:29Z','2024-11-19T13:48:29Z'),('217','Rosalia','Navarro','Hija','2019/03/13','Femenino','24-55865385-8','26','2024-11-19T13:48:29Z','2024-11-19T13:48:29Z'),('218','Fabio','Gomez','Hijo','2018/04/23','Masculino','27-55233896-7','15','2024-11-19T13:48:29Z','2024-11-19T13:48:29Z'),('219','Erico','Santiago','Hijo','2021/08/05','Masculino','28-57572744-3','46','2024-11-19T13:48:29Z','2024-11-19T13:48:29Z'),('220','Araceli','Pascual','Hija','2020/02/18','Femenino','28-56531956-4','64','2024-11-19T13:48:29Z','2024-11-19T13:48:29Z'),('221','Albert','Mendez','Hijo','2014/07/15','Masculino','26-52548118-2','3','2024-11-19T13:48:30Z','2024-11-19T13:48:30Z'),('222','Consuelo','Gomez','Hija','2018/07/23','Femenino','24-55411258-1','15','2024-11-19T13:48:30Z','2024-11-19T13:48:30Z'),('223','Milagros','Ramos','Hija','2022/01/20','Femenino','26-57900182-5','60','2024-11-19T13:48:30Z','2024-11-19T13:48:30Z'),('224','Sara','Lozano','Hija','2018/11/10','Femenino','22-55625653-5','55','2024-11-19T13:48:30Z','2024-11-19T13:48:30Z'),('225','Artemio','Rubio','Hijo','2023/03/02','Masculino','20-58691493-1','19','2024-11-19T13:48:30Z','2024-11-19T13:48:30Z'),('226','Josue','Guerrero','Hijo','2023/03/09','Masculino','22-58705136-6','2','2024-11-19T13:48:30Z','2024-11-19T13:48:30Z'),('227','Fernando','Gomez','Hijo','2018/06/14','Masculino','27-55335246-6','15','2024-11-19T13:48:30Z','2024-11-19T13:48:30Z'),('228','Teofila','Duran','Hija','2011/09/04','Femenino','22-50511372-3','1','2024-11-19T13:48:31Z','2024-11-19T13:48:31Z'),('229','Rufo','Velasco','Hijo','2009/03/10','Masculino','21-48741643-3','73','2024-11-19T13:48:31Z','2024-11-19T13:48:31Z'),('230','Godofredo','Lozano','Hijo','2019/11/01','Masculino','22-56319511-1','97','2024-11-19T13:48:31Z','2024-11-19T13:48:31Z'),('231','Tania','Herrero','Hija','2017/07/04','Femenino','23-54662827-4','27','2024-11-19T13:48:31Z','2024-11-19T13:48:31Z'),('232','Pascual','Diez','Hijo','2023/08/13','Masculino','24-59011135-3','20','2024-11-19T13:48:31Z','2024-11-19T13:48:31Z'),('233','Carmen','Lorenzo','Hija','2009/09/15','Femenino','26-49110012-1','77','2024-11-19T13:48:31Z','2024-11-19T13:48:31Z'),('234','Octavio','Rubio','Hijo','2023/01/26','Masculino','22-58623276-7','19','2024-11-19T13:48:32Z','2024-11-19T13:48:32Z'),('235','Pio','Montero','Hijo','2016/09/28','Masculino','22-54119045-5','83','2024-11-19T13:48:32Z','2024-11-19T13:48:32Z'),('236','Yolanda','Ramirez','Hija','2021/01/30','Femenino','27-57208273-6','87','2024-11-19T13:48:32Z','2024-11-19T13:48:32Z'),('237','Alicia','Blesa','Hijo','2018/08/01','Masculino','20-55428800-7','74','2024-11-19T13:48:32Z','2024-11-19T13:48:32Z'),('238','Heriberto','Bravo','Hijo','2001/04/26','Masculino','24-43138153-2','9','2024-11-19T13:48:32Z','2024-11-19T13:48:32Z'),('239','Rebeca','Lorenzo','Hija','2008/05/08','Femenino','28-48145237-2','77','2024-11-19T13:48:32Z','2024-11-19T13:48:32Z'),('240','Primo','Fuentes','Hijo','2021/06/06','Masculino','25-57455801-3','71','2024-11-19T13:48:32Z','2024-11-19T13:48:32Z'),('241','Mercedes','Ruiz','Hija','2010/08/10','Femenino','28-49751246-4','21','2024-11-19T13:48:33Z','2024-11-19T13:48:33Z'),('242','Olga','Calvo','Hija','2023/02/17','Femenino','24-58666155-6','7','2024-11-19T13:48:33Z','2024-11-19T13:48:33Z'),('243','Pablo','Parra','Hijo','2013/11/06','Masculino','24-52058909-8','76','2024-11-19T13:48:33Z','2024-11-19T13:48:33Z'),('244','Patricia','Soto','Hija','2009/08/05','Femenino','27-49030101-1','80','2024-11-19T13:48:33Z','2024-11-19T13:48:33Z'),('245','Fabiola','Ramirez','Hija','2007/01/06','Femenino','22-47194106-1','87','2024-11-19T13:48:33Z','2024-11-19T13:48:33Z'),('246','Esther','Ramos','Hija','2019/04/15','Femenino','28-55929703-7','60','2024-11-19T13:48:33Z','2024-11-19T13:48:33Z'),('247','Miriam','Blesa','Hija','2018/07/23','Femenino','25-55411258-8','74','2024-11-19T13:48:33Z','2024-11-19T13:48:33Z'),('248','Manuel','Guerrero','Hijo','2023/07/08','Masculino','20-58940970-8','2','2024-11-19T13:48:34Z','2024-11-19T13:48:34Z'),('249','Eulalia','Navarro','Hija','2006/11/20','Femenino','27-47102501-8','26','2024-11-19T13:48:34Z','2024-11-19T13:48:34Z'),('250','Norberto','Gomez','Hijo','2018/05/04','Masculino','20-55255335-4','15','2024-11-19T13:48:34Z','2024-11-19T13:48:34Z'),('251','Porfirio','Santana','Hijo','2020/11/05','Masculino','26-57040656-1','4','2024-11-19T13:48:34Z','2024-11-19T13:48:34Z'),('252','Angel','Duran','Hijo','2015/10/26','Masculino','21-53460269-4','6','2024-11-19T13:48:34Z','2024-11-19T13:48:34Z'),('253','Eugenia','Lorenzo','Hija','2000/03/14','Femenino','23-42342945-4','77','2024-11-19T13:48:34Z','2024-11-19T13:48:34Z'),('254','Sara','Hernandez','Hija','2020/03/19','Femenino','26-56590427-6','53','2024-11-19T13:48:35Z','2024-11-19T13:48:35Z'),('255','Casiano','Carrasco','Hijo','2009/07/04','Masculino','23-48967732-2','23','2024-11-19T13:48:35Z','2024-11-19T13:48:35Z'),('256','Ana','Rubio','Hija','2023/03/12','Femenino','26-58710983-4','19','2024-11-19T13:48:35Z','2024-11-19T13:48:35Z'),('257','Edgar','Flores','Hijo','2009/09/23','Masculino','26-49125604-7','94','2024-11-19T13:48:35Z','2024-11-19T13:48:35Z'),('258','Marta','Gonzalez','Hija','2023/09/19','Femenino','27-59083250-4','81','2024-11-19T13:48:35Z','2024-11-19T13:48:35Z'),('259','Ciro','Vega','Hijo','2019/06/25','Masculino','25-56068085-1','88','2024-11-19T13:48:35Z','2024-11-19T13:48:35Z'),('261','Amelia','Vega','Hija','2019/03/21','Femenino','20-55880977-4','88','2024-11-19T13:48:36Z','2024-11-19T13:48:36Z'),('262','Asuncion','Diez','Hija','2022/10/07','Femenino','21-58406933-3','65','2024-11-19T13:48:36Z','2024-11-19T13:48:36Z'),('263','Hildegarda','Diez','Hija','2022/05/24','Femenino','22-58141863-1','65','2024-11-19T13:48:36Z','2024-11-19T13:48:36Z'),('264','Rosario','Santiago','Hija','2021/11/13','Femenino','26-57767648-1','46','2024-11-19T13:48:36Z','2024-11-19T13:48:36Z'),('265','Remedios','Cortes','Hija','2006/10/20','Femenino','21-47042080-3','12','2024-11-19T13:48:36Z','2024-11-19T13:48:36Z'),('266','Tania','Santana','Hija','2000/05/08','Femenino','26-42450142-7','58','2024-11-19T13:48:36Z','2024-11-19T13:48:36Z'),('267','Amelia','Marin','Hija','2002/11/22','Femenino','27-44258851-2','48','2024-11-19T13:48:36Z','2024-11-19T13:48:36Z'),('268','Guido','Lorenzo','Hijo','2019/10/21','Masculino','22-56298071-5','77','2024-11-19T13:48:37Z','2024-11-19T13:48:37Z'),('269','Porfirio','Marin','Hijo','2015/10/27','Masculino','25-53462218-8','48','2024-11-19T13:48:37Z','2024-11-19T13:48:37Z'),('270','Bernarda','Parra','Hija','2020/05/06','Femenino','23-56683981-5','54','2024-11-19T13:48:37Z','2024-11-19T13:48:37Z'),('271','Purificacion','Delgado','Hija','2023/05/16','Femenino','22-58837671-7','34','2024-11-19T13:48:37Z','2024-11-19T13:48:37Z'),('272','Lorenzo','Hernandez','Hijo','2015/11/28','Masculino','23-53524588-1','68','2024-11-19T13:48:37Z','2024-11-19T13:48:37Z'),('273','Alejandro','Velasco','Hijo','2008/01/01','Masculino','26-47895760-6','73','2024-11-19T13:48:37Z','2024-11-19T13:48:37Z'),('274','Virginia','Herrero','Hija','2019/07/05','Femenino','22-56087575-1','27','2024-11-19T13:48:38Z','2024-11-19T13:48:38Z'),('275','Elena','Prieto','Hija','2004/11/20','Femenino','23-45679702-2','11','2024-11-19T13:48:38Z','2024-11-19T13:48:38Z'),('276','Ines','Marin','Hija','2013/01/13','Femenino','21-51480045-1','48','2024-11-19T13:48:38Z','2024-11-19T13:48:38Z'),('277','Cecilia','Carrasco','Hija','2013/03/02','Femenino','25-51573598-2','23','2024-11-19T13:48:38Z','2024-11-19T13:48:38Z'),('278','Honorio','Lopez','Hijo','2005/10/09','Masculino','20-46309241-6','85','2024-11-19T13:48:38Z','2024-11-19T13:48:38Z'),('279','Benito','Lozano','Hijo','2019/11/02','Masculino','22-56321460-6','55','2024-11-19T13:48:38Z','2024-11-19T13:48:38Z'),('280','Benjamin','Mora','Hijo','1999/02/02','Masculino','28-41551635-3','66','2024-11-19T13:48:38Z','2024-11-19T13:48:38Z'),('281','Lucrecia','Gallardo','Hija','2022/10/29','Femenino','25-58449812-2','40','2024-11-19T13:48:39Z','2024-11-19T13:48:39Z'),('282','Romualdo','Mora','Hijo','2018/05/11','Masculino','20-55268978-4','66','2024-11-19T13:48:39Z','2024-11-19T13:48:39Z'),('283','Irene','Montero','Hija','2016/01/25','Femenino','28-53637632-5','83','2024-11-19T13:48:39Z','2024-11-19T13:48:39Z'),('284','Hilarion','Santana','Hijo','2019/11/03','Masculino','25-56323409-1','4','2024-11-19T13:48:39Z','2024-11-19T13:48:39Z'),('285','Petronila','Santiago','Hija','2021/10/01','Femenino','26-57683839-3','46','2024-11-19T13:48:39Z','2024-11-19T13:48:39Z'),('286','Ireneo','Parra','Hijo','2020/11/25','Masculino','22-57079636-8','54','2024-11-19T13:48:39Z','2024-11-19T13:48:39Z'),('287','Anastasia','Marin','Hija','2008/08/27','Femenino','26-48361581-3','48','2024-11-19T13:48:40Z','2024-11-19T13:48:40Z'),('288','Adon','Gomez','Hijo','2018/04/11','Masculino','21-55210507-7','15','2024-11-19T13:48:40Z','2024-11-19T13:48:40Z'),('289','Ezequiel','Ferrer','Hijo','2003/11/15','Masculino','26-44956608-5','79','2024-11-19T13:48:40Z','2024-11-19T13:48:40Z'),('290','Donato','Vega','Hijo','2019/01/13','Masculino','22-55750391-2','88','2024-11-19T13:48:40Z','2024-11-19T13:48:40Z'),('291','Beatriz','Santana','Hija','2019/10/14','Femenino','20-56284428-3','4','2024-11-19T13:48:40Z','2024-11-19T13:48:40Z'),('292','Jose','Velasco','Hijo','2017/01/15','Masculino','24-54331490-7','90','2024-11-19T13:48:40Z','2024-11-19T13:48:40Z'),('293','Rebeca','Cabrera','Hija','2013/06/02','Femenino','26-51752910-5','45','2024-11-19T13:48:40Z','2024-11-19T13:48:40Z'),('294','Isabel','Molina','Hija','2002/11/20','Femenino','22-44254953-1','50','2024-11-19T13:48:41Z','2024-11-19T13:48:41Z'),('295','Carlos','Soto','Hijo','2002/03/14','Masculino','26-43765744-3','80','2024-11-19T13:48:41Z','2024-11-19T13:48:41Z'),('296','Angela','Hernandez','Hija','2003/06/26','Femenino','22-44679844-6','53','2024-11-19T13:48:41Z','2024-11-19T13:48:41Z'),('297','Rosalia','Flores','Hija','2006/07/26','Femenino','27-46874463-4','82','2024-11-19T13:48:41Z','2024-11-19T13:48:41Z'),('298','Felix','Molina','Hijo','2014/07/07','Masculino','28-52532526-2','50','2024-11-19T13:48:41Z','2024-11-19T13:48:41Z'),('299','Borja','Lozano','Hija','2005/07/05','Femenino','25-46122134-8','55','2024-11-19T13:48:41Z','2024-11-19T13:48:41Z'),('300','Salomon','Ferrer','Hijo','2017/10/20','Masculino','20-54873323-3','52','2024-11-19T13:48:42Z','2024-11-19T13:48:42Z'),('301','Heraclio','Lopez','Hijo','2006/03/09','Masculino','24-46603546-8','85','2024-11-19T13:48:42Z','2024-11-19T13:48:42Z'),('302','Angeles','Diez','Hijo','2022/05/11','Masculino','28-58116526-7','65','2024-11-19T13:48:42Z','2024-11-19T13:48:42Z'),('303','Matilde','Duran','Hija','2020/03/30','Femenino','27-56611867-1','6','2024-11-19T13:48:42Z','2024-11-19T13:48:42Z'),('304','Amelia','Flores','Hija','2009/11/11','Femenino','23-49221107-7','94','2024-11-19T13:48:42Z','2024-11-19T13:48:42Z'),('305','Isidro','Velasco','Hijo','2018/04/26','Masculino','25-55239743-4','90','2024-11-19T13:48:42Z','2024-11-19T13:48:42Z'),('306','Roman','Ferrer','Hijo','2003/11/09','Masculino','21-44944913-2','79','2024-11-19T13:48:42Z','2024-11-19T13:48:42Z'),('307','Elena','Ramos','Hija','2019/07/17','Femenino','24-56110964-8','60','2024-11-19T13:48:43Z','2024-11-19T13:48:43Z'),('308','Matias','Leon','Hijo','2017/08/26','Masculino','21-54766126-8','93','2024-11-19T13:48:43Z','2024-11-19T13:48:43Z'),('309','Consuelo','Diez','Hija','2023/02/22','Femenino','25-58675900-5','20','2024-11-19T13:48:43Z','2024-11-19T13:48:43Z'),('310','Segismundo','Blesa','Hijo','2021/09/29','Masculino','27-57679941-8','74','2024-11-19T13:48:43Z','2024-11-19T13:48:43Z'),('311','Alfredo','Velasco','Hijo','2018/10/17','Masculino','26-55578876-8','90','2024-11-19T13:48:43Z','2024-11-19T13:48:43Z'),('312','Remedios','Vidal','Hija','2023/01/15','Femenino','28-58601837-4','61','2024-11-19T13:48:43Z','2024-11-19T13:48:43Z'),('313','Constantino','Duran','Hijo','2002/03/20','Masculino','22-43777438-3','6','2024-11-19T13:48:44Z','2024-11-19T13:48:44Z'),('314','Otilia','Carmona','Hija','2014/01/17','Femenino','20-52199240-2','13','2024-11-19T13:48:44Z','2024-11-19T13:48:44Z'),('315','Bonifacio','Guerrero','Hijo','2023/04/18','Masculino','22-58783097-4','2','2024-11-19T13:48:44Z','2024-11-19T13:48:44Z'),('316','Consuelo','Ramirez','Hija','2006/01/10','Femenino','21-46490502-5','87','2024-11-19T13:48:44Z','2024-11-19T13:48:44Z'),('318','Carina','Gallardo','Hija','2018/01/13','Femenino','28-55038992-1','40','2024-11-19T13:48:44Z','2024-11-19T13:48:44Z'),('319','Fermin','Gonzalez','Hijo','2023/09/13','Masculino','26-59071555-6','81','2024-11-19T13:48:44Z','2024-11-19T13:48:44Z'),('320','Sofia','Lozano','Hija','2012/01/15','Femenino','27-50770594-8','92','2024-11-19T13:48:45Z','2024-11-19T13:48:45Z'),('321','Rodrigo','Bravo','Hijo','2002/07/27','Masculino','28-44028865-3','32','2024-11-19T13:48:45Z','2024-11-19T13:48:45Z'),('322','Leoncio','Cabrera','Hijo','2013/02/08','Masculino','24-51530720-8','33','2024-11-19T13:48:45Z','2024-11-19T13:48:45Z'),('323','Noelia','Ruiz','Hija','2009/03/14','Femenino','28-48749440-5','21','2024-11-19T13:48:45Z','2024-11-19T13:48:45Z'),('324','Manuela','Martin','Hija','2019/04/12','Femenino','22-55923856-4','70','2024-11-19T13:48:45Z','2024-11-19T13:48:45Z'),('325','Ariadna','Velasco','Hija','2007/07/02','Femenino','24-47539086-7','90','2024-11-19T13:48:45Z','2024-11-19T13:48:45Z'),('326','Hildegarda','Ferrer','Hija','2009/06/09','Femenino','24-48919006-3','79','2024-11-19T13:48:46Z','2024-11-19T13:48:46Z'),('327','Antonia','Pascual','Hija','2014/03/01','Femenino','21-52283049-2','64','2024-11-19T13:48:46Z','2024-11-19T13:48:46Z'),('328','Luisa','Gonzalez','Hija','2023/04/22','Femenino','21-58790894-8','81','2024-11-19T13:48:46Z','2024-11-19T13:48:46Z'),('329','Tomas','Lozano','Hijo','2012/09/02','Masculino','23-51220822-8','92','2024-11-19T13:48:46Z','2024-11-19T13:48:46Z'),('330','Ascension','Martin','Hija','2019/02/02','Femenino','20-55789372-6','70','2024-11-19T13:48:46Z','2024-11-19T13:48:46Z'),('331','Albina','Leon','Hija','2017/08/20','Femenino','25-54754432-1','93','2024-11-19T13:48:47Z','2024-11-19T13:48:47Z'),('332','Noe','Gallardo','Hijo','2017/01/01','Masculino','27-54304204-5','40','2024-11-19T13:48:47Z','2024-11-19T13:48:47Z'),('333','Cristina','Bravo','Hija','2015/05/15','Femenino','23-53140627-8','32','2024-11-19T13:48:47Z','2024-11-19T13:48:47Z'),('334','Gisela','Leon','Hija','2017/01/29','Femenino','27-54358777-7','93','2024-11-19T13:48:47Z','2024-11-19T13:48:47Z'),('335','Noelia','Duran','Hija','2006/09/13','Femenino','23-46969966-3','6','2024-11-19T13:48:47Z','2024-11-19T13:48:47Z'),('336','Adela','Montero','Hija','2016/05/03','Femenino','27-53830587-2','83','2024-11-19T13:48:47Z','2024-11-19T13:48:47Z'),('337','Jacobo','Delgado','Hijo','2023/09/10','Masculino','23-59065708-3','34','2024-11-19T13:48:48Z','2024-11-19T13:48:48Z'),('338','Marina','Bravo','Hija','2017/03/26','Femenino','27-54467923-7','9','2024-11-19T13:48:48Z','2024-11-19T13:48:48Z'),('339','Porfirio','Cabrera','Hijo','2013/02/22','Masculino','26-51558006-3','45','2024-11-19T13:48:48Z','2024-11-19T13:48:48Z'),('340','Camilo','Bravo','Hijo','2003/05/06','Masculino','24-44580443-7','9','2024-11-19T13:48:48Z','2024-11-19T13:48:48Z'),('341','Isabel','Carrasco','Hija','2009/11/06','Femenino','27-49211362-1','23','2024-11-19T13:48:48Z','2024-11-19T13:48:48Z'),('342','Susana','Navarro','Hija','2008/10/16','Femenino','21-48459033-1','26','2024-11-19T13:48:48Z','2024-11-19T13:48:48Z'),('343','Gabriel','Prieto','Hijo','2019/03/15','Masculino','27-55869283-4','11','2024-11-19T13:48:48Z','2024-11-19T13:48:48Z'),('344','Esiquio','Santana','Hijo','2012/01/02','Masculino','20-50745256-2','58','2024-11-19T13:48:49Z','2024-11-19T13:48:49Z'),('345','Rosalia','Diez','Hija','2022/04/29','Femenino','24-58093137-4','65','2024-11-19T13:48:49Z','2024-11-19T13:48:49Z'),('346','Nicomedes','Rubio','Hijo','2023/09/16','Masculino','25-59077402-3','19','2024-11-19T13:48:49Z','2024-11-19T13:48:49Z'),('348','Elisa','Carrasco','Hija','2021/01/17','Femenino','28-57182936-3','98','2024-11-19T13:48:49Z','2024-11-19T13:48:49Z'),('349','Ignacio','Ferrer','Hijo','2005/08/03','Masculino','25-46178656-4','79','2024-11-19T13:48:49Z','2024-11-19T13:48:49Z'),('350','Noe','Garcia','Hijo','2023/09/24','Masculino','25-59092995-8','37','2024-11-19T13:48:49Z','2024-11-19T13:48:49Z'),('351','Susana','Hernandez','Hija','2007/08/15','Femenino','22-47624843-2','68','2024-11-19T13:48:50Z','2024-11-19T13:48:50Z'),('352','Facundo','Mora','Hijo','2019/11/03','Masculino','26-56323409-4','66','2024-11-19T13:48:50Z','2024-11-19T13:48:50Z'),('353','Almudena','Fuentes','Hija','2021/05/27','Femenino','20-57436311-8','71','2024-11-19T13:48:50Z','2024-11-19T13:48:50Z'),('354','Lidia','Vega','Hija','2019/04/09','Femenino','24-55918009-2','88','2024-11-19T13:48:50Z','2024-11-19T13:48:50Z'),('355','Virginia','Gomez','Hija','2018/01/06','Femenino','21-55025348-6','15','2024-11-19T13:48:50Z','2024-11-19T13:48:50Z'),('356','Veronica','Leon','Hija','2017/11/06','Femenino','27-54906457-1','93','2024-11-19T13:48:50Z','2024-11-19T13:48:50Z'),('357','Lidia','Gallardo','Hija','2017/02/01','Femenino','21-54364624-2','40','2024-11-19T13:48:51Z','2024-11-19T13:48:51Z'),('358','Heraclio','Blesa','Hijo','2018/01/22','Masculino','21-55056533-4','74','2024-11-19T13:48:51Z','2024-11-19T13:48:51Z'),('359','Amelia','Lozano','Hija','2016/06/07','Femenino','27-53898803-2','92','2024-11-19T13:48:51Z','2024-11-19T13:48:51Z'),('360','Ananias','Mora','Hija','2012/03/01','Femenino','23-50860250-1','66','2024-11-19T13:48:51Z','2024-11-19T13:48:51Z'),('361','Pedro','Bravo','Hijo','2003/02/01','Masculino','23-44397233-6','32','2024-11-19T13:48:51Z','2024-11-19T13:48:51Z'),('362','Gonzalo','Garcia','Hijo','2023/01/10','Masculino','26-58592092-6','37','2024-11-19T13:48:51Z','2024-11-19T13:48:51Z'),('363','Esperanza','Ferrer','Hija','2015/04/23','Femenino','24-53097748-4','79','2024-11-19T13:48:52Z','2024-11-19T13:48:52Z'),('364','Daniel','Velasco','Hijo','2007/10/02','Masculino','20-47718397-2','90','2024-11-19T13:48:52Z','2024-11-19T13:48:52Z'),('365','Claudio','Parra','Hijo','2013/07/14','Masculino','27-51834770-2','76','2024-11-19T13:48:52Z','2024-11-19T13:48:52Z'),('366','Monica','Velasco','Hija','2005/07/20','Femenino','27-46151369-7','73','2024-11-19T13:48:52Z','2024-11-19T13:48:52Z'),('367','Abdon','Montero','Hijo','2016/07/20','Masculino','27-53982612-5','83','2024-11-19T13:48:52Z','2024-11-19T13:48:52Z'),('368','Fidel','Ruiz','Hijo','2009/10/22','Masculino','26-49182126-3','21','2024-11-19T13:48:52Z','2024-11-19T13:48:52Z'),('369','Marina','Ferrer','Hija','2008/01/18','Femenino','20-47928894-1','79','2024-11-19T13:48:52Z','2024-11-19T13:48:52Z'),('372','Evaristo','Montero','Hijo','2016/04/03','Masculino','22-53772116-2','83','2024-11-19T13:48:53Z','2024-11-19T13:48:53Z'),('373','Gema','Carrasco','Hija','2009/07/25','Femenino','23-49008662-1','23','2024-11-19T13:48:53Z','2024-11-19T13:48:53Z'),('374','Marina','Ferrer','Hija','2007/04/17','Femenino','27-47390959-7','52','2024-11-19T13:48:53Z','2024-11-19T13:48:53Z'),('376','Candida','Ruiz','Hija','2009/04/06','Femenino','27-48794267-4','21','2024-11-19T13:48:54Z','2024-11-19T13:48:54Z'),('377','Adalberto','Velasco','Hijo','2012/04/09','Masculino','25-50936262-3','73','2024-11-19T13:48:54Z','2024-11-19T13:48:54Z'),('378','Claudio','Velasco','Hijo','2008/01/12','Masculino','21-47917199-4','90','2024-11-19T13:48:54Z','2024-11-19T13:48:54Z'),('379','Emilia','Gallardo','Hija','2017/09/02','Femenino','20-54779769-3','40','2024-11-19T13:48:54Z','2024-11-19T13:48:54Z'),('380','Celia','Rey','Hija','2012/04/06','Femenino','28-50930415-2','86','2024-11-19T13:48:54Z','2024-11-19T13:48:54Z'),('381','Mercedes','Mendez','Hija','2003/02/15','Femenino','26-44424520-3','3','2024-11-19T13:48:54Z','2024-11-19T13:48:54Z'),('382','Amaro','Mendez','Hijo','2006/01/04','Masculino','28-46478808-6','3','2024-11-19T13:48:54Z','2024-11-19T13:48:54Z'),('383','Soledad','Lozano','Hija','2018/08/26','Femenino','24-55477526-2','55','2024-11-19T13:48:55Z','2024-11-19T13:48:55Z'),('384','Primo','Leon','Hijo','2021/04/08','Masculino','21-57340808-7','93','2024-11-19T13:48:55Z','2024-11-19T13:48:55Z'),('385','Clotilde','Montero','Hija','2016/11/28','Femenino','25-54237936-3','83','2024-11-19T13:48:55Z','2024-11-19T13:48:55Z'),('386','Zaqueo','Calvo','Hijo','2023/02/01','Masculino','28-58634970-3','7','2024-11-19T13:48:55Z','2024-11-19T13:48:55Z'),('387','Juan','Blesa','Hijo','2018/02/01','Masculino','24-55076023-3','74','2024-11-19T13:48:55Z','2024-11-19T13:48:55Z'),('388','Facundo','Blesa','Hijo','2018/07/29','Masculino','21-55422952-2','74','2024-11-19T13:48:55Z','2024-11-19T13:48:55Z'),('389','Antonio','Duran','Hijo','2009/06/23','Masculino','21-48946293-3','6','2024-11-19T13:48:55Z','2024-11-19T13:48:55Z'),('390','Santiago','Guerrero','Hijo','2023/10/27','Masculino','20-59157313-8','2','2024-11-19T13:48:56Z','2024-11-19T13:48:56Z'),('391','Elias','Soto','Hijo','2016/09/16','Masculino','21-54095656-5','80','2024-11-19T13:48:56Z','2024-11-19T13:48:56Z'),('392','Ester','Carrasco','Hija','2021/04/20','Femenino','23-57364196-5','98','2024-11-19T13:48:56Z','2024-11-19T13:48:56Z'),('393','Oswaldo','Gallardo','Hijo','2017/02/10','Masculino','28-54382165-6','40','2024-11-19T13:48:56Z','2024-11-19T13:48:56Z'),('394','Raquel','Cabrera','Hija','2014/09/15','Femenino','23-52668959-2','45','2024-11-19T13:48:56Z','2024-11-19T13:48:56Z'),('395','Laureano','Vidal','Hijo','2023/03/29','Masculino','28-58744117-6','61','2024-11-19T13:48:56Z','2024-11-19T13:48:56Z'),('396','Probo','Rubio','Hijo','2023/08/10','Masculino','23-59005288-8','19','2024-11-19T13:48:57Z','2024-11-19T13:48:57Z'),('397','Angel','Bravo','Hijo','2000/01/02','Masculino','21-42202614-4','32','2024-11-19T13:48:57Z','2024-11-19T13:48:57Z'),('398','Sofia','Duran','Hija','2019/05/20','Femenino','21-55997919-8','1','2024-11-19T13:48:57Z','2024-11-19T13:48:57Z'),('399','Josefa','Gallardo','Hija','2017/02/22','Femenino','23-54405554-7','40','2024-11-19T13:48:57Z','2024-11-19T13:48:57Z'),('400','Veronica','Santana','Hija','2010/09/02','Femenino','24-49796074-6','58','2024-11-19T13:48:57Z','2024-11-19T13:48:57Z'),('401','Leonardo','Santana','Hijo','2019/03/21','Masculino','20-55880977-8','4','2024-11-19T13:48:57Z','2024-11-19T13:48:57Z'),('402','Zaqueo','Navarro','Hijo','2011/10/26','Masculino','27-50612722-5','26','2024-11-19T13:48:57Z','2024-11-19T13:48:57Z'),('403','Marcial','Bravo','Hijo','2011/08/19','Masculino','24-50480187-3','9','2024-11-19T13:48:58Z','2024-11-19T13:48:58Z'),('404','Trinidad','Carrasco','Hija','2021/03/18','Femenino','26-57299878-7','98','2024-11-19T13:48:58Z','2024-11-19T13:48:58Z'),('405','Casiano','Cabrera','Hijo','2022/11/16','Masculino','25-58484894-4','45','2024-11-19T13:48:58Z','2024-11-19T13:48:58Z'),('406','Sergio','Santiago','Hijo','2021/01/13','Masculino','23-57175139-1','46','2024-11-19T13:48:58Z','2024-11-19T13:48:58Z'),('407','Basileo','Ruiz','Hijo','2014/11/18','Masculino','24-52793698-5','21','2024-11-19T13:48:58Z','2024-11-19T13:48:58Z'),('408','Salome','Ferrer','Hija','2013/11/12','Femenino','23-52070604-2','52','2024-11-19T13:48:58Z','2024-11-19T13:48:58Z'),('409','Marcelino','Carrasco','Hijo','2021/07/03','Masculino','21-57508425-8','98','2024-11-19T13:48:59Z','2024-11-19T13:48:59Z'),('410','Nemesio','Lozano','Hijo','2005/09/12','Masculino','26-46256617-8','55','2024-11-19T13:48:59Z','2024-11-19T13:48:59Z'),('411','Ascension','Pascual','Hija','2003/07/17','Femenino','22-44720774-4','64','2024-11-19T13:48:59Z','2024-11-19T13:48:59Z'),('412','Ana','Lozano','Hija','2019/09/17','Femenino','20-56231804-2','97','2024-11-19T13:48:59Z','2024-11-19T13:48:59Z'),('413','Ricardo','Gomez','Hijo','2018/05/18','Masculino','22-55282622-7','15','2024-11-19T13:48:59Z','2024-11-19T13:48:59Z'),('414','Consuelo','Leon','Hija','2022/01/03','Femenino','20-57867049-7','93','2024-11-19T13:48:59Z','2024-11-19T13:48:59Z'),('415','Ester','Herrero','Hija','2013/11/14','Femenino','24-52074502-8','27','2024-11-19T13:48:59Z','2024-11-19T13:48:59Z'),('416','Celina','Calvo','Hija','2023/09/26','Femenino','23-59096893-2','7','2024-11-19T13:49:00Z','2024-11-19T13:49:00Z'),('417','Columba','Pascual','Hijo','2002/07/29','Masculino','27-44032763-7','64','2024-11-19T13:49:00Z','2024-11-19T13:49:00Z'),('418','Anna','Molina','Hijo','2011/10/07','Masculino','26-50575690-7','50','2024-11-19T13:49:00Z','2024-11-19T13:49:00Z'),('419','Isaias','Bravo','Hijo','2021/06/11','Masculino','28-57465546-3','9','2024-11-19T13:49:00Z','2024-11-19T13:49:00Z'),('420','Marta','Carrasco','Hija','2010/11/11','Femenino','27-49932507-1','23','2024-11-19T13:49:00Z','2024-11-19T13:49:00Z'),('421','Pascual','Cabrera','Hijo','2013/11/06','Masculino','25-52058909-1','33','2024-11-19T13:49:00Z','2024-11-19T13:49:00Z'),('422','Cesar','Vidal','Hijo','2023/02/02','Masculino','24-58636919-2','61','2024-11-19T13:49:00Z','2024-11-19T13:49:00Z'),('423','Fatima','Gomez','Hija','2018/08/03','Femenino','20-55432698-4','15','2024-11-19T13:49:01Z','2024-11-19T13:49:01Z'),('424','Anna','Hernandez','Hijo','2021/10/30','Masculino','21-57740361-5','53','2024-11-19T13:49:01Z','2024-11-19T13:49:01Z'),('425','Pilar','Parra','Hija','2020/05/04','Femenino','24-56680083-1','54','2024-11-19T13:49:01Z','2024-11-19T13:49:01Z'),('426','Emiliano','Lopez','Hijo','2017/09/27','Masculino','21-54828495-7','85','2024-11-19T13:49:01Z','2024-11-19T13:49:01Z'),('427','Andres','Lozano','Hijo','2005/11/02','Masculino','27-46356018-6','55','2024-11-19T13:49:01Z','2024-11-19T13:49:01Z'),('428','Oscar','Leon','Hijo','2017/08/03','Masculino','26-54721298-5','93','2024-11-19T13:49:01Z','2024-11-19T13:49:01Z'),('429','Eduardo','Blesa','Hijo','2018/07/20','Masculino','23-55405411-6','74','2024-11-19T13:49:02Z','2024-11-19T13:49:02Z'),('430','Aurea','Velasco','Hija','2018/05/20','Femenino','20-55286520-1','73','2024-11-19T13:49:02Z','2024-11-19T13:49:02Z'),('431','Jacobo','Bravo','Hijo','2010/05/29','Masculino','21-49608966-1','32','2024-11-19T13:49:02Z','2024-11-19T13:49:02Z'),('432','Petronila','Ruiz','Hija','2009/02/12','Femenino','28-48690968-7','21','2024-11-19T13:49:02Z','2024-11-19T13:49:02Z'),('433','Anastasia','Santana','Hija','2007/11/14','Femenino','26-47802206-5','58','2024-11-19T13:49:02Z','2024-11-19T13:49:02Z'),('434','Salome','Rey','Hija','2008/03/27','Femenino','20-48063377-8','86','2024-11-19T13:49:02Z','2024-11-19T13:49:02Z'),('435','Albina','Pascual','Hija','2007/01/11','Femenino','22-47203851-3','64','2024-11-19T13:49:02Z','2024-11-19T13:49:02Z'),('436','Aresio','Lozano','Hijo','2021/09/29','Masculino','22-57679941-6','92','2024-11-19T13:49:03Z','2024-11-19T13:49:03Z'),('437','Veronica','Delgado','Hija','2023/08/22','Femenino','28-59028676-3','34','2024-11-19T13:49:03Z','2024-11-19T13:49:03Z'),('438','Irene','Lorenzo','Hija','2007/09/02','Femenino','20-47659926-8','77','2024-11-19T13:49:03Z','2024-11-19T13:49:03Z'),('439','Dolores','Carrasco','Hijo','2021/02/17','Masculino','23-57243356-6','98','2024-11-19T13:49:03Z','2024-11-19T13:49:03Z'),('440','Mariano','Hernandez','Hijo','2008/09/01','Masculino','25-48371326-7','68','2024-11-19T13:49:03Z','2024-11-19T13:49:03Z'),('441','Nieves','Carrasco','Hija','2021/08/11','Femenino','25-57584438-6','98','2024-11-19T13:49:03Z','2024-11-19T13:49:03Z'),('442','Atanasio','Martin','Hijo','2020/01/13','Masculino','20-56461791-1','70','2024-11-19T13:49:04Z','2024-11-19T13:49:04Z'),('443','Esther','Blesa','Hija','2018/06/09','Femenino','28-55325500-1','74','2024-11-19T13:49:04Z','2024-11-19T13:49:04Z'),('444','Teofila','Parra','Hija','2020/05/04','Femenino','25-56680083-2','54','2024-11-19T13:49:04Z','2024-11-19T13:49:04Z'),('445','Gerardo','Lopez','Hijo','1998/05/13','Masculino','22-41035139-7','85','2024-11-19T13:49:04Z','2024-11-19T13:49:04Z'),('446','Velerio','Parra','Hijo','2013/10/03','Masculino','26-51992642-8','76','2024-11-19T13:49:04Z','2024-11-19T13:49:04Z'),('447','Toribio','Velasco','Hijo','2007/03/25','Masculino','24-47346131-1','90','2024-11-19T13:49:04Z','2024-11-19T13:49:04Z'),('448','Constancio','Velasco','Hijo','2013/05/23','Masculino','22-51733420-2','90','2024-11-19T13:49:04Z','2024-11-19T13:49:04Z'),('449','German','Guerrero','Hijo','2023/05/24','Masculino','26-58853263-7','2','2024-11-19T13:49:05Z','2024-11-19T13:49:05Z'),('450','Lucrecia','Delgado','Hija','2023/03/25','Femenino','25-58736320-4','38','2024-11-19T13:49:05Z','2024-11-19T13:49:05Z'),('451','Gustavo','Lozano','Hijo','2012/07/02','Masculino','24-51099982-8','92','2024-11-19T13:49:05Z','2024-11-19T13:49:05Z'),('452','Gonzalo','Garcia','Hijo','2023/02/06','Masculino','20-58644716-3','37','2024-11-19T13:49:05Z','2024-11-19T13:49:05Z'),('453','Javier','Diez','Hijo','2023/02/19','Masculino','21-58670053-4','20','2024-11-19T13:49:05Z','2024-11-19T13:49:05Z'),('454','Luis','Ramirez','Hijo','2012/10/19','Masculino','22-51312427-7','87','2024-11-19T13:49:05Z','2024-11-19T13:49:05Z'),('455','Borja','Vidal','Hija','2023/11/28','Femenino','21-59219682-5','61','2024-11-19T13:49:06Z','2024-11-19T13:49:06Z'),('456','Albert','Leon','Hijo','2017/02/10','Masculino','23-54382165-6','93','2024-11-19T13:49:06Z','2024-11-19T13:49:06Z'),('457','Claudia','Mora','Hija','2015/04/13','Femenino','25-53078257-6','66','2024-11-19T13:49:06Z','2024-11-19T13:49:06Z'),('458','Ines','Carrasco','Hija','2009/09/27','Femenino','28-49133400-8','23','2024-11-19T13:49:06Z','2024-11-19T13:49:06Z'),('459','Jonas','Guerrero','Hijo','2023/04/09','Masculino','24-58765556-2','2','2024-11-19T13:49:06Z','2024-11-19T13:49:06Z'),('460','Salome','Cabrera','Hija','2013/03/04','Femenino','26-51577497-2','33','2024-11-19T13:49:06Z','2024-11-19T13:49:06Z'),('461','Benigno','Carmona','Hijo','2014/10/28','Masculino','27-52752768-3','13','2024-11-19T13:49:06Z','2024-11-19T13:49:06Z'),('462','Virgilio','Diez','Hijo','2023/04/10','Masculino','27-58767505-8','20','2024-11-19T13:49:07Z','2024-11-19T13:49:07Z'),('463','Homero','Mora','Hijo','2006/09/14','Masculino','27-46971915-8','66','2024-11-19T13:49:07Z','2024-11-19T13:49:07Z'),('464','Carmen','Lozano','Hija','2005/09/10','Femenino','24-46252719-7','55','2024-11-19T13:49:07Z','2024-11-19T13:49:07Z'),('465','Carolina','Lopez','Hija','1999/05/12','Femenino','20-41744590-5','85','2024-11-19T13:49:07Z','2024-11-19T13:49:07Z'),('466','Matilde','Cortes','Hija','2003/03/02','Femenino','21-44453755-4','12','2024-11-19T13:49:07Z','2024-11-19T13:49:07Z'),('467','Soledad','Mora','Hija','2020/05/22','Femenino','23-56715166-3','66','2024-11-19T13:49:07Z','2024-11-19T13:49:07Z'),('468','Milagros','Ferrer','Hija','2001/05/01','Femenino','22-43147899-3','79','2024-11-19T13:49:07Z','2024-11-19T13:49:07Z'),('469','Borja','Vidal','Hija','2023/08/30','Femenino','24-59044269-7','61','2024-11-19T13:49:08Z','2024-11-19T13:49:08Z'),('470','Luisa','Lozano','Hija','2012/11/23','Femenino','22-51380644-6','92','2024-11-19T13:49:08Z','2024-11-19T13:49:08Z'),('471','Alba','Navarro','Hija','2016/03/26','Femenino','21-53756523-5','26','2024-11-19T13:49:08Z','2024-11-19T13:49:08Z'),('472','Eliseo','Prieto','Hijo','2004/02/14','Masculino','24-45133970-7','11','2024-11-19T13:49:08Z','2024-11-19T13:49:08Z'),('473','Aurelio','Martin','Hijo','2019/04/03','Masculino','27-55906314-5','70','2024-11-19T13:49:08Z','2024-11-19T13:49:08Z'),('474','Ernesto','Bravo','Hijo','2006/03/27','Masculino','27-46638629-2','9','2024-11-19T13:49:08Z','2024-11-19T13:49:08Z'),('475','Joaquin','Gonzalez','Hijo','2023/08/23','Masculino','28-59030626-8','81','2024-11-19T13:49:09Z','2024-11-19T13:49:09Z'),('476','Casimiro','Velasco','Hijo','2008/03/03','Masculino','21-48016600-2','73','2024-11-19T13:49:09Z','2024-11-19T13:49:09Z'),('477','Concepcion','Parra','Hija','2013/03/22','Femenino','23-51612579-7','76','2024-11-19T13:49:09Z','2024-11-19T13:49:09Z'),('478','Patricia','Blesa','Hija','2018/10/14','Femenino','27-55573029-5','74','2024-11-19T13:49:09Z','2024-11-19T13:49:09Z'),('479','Zacarias','Molina','Hijo','2020/11/25','Masculino','22-57079636-3','50','2024-11-19T13:49:10Z','2024-11-19T13:49:10Z'),('480','Concepcion','Diez','Hija','2023/04/29','Femenino','22-58804537-7','20','2024-11-19T13:49:10Z','2024-11-19T13:49:10Z'),('481','Absalon','Carmona','Hijo','2014/05/22','Masculino','20-52442870-2','13','2024-11-19T13:49:10Z','2024-11-19T13:49:10Z'),('482','Moises','Vega','Hijo','2020/07/11','Masculino','22-56812618-8','88','2024-11-19T13:49:10Z','2024-11-19T13:49:10Z'),('483','Velerio','Flores','Hijo','2009/10/06','Masculino','28-49150942-1','94','2024-11-19T13:49:10Z','2024-11-19T13:49:10Z'),('484','Almudena','Cabrera','Hija','2013/01/01','Femenino','28-51456656-7','45','2024-11-19T13:49:10Z','2024-11-19T13:49:10Z'),('485','Enrique','Santana','Hijo','2019/02/09','Masculino','22-55803015-2','4','2024-11-19T13:49:10Z','2024-11-19T13:49:10Z'),('486','Alejandra','Lozano','Hija','2019/08/05','Femenino','26-56147995-3','97','2024-11-19T13:49:11Z','2024-11-19T13:49:11Z'),('487','Victoria','Vidal','Hija','2023/11/18','Femenino','21-59200192-3','61','2024-11-19T13:49:11Z','2024-11-19T13:49:11Z'),('488','Purificacion','Vega','Hija','2020/05/23','Femenino','20-56717115-8','88','2024-11-19T13:49:11Z','2024-11-19T13:49:11Z'),('489','Fortunato','Delgado','Hijo','2023/05/13','Masculino','25-58831823-1','38','2024-11-19T13:49:11Z','2024-11-19T13:49:11Z'),('490','Clotilde','Marin','Hija','2015/03/24','Femenino','20-53039277-8','48','2024-11-19T13:49:11Z','2024-11-19T13:49:11Z'),('491','Natalia','Parra','Hija','2013/02/14','Femenino','26-51542414-2','76','2024-11-19T13:49:11Z','2024-11-19T13:49:11Z'),('492','Toribio','Lopez','Hijo','2009/04/07','Masculino','24-48796216-5','85','2024-11-19T13:49:11Z','2024-11-19T13:49:11Z'),('493','Matilde','Guerrero','Hija','2023/02/13','Femenino','22-58658359-5','2','2024-11-19T13:49:12Z','2024-11-19T13:49:12Z'),('494','Samuel','Guerrero','Hijo','2013/10/13','Masculino','27-52012132-3','30','2024-11-19T13:49:12Z','2024-11-19T13:49:12Z'),('495','Arnaldo','Montero','Hijo','2016/08/26','Masculino','26-54054726-6','83','2024-11-19T13:49:12Z','2024-11-19T13:49:12Z'),('496','Arturo','Ferrer','Hijo','2022/03/20','Masculino','27-58015176-7','52','2024-11-19T13:49:12Z','2024-11-19T13:49:12Z'),('497','Roberto','Hernandez','Hijo','2003/09/02','Masculino','25-44812379-4','53','2024-11-19T13:49:12Z','2024-11-19T13:49:12Z'),('498','Santiago','Vidal','Hijo','2023/06/08','Masculino','26-58882498-7','61','2024-11-19T13:49:12Z','2024-11-19T13:49:12Z'),('499','Ricardo','Hernandez','Hijo','1999/11/18','Masculino','23-42114907-8','53','2024-11-19T13:49:13Z','2024-11-19T13:49:13Z'),('500','Miriam','Lorenzo','Hija','2000/07/16','Femenino','28-42584626-2','77','2024-11-19T13:49:13Z','2024-11-19T13:49:13Z'),('501','Sofia','Flores','Hija','2015/06/03','Femenino','25-53177658-1','82','2024-11-19T14:17:27Z','2024-11-19T14:17:27Z'),('502','Fidel','Santana','Hijo','2019/07/01','Masculino','25-56079779-3','4','2024-11-19T14:17:28Z','2024-11-19T14:17:28Z'),('503','Manuela','Guerrero','Hija','2023/05/20','Femenino','27-58845467-2','2','2024-11-19T14:17:28Z','2024-11-19T14:17:28Z'),('504','Magdalena','Bravo','Hija','2019/01/17','Femenino','27-55758187-3','9','2024-11-19T14:17:28Z','2024-11-19T14:17:28Z'),('505','Zacarias','Hernandez','Hijo','1998/04/07','Masculino','25-40964974-6','53','2024-11-19T14:17:28Z','2024-11-19T14:17:28Z'),('506','Marta','Velasco','Hija','2020/03/27','Femenino','27-56606020-4','90','2024-11-19T14:17:28Z','2024-11-19T14:17:28Z'),('507','Valentin','Ferrer','Hijo','2006/06/10','Masculino','20-46784807-1','79','2024-11-19T14:17:28Z','2024-11-19T14:17:28Z'),('508','Rosario','Calvo','Hija','2023/03/08','Femenino','23-58703187-5','7','2024-11-19T14:17:29Z','2024-11-19T14:17:29Z'),('509','Petronila','Molina','Hija','2004/04/16','Femenino','22-45254811-3','50','2024-11-19T14:17:29Z','2024-11-19T14:17:29Z'),('510','Purificacion','Hernandez','Hija','2020/01/01','Femenino','28-56438402-3','53','2024-11-19T14:17:29Z','2024-11-19T14:17:29Z'),('511','Dimas','Santana','Hijo','2010/10/10','Masculino','23-49870138-8','58','2024-11-19T14:17:29Z','2024-11-19T14:17:29Z'),('512','Oriol','Marin','Hijo','2007/10/26','Masculino','26-47765174-1','48','2024-11-19T14:17:29Z','2024-11-19T14:17:29Z'),('513','Aniano','Duran','Hijo','2017/03/15','Masculino','26-54446483-3','6','2024-11-19T14:17:29Z','2024-11-19T14:17:29Z'),('514','Alba','Parra','Hija','2013/07/05','Femenino','20-51817228-8','76','2024-11-19T14:17:29Z','2024-11-19T14:17:29Z'),('515','Araceli','Parra','Hija','2020/09/15','Femenino','22-56941255-2','54','2024-11-19T14:17:30Z','2024-11-19T14:17:30Z'),('516','Emilia','Molina','Hija','2018/06/18','Femenino','24-55343042-8','50','2024-11-19T14:17:30Z','2024-11-19T14:17:30Z'),('517','Odon','Flores','Hijo','2013/07/18','Masculino','23-51842566-7','94','2024-11-19T14:17:30Z','2024-11-19T14:17:30Z'),('518','Marta','Cabrera','Hija','2014/05/18','Femenino','22-52435074-5','45','2024-11-19T14:17:30Z','2024-11-19T14:17:30Z'),('519','Belen','Guerrero','Hija','2012/10/04','Femenino','20-51283192-3','30','2024-11-19T14:17:30Z','2024-11-19T14:17:30Z'),('521','Elias','Santana','Hijo','2019/10/26','Masculino','25-56307817-6','4','2024-11-19T14:17:30Z','2024-11-19T14:17:30Z'),('522','Celia','Ramos','Hija','2019/09/17','Femenino','25-56231804-3','60','2024-11-19T14:17:31Z','2024-11-19T14:17:31Z'),('523','Josefa','Santiago','Hija','2021/05/23','Femenino','25-57428515-1','46','2024-11-19T14:17:31Z','2024-11-19T14:17:31Z'),('524','Eva','Lozano','Hija','2019/10/21','Femenino','28-56298071-5','97','2024-11-19T14:17:31Z','2024-11-19T14:17:31Z'),('525','Irene','Parra','Hija','2017/01/29','Femenino','24-54358777-8','76','2024-11-19T14:17:31Z','2024-11-19T14:17:31Z'),('526','Josefa','Carrasco','Hija','2009/07/26','Femenino','21-49010611-8','23','2024-11-19T14:17:31Z','2024-11-19T14:17:31Z'),('527','Jonas','Santiago','Hijo','2021/08/01','Masculino','28-57564947-7','46','2024-11-19T14:17:31Z','2024-11-19T14:17:31Z'),('528','Lourdes','Marin','Hijo','2015/07/10','Masculino','27-53249773-1','48','2024-11-19T14:17:32Z','2024-11-19T14:17:32Z'),('529','Alba','Cabrera','Hija','2016/06/07','Femenino','22-53898803-2','33','2024-11-19T14:17:32Z','2024-11-19T14:17:32Z'),('530','Antonia','Parra','Hija','2013/07/29','Femenino','20-51864005-3','76','2024-11-19T14:17:32Z','2024-11-19T14:17:32Z'),('531','Isaac','Ruiz','Hijo','2014/02/01','Masculino','28-52228476-7','21','2024-11-19T14:17:32Z','2024-11-19T14:17:32Z'),('532','Inocencio','Montero','Hijo','2021/06/22','Masculino','27-57486986-4','83','2024-11-19T14:17:32Z','2024-11-19T14:17:32Z'),('533','Marcial','Molina','Hijo','2020/05/23','Masculino','26-56717115-3','50','2024-11-19T14:17:32Z','2024-11-19T14:17:32Z'),('534','Cesareo','Parra','Hijo','2013/01/14','Masculino','22-51481994-7','76','2024-11-19T14:17:32Z','2024-11-19T14:17:32Z'),('535','Primo','Flores','Hijo','2020/01/28','Masculino','23-56491026-7','82','2024-11-19T14:17:33Z','2024-11-19T14:17:33Z'),('536','Basileo','Diez','Hijo','2023/08/22','Masculino','23-59028676-2','20','2024-11-19T14:17:33Z','2024-11-19T14:17:33Z'),('537','Eduardo','Diez','Hijo','2022/02/24','Masculino','22-57968399-7','65','2024-11-19T14:17:33Z','2024-11-19T14:17:33Z'),('538','Ester','Martin','Hija','2019/02/04','Femenino','27-55793270-8','70','2024-11-19T14:17:33Z','2024-11-19T14:17:33Z'),('539','Nieves','Hernandez','Hija','1998/11/12','Femenino','28-41391814-6','53','2024-11-19T14:17:33Z','2024-11-19T14:17:33Z'),('540','Lidia','Garcia','Hija','2023/08/25','Femenino','24-59034524-2','37','2024-11-19T14:17:33Z','2024-11-19T14:17:33Z'),('541','Mercedes','Santana','Hija','2019/02/03','Femenino','25-55791321-7','4','2024-11-19T14:17:33Z','2024-11-19T14:17:33Z'),('542','Acacio','Herrero','Hijo','1998/02/02','Masculino','22-40840235-3','27','2024-11-19T14:17:34Z','2024-11-19T14:17:34Z'),('543','Rosa','Gomez','Hija','2018/06/23','Femenino','25-55352787-4','15','2024-11-19T14:17:34Z','2024-11-19T14:17:34Z'),('544','Nuria','Mendez','Hija','2007/09/17','Femenino','24-47689162-2','3','2024-11-19T14:17:34Z','2024-11-19T14:17:34Z'),('545','Anastasia','Ramos','Hija','2020/10/17','Femenino','25-57003624-7','60','2024-11-19T14:17:34Z','2024-11-19T14:17:34Z'),('546','Victor','Lozano','Hijo','2021/04/13','Masculino','24-57350553-6','97','2024-11-19T14:17:34Z','2024-11-19T14:17:34Z'),('547','Epifania','Bravo','Hija','2014/09/01','Femenino','28-52641672-5','32','2024-11-19T14:17:34Z','2024-11-19T14:17:34Z'),('548','Cirino','Mendez','Hijo','2002/03/30','Masculino','20-43796929-2','3','2024-11-19T14:17:35Z','2024-11-19T14:17:35Z'),('549','Lino','Ruiz','Hijo','2009/09/17','Masculino','27-49113910-1','21','2024-11-19T14:17:35Z','2024-11-19T14:17:35Z'),('550','Alberto','Lorenzo','Hijo','2015/06/04','Masculino','22-53179607-3','77','2024-11-19T14:17:35Z','2024-11-19T14:17:35Z'),('551','Vladimiro','Leon','Hijo','2017/10/22','Masculino','28-54877221-5','93','2024-11-19T14:17:35Z','2024-11-19T14:17:35Z'),('552','Miriam','Santana','Hija','2019/10/20','Femenino','23-56296122-6','4','2024-11-19T14:17:35Z','2024-11-19T14:17:35Z'),('553','Angela','Parra','Hija','2020/01/19','Femenino','25-56473485-1','54','2024-11-19T14:17:35Z','2024-11-19T14:17:35Z'),('554','Fabiola','Carrasco','Hija','2013/03/01','Femenino','28-51571649-2','23','2024-11-19T14:17:35Z','2024-11-19T14:17:35Z'),('555','Gisela','Blesa','Hija','2018/08/06','Femenino','26-55438545-8','74','2024-11-19T14:17:36Z','2024-11-19T14:17:36Z'),('556','Mercedes','Martin','Hija','2019/03/02','Femenino','21-55843945-7','70','2024-11-19T14:17:36Z','2024-11-19T14:17:36Z'),('557','Domingo','Navarro','Hijo','2005/07/24','Masculino','23-46159165-2','26','2024-11-19T14:17:36Z','2024-11-19T14:17:36Z'),('558','Salvador','Cabrera','Hijo','2018/09/08','Masculino','27-55502863-6','45','2024-11-19T14:17:36Z','2024-11-19T14:17:36Z'),('559','Nuria','Carrasco','Hija','2014/03/16','Femenino','20-52312285-3','23','2024-11-19T14:17:36Z','2024-11-19T14:17:36Z'),('560','Vicenta','Gallardo','Hija','2017/03/18','Femenino','26-54452331-3','40','2024-11-19T14:17:36Z','2024-11-19T14:17:36Z'),('561','Gonzalo','Ferrer','Hijo','2004/05/16','Masculino','22-45313282-8','79','2024-11-19T14:17:36Z','2024-11-19T14:17:36Z'),('562','Gabriel','Bravo','Hijo','2009/02/05','Masculino','27-48677325-8','9','2024-11-19T14:17:37Z','2024-11-19T14:17:37Z'),('563','Leoncio','Cabrera','Hijo','2013/05/29','Masculino','23-51745114-4','33','2024-11-19T14:17:37Z','2024-11-19T14:17:37Z'),('564','Guido','Delgado','Hijo','2023/02/27','Masculino','26-58685645-5','34','2024-11-19T14:17:37Z','2024-11-19T14:17:37Z'),('565','Purificacion','Ramos','Hija','2019/07/23','Femenino','20-56122658-2','60','2024-11-19T14:17:37Z','2024-11-19T14:17:37Z'),('566','Rita','Hernandez','Hija','2002/04/10','Femenino','28-43818368-4','53','2024-11-19T14:17:37Z','2024-11-19T14:17:37Z'),('567','Joan','Diez','Hijo','2022/01/25','Masculino','28-57909928-5','65','2024-11-19T14:17:37Z','2024-11-19T14:17:37Z'),('568','Adelaida','Gonzalez','Hija','2023/05/10','Femenino','26-58825976-1','81','2024-11-19T14:17:38Z','2024-11-19T14:17:38Z'),('569','Isabel','Delgado','Hija','2023/10/30','Femenino','28-59163160-2','34','2024-11-19T14:17:38Z','2024-11-19T14:17:38Z'),('570','Gisela','Ferrer','Hija','2007/06/07','Femenino','27-47490360-3','52','2024-11-19T14:17:38Z','2024-11-19T14:17:38Z'),('571','Adela','Pascual','Hija','2005/03/23','Femenino','23-45919433-6','64','2024-11-19T14:17:38Z','2024-11-19T14:17:38Z'),('572','Justino','Lopez','Hijo','2019/05/15','Masculino','23-55988174-3','85','2024-11-19T14:17:38Z','2024-11-19T14:17:38Z'),('573','Trinidad','Ferrer','Hija','2007/06/20','Femenino','28-47515697-3','52','2024-11-19T14:17:38Z','2024-11-19T14:17:38Z'),('574','Sara','Herrero','Hija','2018/08/25','Femenino','21-55475577-7','27','2024-11-19T14:17:38Z','2024-11-19T14:17:38Z'),('575','Jorge','Ferrer','Hijo','2008/07/30','Masculino','26-48307007-5','79','2024-11-19T14:17:39Z','2024-11-19T14:17:39Z'),('576','Vanesa','Guerrero','Hija','2007/02/14','Femenino','24-47270118-3','30','2024-11-19T14:17:39Z','2024-11-19T14:17:39Z'),('577','Dorotea','Pascual','Hija','2013/07/04','Femenino','24-51815279-1','64','2024-11-19T14:17:39Z','2024-11-19T14:17:39Z'),('578','Ariadna','Gonzalez','Hija','2023/06/15','Femenino','23-58896142-6','81','2024-11-19T14:17:39Z','2024-11-19T14:17:39Z'),('579','Rosa','Cabrera','Hija','2013/01/30','Femenino','21-51513178-7','33','2024-11-19T14:17:39Z','2024-11-19T14:17:39Z'),('580','Primo','Lopez','Hijo','2010/07/18','Masculino','27-49706418-1','85','2024-11-19T14:17:39Z','2024-11-19T14:17:39Z'),('581','Eugenia','Martin','Hija','2019/09/02','Femenino','27-56202568-8','70','2024-11-19T14:17:40Z','2024-11-19T14:17:40Z'),('582','Nicanor','Parra','Hijo','2017/10/15','Masculino','21-54863578-7','76','2024-11-19T14:17:40Z','2024-11-19T14:17:40Z'),('583','Zacarias','Blesa','Hijo','2022/07/10','Masculino','25-58233468-1','74','2024-11-19T14:17:40Z','2024-11-19T14:17:40Z'),('584','Natalia','Ferrer','Hija','2020/04/17','Femenino','27-56646950-2','52','2024-11-19T14:17:40Z','2024-11-19T14:17:40Z'),('585','Guillermo','Cortes','Hijo','2008/09/09','Masculino','28-48386918-1','12','2024-11-19T14:17:40Z','2024-11-19T14:17:40Z'),('586','Melchor','Velasco','Hijo','2018/02/23','Masculino','20-55118902-5','73','2024-11-19T14:17:40Z','2024-11-19T14:17:40Z'),('587','Roman','Calvo','Hijo','2023/03/29','Masculino','23-58744117-5','7','2024-11-19T14:17:40Z','2024-11-19T14:17:40Z'),('588','Barbara','Rubio','Hija','2023/10/11','Femenino','20-59126128-5','19','2024-11-19T14:17:41Z','2024-11-19T14:17:41Z'),('589','Joel','Santana','Hijo','2012/10/19','Masculino','20-51312427-3','58','2024-11-19T14:17:41Z','2024-11-19T14:17:41Z'),('590','Aaron','Vidal','Hijo','2023/06/01','Masculino','25-58868855-6','61','2024-11-19T14:17:41Z','2024-11-19T14:17:41Z'),('591','Vicenta','Leon','Hija','2017/06/07','Femenino','25-54610203-1','93','2024-11-19T14:17:41Z','2024-11-19T14:17:41Z'),('592','Evaristo','Montero','Hijo','2016/03/22','Masculino','25-53748727-7','83','2024-11-19T14:17:41Z','2024-11-19T14:17:41Z'),('593','Antonia','Diez','Hija','2022/01/04','Femenino','25-57868998-8','65','2024-11-19T14:17:41Z','2024-11-19T14:17:41Z'),('594','Aureliano','Ramirez','Hijo','2003/08/12','Masculino','24-44771449-7','87','2024-11-19T14:17:41Z','2024-11-19T14:17:41Z'),('595','Lucrecia','Cabrera','Hija','2013/09/11','Femenino','28-51949763-6','45','2024-11-19T14:17:42Z','2024-11-19T14:17:42Z'),('596','Patricia','Parra','Hija','2022/02/16','Femenino','28-57952806-4','76','2024-11-19T14:17:42Z','2024-11-19T14:17:42Z'),('597','Clara','Molina','Hija','2008/09/11','Femenino','20-48390816-2','100','2024-11-19T14:17:42Z','2024-11-19T14:17:42Z'),('598','Dolores','Santana','Hijo','2016/11/01','Masculino','26-54185312-5','58','2024-11-19T14:17:42Z','2024-11-19T14:17:42Z'),('599','Mario','Gonzalez','Hijo','2023/04/06','Masculino','22-58759709-4','81','2024-11-19T14:17:42Z','2024-11-19T14:17:42Z'),('600','Ascension','Ruiz','Hija','2009/06/11','Femenino','27-48922904-5','21','2024-11-19T14:17:42Z','2024-11-19T14:17:42Z'),('601','Otilia','Velasco','Hija','2021/09/02','Femenino','21-57627317-1','73','2024-11-19T14:17:43Z','2024-11-19T14:17:43Z'),('602','Justino','Guerrero','Hijo','2023/06/27','Masculino','21-58919530-6','2','2024-11-19T14:17:43Z','2024-11-19T14:17:43Z'),('604','Epifania','Rey','Hija','2013/05/15','Femenino','28-51717827-3','86','2024-11-19T14:17:43Z','2024-11-19T14:17:43Z'),('605','Gonzalo','Cabrera','Hijo','2013/03/08','Masculino','26-51585293-2','45','2024-11-19T14:17:43Z','2024-11-19T14:17:43Z'),('606','Leopoldo','Vidal','Hijo','2023/07/05','Masculino','26-58935123-3','61','2024-11-19T14:17:43Z','2024-11-19T14:17:43Z'),('607','Narciso','Martin','Hijo','2019/08/20','Masculino','23-56177231-5','70','2024-11-19T14:17:43Z','2024-11-19T14:17:43Z'),('608','Tomas','Marin','Hijo','2002/01/01','Masculino','27-43625413-8','48','2024-11-19T14:17:44Z','2024-11-19T14:17:44Z'),('609','Heliodoro','Molina','Hijo','2008/02/25','Masculino','27-48002957-4','100','2024-11-19T14:17:44Z','2024-11-19T14:17:44Z'),('610','Sara','Delgado','Hija','2023/02/24','Femenino','26-58679798-2','38','2024-11-19T14:17:44Z','2024-11-19T14:17:44Z'),('611','Segismundo','Flores','Hijo','2009/05/14','Masculino','22-48868331-3','94','2024-11-19T14:17:44Z','2024-11-19T14:17:44Z'),('612','Bartolome','Lozano','Hijo','2010/10/08','Masculino','23-49866239-8','55','2024-11-19T14:17:44Z','2024-11-19T14:17:44Z'),('614','Timoteo','Carrasco','Hijo','2011/03/27','Masculino','23-50197576-2','23','2024-11-19T14:17:45Z','2024-11-19T14:17:45Z'),('615','Miriam','Carrasco','Hija','2021/03/23','Femenino','23-57309623-7','98','2024-11-19T14:17:45Z','2024-11-19T14:17:45Z'),('616','Anna','Flores','Hijo','2006/08/04','Masculino','26-46892004-8','82','2024-11-19T14:17:45Z','2024-11-19T14:17:45Z'),('617','Dacio','Pascual','Hijo','2014/06/15','Masculino','26-52489647-2','64','2024-11-19T14:17:45Z','2024-11-19T14:17:45Z'),('618','Alfredo','Santana','Hijo','2019/06/27','Masculino','28-56071983-2','4','2024-11-19T14:17:45Z','2024-11-19T14:17:45Z'),('619','Benedicto','Rey','Hijo','2016/04/16','Masculino','24-53797453-4','86','2024-11-19T14:17:45Z','2024-11-19T14:17:45Z'),('620','Ceferino','Bravo','Hijo','2005/07/25','Masculino','20-46161114-7','9','2024-11-19T14:17:45Z','2024-11-19T14:17:45Z'),('621','Esdras','Duran','Hijo','2007/04/24','Masculino','25-47404602-7','6','2024-11-19T14:17:46Z','2024-11-19T14:17:46Z'),('622','Bernarda','Delgado','Hija','2023/11/28','Femenino','23-59219682-5','34','2024-11-19T14:17:46Z','2024-11-19T14:17:46Z'),('623','Olga','Carrasco','Hija','2021/03/23','Femenino','24-57309623-1','98','2024-11-19T14:17:46Z','2024-11-19T14:17:46Z'),('624','Elvira','Molina','Hija','2021/06/15','Femenino','27-57473343-6','50','2024-11-19T14:17:46Z','2024-11-19T14:17:46Z'),('625','Patricio','Molina','Hijo','2014/10/29','Masculino','20-52754717-7','50','2024-11-19T14:17:46Z','2024-11-19T14:17:46Z'),('626','Alfonso','Molina','Hijo','2011/08/16','Masculino','24-50474340-5','100','2024-11-19T14:17:46Z','2024-11-19T14:17:46Z'),('627','Eduardo','Guerrero','Hijo','2019/02/13','Masculino','21-55810811-3','30','2024-11-19T14:17:46Z','2024-11-19T14:17:46Z'),('628','Diego','Santana','Hijo','2008/08/12','Masculino','23-48332345-7','58','2024-11-19T14:17:47Z','2024-11-19T14:17:47Z'),('629','Vanesa','Calvo','Hija','2023/10/05','Femenino','25-59114434-7','7','2024-11-19T14:17:47Z','2024-11-19T14:17:47Z'),('630','Salomon','Ramos','Hijo','2019/08/11','Masculino','24-56159690-2','60','2024-11-19T14:17:47Z','2024-11-19T14:17:47Z'),('631','Gertrudis','Guerrero','Hija','2007/03/12','Femenino','24-47320793-7','30','2024-11-19T14:17:47Z','2024-11-19T14:17:47Z'),('632','Francisca','Velasco','Hija','2003/01/18','Femenino','22-44369947-5','73','2024-11-19T14:17:47Z','2024-11-19T14:17:47Z'),('633','Daciano','Lorenzo','Hijo','2008/04/14','Masculino','27-48098460-1','77','2024-11-19T14:17:47Z','2024-11-19T14:17:47Z'),('634','Gisela','Lopez','Hija','2001/06/17','Femenino','26-43239503-6','85','2024-11-19T14:17:48Z','2024-11-19T14:17:48Z'),('635','Esiquio','Blesa','Hijo','2018/11/03','Masculino','27-55612009-3','74','2024-11-19T14:17:48Z','2024-11-19T14:17:48Z'),('636','Fidel','Duran','Hijo','2015/02/21','Masculino','27-52978856-7','1','2024-11-19T14:17:48Z','2024-11-19T14:17:48Z'),('637','Miriam','Marin','Hija','2008/04/24','Femenino','24-48117951-7','48','2024-11-19T14:17:48Z','2024-11-19T14:17:48Z'),('638','Benigno','Carrasco','Hijo','2021/05/22','Masculino','20-57426566-3','98','2024-11-19T14:17:48Z','2024-11-19T14:17:48Z'),('639','Mercedes','Rubio','Hija','2023/09/19','Femenino','22-59083250-1','19','2024-11-19T14:17:48Z','2024-11-19T14:17:48Z'),('640','Luisa','Parra','Hija','2020/01/03','Femenino','25-56442300-1','54','2024-11-19T14:17:48Z','2024-11-19T14:17:48Z'),('641','Irene','Santiago','Hija','2021/08/07','Femenino','28-57576642-8','46','2024-11-19T14:17:49Z','2024-11-19T14:17:49Z'),('642','Patricia','Guerrero','Hija','2015/09/16','Femenino','26-53382308-6','30','2024-11-19T14:17:49Z','2024-11-19T14:17:49Z'),('643','Urbano','Gomez','Hijo','2018/11/02','Masculino','20-55610060-6','15','2024-11-19T14:17:49Z','2024-11-19T14:17:49Z'),('644','Francisca','Molina','Hija','2008/06/23','Femenino','28-48234893-8','100','2024-11-19T14:17:49Z','2024-11-19T14:17:49Z'),('645','Rosario','Montero','Hija','2020/08/05','Femenino','21-56861344-8','83','2024-11-19T14:17:49Z','2024-11-19T14:17:49Z'),('646','Guadalupe','Lozano','Hija','2022/06/23','Femenino','25-58200334-3','97','2024-11-19T14:17:49Z','2024-11-19T14:17:49Z'),('647','Moises','Diez','Hijo','2023/07/25','Masculino','22-58974103-8','20','2024-11-19T14:17:49Z','2024-11-19T14:17:49Z'),('648','Cayo','Pascual','Hijo','2017/07/02','Masculino','25-54658929-5','64','2024-11-19T14:17:50Z','2024-11-19T14:17:50Z'),('649','Albina','Calvo','Hija','2023/01/21','Femenino','21-58613531-2','7','2024-11-19T14:17:50Z','2024-11-19T14:17:50Z'),('650','Carina','Ramos','Hija','2019/06/10','Femenino','20-56038849-1','60','2024-11-19T14:17:50Z','2024-11-19T14:17:50Z'),('651','Calixto','Cortes','Hijo','2015/09/15','Masculino','26-53380359-5','12','2024-11-19T14:17:50Z','2024-11-19T14:17:50Z'),('652','Montserrat','Blesa','Hija','2018/06/12','Femenino','27-55331348-5','74','2024-11-19T14:17:50Z','2024-11-19T14:17:50Z'),('653','Aurora','Velasco','Hija','2004/10/03','Femenino','20-45586148-5','73','2024-11-19T14:17:50Z','2024-11-19T14:17:50Z'),('655','Ana','Bravo','Hija','2012/09/14','Femenino','28-51244211-8','32','2024-11-19T14:17:51Z','2024-11-19T14:17:51Z'),('656','Aurelia','Mora','Hija','2020/08/10','Femenino','21-56871089-2','66','2024-11-19T14:17:51Z','2024-11-19T14:17:51Z'),('657','Jonas','Santana','Hijo','2019/02/13','Masculino','27-55810811-7','4','2024-11-19T14:17:51Z','2024-11-19T14:17:51Z'),('658','Pascual','Lopez','Hijo','2008/01/08','Masculino','21-47909403-6','85','2024-11-19T14:17:51Z','2024-11-19T14:17:51Z'),('659','Josefina','Ramirez','Hija','2015/08/09','Femenino','25-53308244-3','87','2024-11-19T14:17:51Z','2024-11-19T14:17:51Z'),('660','Sofia','Molina','Hija','2002/01/01','Femenino','23-43625413-1','50','2024-11-19T14:17:51Z','2024-11-19T14:17:51Z'),('661','Susana','Flores','Hija','2020/03/28','Femenino','28-56607969-5','82','2024-11-19T14:17:52Z','2024-11-19T14:17:52Z'),('662','Adrian','Hernandez','Hijo','2008/08/23','Masculino','24-48353784-3','53','2024-11-19T14:17:52Z','2024-11-19T14:17:52Z'),('663','Alejandra','Carrasco','Hija','2011/03/26','Femenino','26-50195627-3','23','2024-11-19T14:17:52Z','2024-11-19T14:17:52Z'),('664','Octavio','Molina','Hijo','2016/09/23','Masculino','23-54109300-7','100','2024-11-19T14:17:52Z','2024-11-19T14:17:52Z'),('665','Liduvina','Cabrera','Hija','2015/05/16','Femenino','20-53142576-6','45','2024-11-19T14:17:52Z','2024-11-19T14:17:52Z'),('666','Elvira','Ruiz','Hija','2009/04/15','Femenino','20-48811809-4','21','2024-11-19T14:17:52Z','2024-11-19T14:17:52Z'),('667','Cristian','Carrasco','Hijo','2021/09/23','Masculino','23-57668247-2','98','2024-11-19T14:17:53Z','2024-11-19T14:17:53Z'),('668','Rosa','Marin','Hija','2013/03/10','Femenino','26-51589191-6','48','2024-11-19T14:17:53Z','2024-11-19T14:17:53Z'),('669','Natalia','Garcia','Hija','2023/05/14','Femenino','25-58833772-1','37','2024-11-19T14:17:53Z','2024-11-19T14:17:53Z'),('670','Susana','Duran','Hija','2011/10/04','Femenino','25-50569843-7','1','2024-11-19T14:17:53Z','2024-11-19T14:17:53Z'),('671','Fernando','Gonzalez','Hijo','2023/01/30','Masculino','22-58631072-5','81','2024-11-19T14:17:53Z','2024-11-19T14:17:53Z'),('672','Nemesio','Molina','Hijo','2008/04/15','Masculino','20-48100409-2','100','2024-11-19T14:17:53Z','2024-11-19T14:17:53Z'),('673','Renato','Rey','Hijo','2022/08/04','Masculino','22-58282194-5','86','2024-11-19T14:17:53Z','2024-11-19T14:17:53Z'),('674','Catalina','Lorenzo','Hija','1999/02/08','Femenino','20-41563329-2','77','2024-11-19T14:17:54Z','2024-11-19T14:17:54Z'),('675','Noe','Blesa','Hijo','2018/05/10','Masculino','21-55267029-7','74','2024-11-19T14:17:54Z','2024-11-19T14:17:54Z'),('676','Carmelo','Rey','Hijo','2011/03/01','Masculino','20-50146901-6','86','2024-11-19T14:17:54Z','2024-11-19T14:17:54Z'),('677','Democrito','Hernandez','Hijo','2020/09/01','Masculino','23-56913968-3','53','2024-11-19T14:17:54Z','2024-11-19T14:17:54Z'),('678','Juvenal','Mendez','Hijo','2007/06/25','Masculino','20-47525442-6','3','2024-11-19T14:17:54Z','2024-11-19T14:17:54Z'),('679','Alfonso','Fuentes','Hijo','2021/06/03','Masculino','20-57449954-1','71','2024-11-19T14:17:54Z','2024-11-19T14:17:54Z'),('681','Gema','Santiago','Hija','2021/04/05','Femenino','20-57334961-2','46','2024-11-19T14:17:55Z','2024-11-19T14:17:55Z'),('682','Cirilo','Cabrera','Hijo','2013/08/08','Masculino','26-51883496-7','45','2024-11-19T14:17:55Z','2024-11-19T14:17:55Z'),('683','Reinaldo','Marin','Hijo','2019/07/23','Masculino','22-56122658-6','48','2024-11-19T14:17:55Z','2024-11-19T14:17:55Z'),('684','Blas','Pascual','Hijo','2020/01/21','Masculino','27-56477383-4','64','2024-11-19T14:17:55Z','2024-11-19T14:17:55Z'),('685','Felix','Lorenzo','Hijo','2005/09/17','Masculino','23-46266363-6','77','2024-11-19T14:17:55Z','2024-11-19T14:17:55Z'),('686','Amelia','Blesa','Hija','2018/05/08','Femenino','23-55263131-6','74','2024-11-19T14:17:55Z','2024-11-19T14:17:55Z'),('687','Bernarda','Vega','Hija','2019/11/02','Femenino','21-56321460-4','88','2024-11-19T14:17:56Z','2024-11-19T14:17:56Z'),('688','Beatriz','Hernandez','Hija','1999/07/19','Femenino','28-41877124-1','53','2024-11-19T14:17:56Z','2024-11-19T14:17:56Z'),('689','Alejandra','Herrero','Hija','2008/01/29','Femenino','22-47950333-4','27','2024-11-19T14:17:56Z','2024-11-19T14:17:56Z'),('690','Eduvigis','Ferrer','Hijo','2007/03/29','Masculino','27-47353927-4','52','2024-11-19T14:17:56Z','2024-11-19T14:17:56Z'),('691','Milagros','Marin','Hija','2010/03/15','Femenino','24-49462788-2','48','2024-11-19T14:17:56Z','2024-11-19T14:17:56Z'),('692','Guzman','Gallardo','Hijo','2019/11/06','Masculino','21-56329256-7','40','2024-11-19T14:17:56Z','2024-11-19T14:17:56Z'),('693','Adela','Santiago','Hija','2021/09/06','Femenino','20-57635113-6','46','2024-11-19T14:17:56Z','2024-11-19T14:17:56Z'),('694','Catalina','Ramos','Hija','2019/03/08','Femenino','26-55855639-6','60','2024-11-19T14:17:57Z','2024-11-19T14:17:57Z'),('695','Jonas','Carmona','Hijo','2014/06/17','Masculino','22-52493545-7','13','2024-11-19T14:17:57Z','2024-11-19T14:17:57Z'),('696','Bernarda','Rey','Hija','2008/11/01','Femenino','20-48490217-8','86','2024-11-19T14:17:57Z','2024-11-19T14:17:57Z'),('697','Benigno','Rubio','Hijo','2023/05/27','Masculino','25-58859110-6','19','2024-11-19T14:17:57Z','2024-11-19T14:17:57Z'),('698','Concepcion','Marin','Hija','2019/03/27','Femenino','22-55892671-3','48','2024-11-19T14:17:57Z','2024-11-19T14:17:57Z'),('699','Alfredo','Parra','Hijo','2022/05/28','Masculino','22-58149659-7','76','2024-11-19T14:17:57Z','2024-11-19T14:17:57Z'),('700','Fulgencio','Pascual','Hijo','2011/07/26','Masculino','27-50433410-4','64','2024-11-19T14:17:57Z','2024-11-19T14:17:57Z'),('702','Diego','Montero','Hijo','2016/11/13','Masculino','21-54208701-6','83','2024-11-19T14:17:58Z','2024-11-19T14:17:58Z'),('703','Beatriz','Bravo','Hija','2000/04/23','Femenino','26-42420907-6','32','2024-11-19T14:17:58Z','2024-11-19T14:17:58Z'),('704','Daniel','Mora','Hijo','2002/11/28','Masculino','27-44270546-8','66','2024-11-19T14:17:58Z','2024-11-19T14:17:58Z'),('705','Olga','Delgado','Hija','2023/10/09','Femenino','22-59122230-8','34','2024-11-19T14:17:58Z','2024-11-19T14:17:58Z'),('706','Carolina','Carrasco','Hija','2014/08/16','Femenino','28-52610488-8','23','2024-11-19T14:17:58Z','2024-11-19T14:17:58Z'),('707','Asuncion','Flores','Hija','2012/10/09','Femenino','25-51292937-3','82','2024-11-19T14:17:59Z','2024-11-19T14:17:59Z'),('708','Poncio','Flores','Hijo','2009/10/23','Masculino','20-49184075-5','94','2024-11-19T14:17:59Z','2024-11-19T14:17:59Z'),('709','Godofredo','Santiago','Hijo','2021/11/13','Masculino','20-57767648-5','46','2024-11-19T14:17:59Z','2024-11-19T14:17:59Z'),('710','Wilfredo','Diez','Hijo','2022/04/01','Masculino','21-58038564-1','65','2024-11-19T14:17:59Z','2024-11-19T14:17:59Z'),('711','Marina','Molina','Hija','2019/02/08','Femenino','22-55801066-7','50','2024-11-19T14:17:59Z','2024-11-19T14:17:59Z'),('712','Nicodemo','Herrero','Hijo','2011/05/26','Masculino','24-50314519-2','27','2024-11-19T14:17:59Z','2024-11-19T14:17:59Z'),('713','Honorato','Hernandez','Hijo','2008/05/16','Masculino','28-48160829-8','53','2024-11-19T14:17:59Z','2024-11-19T14:17:59Z'),('714','Teofila','Fuentes','Hija','2021/11/11','Femenino','22-57763750-8','71','2024-11-19T14:18:00Z','2024-11-19T14:18:00Z'),('715','Borja','Velasco','Hija','2007/02/24','Femenino','25-47289609-4','90','2024-11-19T14:18:00Z','2024-11-19T14:18:00Z'),('716','Benigno','Marin','Hijo','2008/01/27','Masculino','25-47946435-2','48','2024-11-19T14:18:00Z','2024-11-19T14:18:00Z'),('717','Tito','Montero','Hijo','2016/07/21','Masculino','22-53984561-7','83','2024-11-19T14:18:00Z','2024-11-19T14:18:00Z'),('718','Cipriano','Mora','Hijo','2009/05/15','Masculino','28-48870280-7','66','2024-11-19T14:18:00Z','2024-11-19T14:18:00Z'),('719','Magdalena','Cabrera','Hija','2013/11/02','Femenino','20-52051113-4','45','2024-11-19T14:18:00Z','2024-11-19T14:18:00Z'),('720','Ruperto','Fuentes','Hijo','2021/01/08','Masculino','22-57165394-1','71','2024-11-19T14:18:00Z','2024-11-19T14:18:00Z'),('721','Gloria','Mendez','Hija','2007/06/27','Femenino','27-47529340-1','3','2024-11-19T14:18:01Z','2024-11-19T14:18:01Z'),('722','Leonor','Leon','Hijo','2017/10/29','Masculino','22-54890865-7','93','2024-11-19T14:18:01Z','2024-11-19T14:18:01Z'),('723','Luisa','Ramirez','Hija','2006/06/29','Femenino','26-46821839-6','87','2024-11-19T14:18:01Z','2024-11-19T14:18:01Z'),('724','Vicenta','Duran','Hija','2015/01/24','Femenino','20-52924283-6','6','2024-11-19T14:18:01Z','2024-11-19T14:18:01Z'),('725','Josefina','Molina','Hija','2002/07/05','Femenino','28-43985986-2','50','2024-11-19T14:18:01Z','2024-11-19T14:18:01Z'),('726','Cristina','Lozano','Hija','2007/11/24','Femenino','22-47821696-8','55','2024-11-19T14:18:01Z','2024-11-19T14:18:01Z'),('727','Adolfo','Gonzalez','Hijo','2023/04/09','Masculino','24-58765556-7','81','2024-11-19T14:18:02Z','2024-11-19T14:18:02Z'),('728','Ruperto','Cortes','Hijo','2008/05/22','Masculino','25-48172524-3','12','2024-11-19T14:18:02Z','2024-11-19T14:18:02Z'),('729','Mauricio','Diez','Hijo','2022/08/27','Masculino','28-58327022-8','65','2024-11-19T14:18:02Z','2024-11-19T14:18:02Z'),('730','Rosa','Montero','Hija','2016/06/28','Femenino','28-53939733-5','83','2024-11-19T14:18:02Z','2024-11-19T14:18:02Z'),('731','Romualdo','Gonzalez','Hijo','2023/03/22','Masculino','27-58730473-6','81','2024-11-19T14:18:02Z','2024-11-19T14:18:02Z'),('732','Soledad','Rubio','Hija','2023/09/24','Femenino','28-59092995-7','19','2024-11-19T14:18:02Z','2024-11-19T14:18:02Z'),('733','Salvio','Diez','Hijo','2023/07/20','Masculino','27-58964358-6','20','2024-11-19T14:18:02Z','2024-11-19T14:18:02Z'),('734','Irene','Gomez','Hija','2021/01/23','Femenino','23-57194630-6','15','2024-11-19T14:18:03Z','2024-11-19T14:18:03Z'),('735','Isaac','Delgado','Hijo','2023/09/10','Masculino','25-59065708-1','34','2024-11-19T14:18:03Z','2024-11-19T14:18:03Z'),('736','Ursula','Parra','Hija','2020/03/25','Femenino','24-56602122-8','54','2024-11-19T14:18:03Z','2024-11-19T14:18:03Z'),('737','Susana','Molina','Hija','2011/10/13','Femenino','24-50587384-6','100','2024-11-19T14:18:03Z','2024-11-19T14:18:03Z'),('738','Guzman','Gallardo','Hijo','2017/10/19','Masculino','20-54871374-7','40','2024-11-19T14:18:03Z','2024-11-19T14:18:03Z'),('739','Eva','Duran','Hija','2005/01/15','Femenino','25-45788848-6','6','2024-11-19T14:18:03Z','2024-11-19T14:18:03Z'),('740','Leocadia','Ferrer','Hija','2019/05/01','Femenino','24-55960888-1','79','2024-11-19T14:18:04Z','2024-11-19T14:18:04Z'),('741','Lucrecia','Santana','Hija','2019/06/08','Femenino','26-56034951-8','4','2024-11-19T14:18:04Z','2024-11-19T14:18:04Z'),('742','Adelaida','Mendez','Hija','2006/01/10','Femenino','23-46490502-8','3','2024-11-19T14:18:04Z','2024-11-19T14:18:04Z'),('743','Nazario','Vega','Hijo','2019/05/09','Masculino','20-55976480-5','88','2024-11-19T14:18:04Z','2024-11-19T14:18:04Z'),('744','Paula','Marin','Hija','1998/06/19','Femenino','21-41107254-5','48','2024-11-19T14:18:04Z','2024-11-19T14:18:04Z'),('745','Francisca','Hernandez','Hija','2012/07/10','Femenino','23-51115574-5','53','2024-11-19T14:18:04Z','2024-11-19T14:18:04Z'),('746','Adela','Molina','Hija','2008/03/03','Femenino','27-48016600-5','100','2024-11-19T14:18:04Z','2024-11-19T14:18:04Z'),('747','Inmaculada','Ruiz','Hija','2009/11/27','Femenino','22-49252292-5','21','2024-11-19T14:18:05Z','2024-11-19T14:18:05Z'),('748','Rosalia','Prieto','Hija','2012/06/08','Femenino','26-51053205-4','11','2024-11-19T14:18:05Z','2024-11-19T14:18:05Z'),('749','Benigno','Gallardo','Hijo','2017/05/05','Masculino','24-54545884-4','40','2024-11-19T14:18:05Z','2024-11-19T14:18:05Z'),('750','Feliciano','Carrasco','Hijo','2021/08/05','Masculino','24-57572744-8','98','2024-11-19T14:18:05Z','2024-11-19T14:18:05Z'),('751','Aurora','Montero','Hija','2016/09/21','Femenino','24-54105401-3','83','2024-11-19T14:18:05Z','2024-11-19T14:18:05Z'),('752','Agustin','Hernandez','Hijo','2015/06/06','Masculino','21-53183506-2','68','2024-11-19T14:18:05Z','2024-11-19T14:18:05Z'),('753','Raquel','Santana','Hija','2019/07/15','Femenino','21-56107066-6','4','2024-11-19T14:18:05Z','2024-11-19T14:18:05Z'),('754','Honorio','Guerrero','Hijo','2007/02/02','Masculino','28-47246730-5','30','2024-11-19T14:18:06Z','2024-11-19T14:18:06Z'),('755','Luz','Duran','Hijo','2014/07/10','Masculino','23-52538373-5','6','2024-11-19T14:18:06Z','2024-11-19T14:18:06Z'),('756','Fermin','Rubio','Hijo','2023/04/16','Masculino','24-58779199-7','19','2024-11-19T14:18:06Z','2024-11-19T14:18:06Z'),('757','Ariadna','Flores','Hija','2010/07/19','Femenino','25-49708367-7','94','2024-11-19T14:18:06Z','2024-11-19T14:18:06Z'),('758','Luis','Lozano','Hijo','2014/07/20','Masculino','26-52557864-8','55','2024-11-19T14:18:06Z','2024-11-19T14:18:06Z'),('759','Federico','Leon','Hijo','2017/02/07','Masculino','21-54376318-1','93','2024-11-19T14:18:06Z','2024-11-19T14:18:06Z'),('760','Asuncion','Ramirez','Hija','2019/05/03','Femenino','22-55964786-4','87','2024-11-19T14:18:07Z','2024-11-19T14:18:07Z'),('761','Guadalupe','Ramirez','Hija','2020/04/01','Femenino','24-56615765-6','87','2024-11-19T14:18:07Z','2024-11-19T14:18:07Z'),('762','Veronica','Leon','Hija','2017/01/13','Femenino','23-54327592-5','93','2024-11-19T14:18:07Z','2024-11-19T14:18:07Z'),('763','Olga','Garcia','Hija','2023/04/23','Femenino','26-58792843-6','37','2024-11-19T14:18:07Z','2024-11-19T14:18:07Z'),('764','Concepcion','Carrasco','Hija','2021/04/06','Femenino','21-57336910-6','98','2024-11-19T14:18:07Z','2024-11-19T14:18:07Z'),('765','Honorato','Martin','Hijo','2019/08/09','Masculino','26-56155792-8','70','2024-11-19T14:18:07Z','2024-11-19T14:18:07Z'),('766','Adolfo','Lozano','Hijo','2012/04/08','Masculino','20-50934313-5','92','2024-11-19T14:18:07Z','2024-11-19T14:18:07Z'),('767','Fermin','Soto','Hijo','2015/06/03','Masculino','24-53177658-4','80','2024-11-19T14:18:08Z','2024-11-19T14:18:08Z'),('768','Tadeo','Carmona','Hijo','2014/08/16','Masculino','23-52610488-6','13','2024-11-19T14:18:08Z','2024-11-19T14:18:08Z'),('769','Miriam','Gallardo','Hija','2017/05/12','Femenino','28-54559528-7','40','2024-11-19T14:18:08Z','2024-11-19T14:18:08Z'),('770','Ines','Lozano','Hija','2005/01/28','Femenino','28-45814185-6','55','2024-11-19T14:18:08Z','2024-11-19T14:18:08Z'),('771','Jaime','Herrero','Hijo','1999/05/25','Masculino','22-41769927-1','27','2024-11-19T14:18:08Z','2024-11-19T14:18:08Z'),('772','Irene','Duran','Hija','2004/10/06','Femenino','20-45591995-7','6','2024-11-19T14:18:08Z','2024-11-19T14:18:08Z'),('773','Gerardo','Ruiz','Hijo','2009/02/13','Masculino','28-48692917-4','21','2024-11-19T14:18:08Z','2024-11-19T14:18:08Z'),('774','Humberto','Rubio','Hijo','2023/09/16','Masculino','28-59077402-8','19','2024-11-19T14:18:09Z','2024-11-19T14:18:09Z'),('775','Benjamin','Navarro','Hijo','2004/08/11','Masculino','26-45482848-4','26','2024-11-19T14:18:09Z','2024-11-19T14:18:09Z'),('776','Ezequiel','Leon','Hijo','2017/07/20','Masculino','21-54694012-3','93','2024-11-19T14:18:09Z','2024-11-19T14:18:09Z'),('777','Damian','Ferrer','Hijo','2006/10/25','Masculino','20-47051826-7','79','2024-11-19T14:18:09Z','2024-11-19T14:18:09Z'),('778','Francisca','Parra','Hija','2020/03/14','Femenino','28-56580682-4','54','2024-11-19T14:18:09Z','2024-11-19T14:18:09Z'),('779','Bernarda','Bravo','Hija','2009/02/07','Femenino','28-48681223-2','9','2024-11-19T14:18:09Z','2024-11-19T14:18:09Z'),('780','Leandro','Prieto','Hijo','2010/10/15','Masculino','23-49879883-2','11','2024-11-19T14:18:10Z','2024-11-19T14:18:10Z'),('781','Carina','Lozano','Hija','2005/11/01','Femenino','25-46354069-7','55','2024-11-19T14:18:10Z','2024-11-19T14:18:10Z'),('782','Facundo','Flores','Hijo','2016/10/29','Masculino','27-54179465-1','82','2024-11-19T14:18:10Z','2024-11-19T14:18:10Z'),('783','Angel','Vidal','Hijo','2023/10/28','Masculino','27-59159262-5','61','2024-11-19T14:18:10Z','2024-11-19T14:18:10Z'),('784','Vidal','Marin','Hija','2013/10/03','Femenino','23-51992642-3','48','2024-11-19T14:18:10Z','2024-11-19T14:18:10Z'),('785','Josep','Bravo','Hijo','2010/06/19','Masculino','20-49649896-4','9','2024-11-19T14:18:10Z','2024-11-19T14:18:10Z'),('786','Celso','Diez','Hijo','2023/05/16','Masculino','25-58837671-1','20','2024-11-19T14:18:10Z','2024-11-19T14:18:10Z'),('787','Ester','Prieto','Hija','2013/06/06','Femenino','26-51760706-1','11','2024-11-19T14:18:11Z','2024-11-19T14:18:11Z'),('788','Albina','Calvo','Hija','2023/06/14','Femenino','28-58894193-3','7','2024-11-19T14:18:11Z','2024-11-19T14:18:11Z'),('789','Alicia','Santana','Hijo','2019/09/11','Masculino','21-56220110-4','4','2024-11-19T14:18:11Z','2024-11-19T14:18:11Z'),('790','Clara','Carmona','Hija','2015/06/19','Femenino','21-53208843-3','13','2024-11-19T14:18:11Z','2024-11-19T14:18:11Z'),('791','Concepcion','Velasco','Hija','2015/10/09','Femenino','27-53427136-4','73','2024-11-19T14:18:11Z','2024-11-19T14:18:11Z'),('792','Natividad','Delgado','Hija','2023/02/01','Femenino','20-58634970-8','38','2024-11-19T14:18:11Z','2024-11-19T14:18:11Z'),('793','Miriam','Ramos','Hija','2019/05/13','Femenino','25-55984276-2','60','2024-11-19T14:18:11Z','2024-11-19T14:18:11Z'),('794','Acacio','Diez','Hijo','2022/02/11','Masculino','20-57943061-4','65','2024-11-19T14:18:12Z','2024-11-19T14:18:12Z'),('795','Melchor','Ferrer','Hijo','2006/02/06','Masculino','22-46543126-4','79','2024-11-19T14:18:12Z','2024-11-19T14:18:12Z'),('796','Fatima','Carrasco','Hija','2009/10/23','Femenino','21-49184075-3','23','2024-11-19T14:18:12Z','2024-11-19T14:18:12Z'),('797','Vicente','Calvo','Hijo','2023/01/07','Masculino','22-58586244-2','7','2024-11-19T14:18:12Z','2024-11-19T14:18:12Z'),('798','Bruno','Duran','Hijo','2013/04/29','Masculino','28-51686643-6','1','2024-11-19T14:18:12Z','2024-11-19T14:18:12Z'),('799','Susana','Santana','Hija','2019/02/13','Femenino','28-55810811-5','4','2024-11-19T14:18:12Z','2024-11-19T14:18:12Z'),('800','Epifania','Ferrer','Hija','2013/06/15','Femenino','21-51778248-5','52','2024-11-19T14:18:13Z','2024-11-19T14:18:13Z'),('801','Marciano','Santana','Hijo','2019/04/15','Masculino','27-55929703-2','4','2024-11-19T14:18:13Z','2024-11-19T14:18:13Z'),('802','Rita','Carrasco','Hija','2009/10/06','Femenino','26-49150942-8','23','2024-11-19T14:18:13Z','2024-11-19T14:18:13Z'),('803','Victorino','Duran','Hijo','2011/04/15','Masculino','24-50234608-5','1','2024-11-19T14:18:13Z','2024-11-19T14:18:13Z'),('804','Marcelino','Leon','Hijo','2017/03/01','Masculino','27-54419197-8','93','2024-11-19T14:18:13Z','2024-11-19T14:18:13Z'),('805','Teodora','Navarro','Hijo','2013/08/15','Masculino','25-51897139-2','26','2024-11-19T14:18:13Z','2024-11-19T14:18:13Z'),('806','Anna','Garcia','Hijo','2023/04/09','Masculino','21-58765556-8','37','2024-11-19T14:18:13Z','2024-11-19T14:18:13Z'),('807','Araceli','Marin','Hija','2003/06/08','Femenino','27-44644761-3','48','2024-11-19T14:18:14Z','2024-11-19T14:18:14Z'),('808','Clotilde','Delgado','Hija','2023/08/11','Femenino','21-59007237-6','34','2024-11-19T14:18:14Z','2024-11-19T14:18:14Z'),('809','Matias','Velasco','Hijo','2022/04/14','Masculino','28-58063902-7','73','2024-11-19T14:18:14Z','2024-11-19T14:18:14Z'),('810','Josefina','Pascual','Hija','2019/02/21','Femenino','22-55826404-7','64','2024-11-19T14:18:14Z','2024-11-19T14:18:14Z'),('811','Salvador','Lopez','Hijo','1998/11/05','Masculino','22-41378170-5','85','2024-11-19T14:18:14Z','2024-11-19T14:18:14Z'),('812','Fatima','Leon','Hija','2018/08/17','Femenino','27-55459984-3','93','2024-11-19T14:18:14Z','2024-11-19T14:18:14Z'),('813','Sandra','Lopez','Hija','1998/02/10','Femenino','21-40855828-4','85','2024-11-19T14:18:15Z','2024-11-19T14:18:15Z'),('814','Jacob','Ruiz','Hijo','2009/06/08','Masculino','20-48917057-5','21','2024-11-19T14:18:15Z','2024-11-19T14:18:15Z'),('815','Amaro','Santana','Hijo','2008/07/13','Masculino','25-48273874-6','58','2024-11-19T14:18:15Z','2024-11-19T14:18:15Z'),('816','Dacio','Flores','Hijo','2022/10/20','Masculino','21-58432270-1','94','2024-11-19T14:18:15Z','2024-11-19T14:18:15Z'),('817','Hildegarda','Carrasco','Hija','2021/06/23','Femenino','22-57488935-3','98','2024-11-19T14:18:15Z','2024-11-19T14:18:15Z'),('818','Nemesio','Lozano','Hijo','2005/05/20','Masculino','23-46032478-2','55','2024-11-19T14:18:15Z','2024-11-19T14:18:15Z'),('819','Efren','Santana','Hijo','2021/01/28','Masculino','22-57204375-4','58','2024-11-19T14:18:15Z','2024-11-19T14:18:15Z'),('820','Joaquin','Cabrera','Hijo','2013/04/29','Masculino','25-51686643-6','45','2024-11-19T14:18:16Z','2024-11-19T14:18:16Z'),('821','Patricio','Duran','Hijo','2012/06/06','Masculino','21-51049307-8','6','2024-11-19T14:18:16Z','2024-11-19T14:18:16Z'),('822','Roberto','Ruiz','Hijo','2009/09/01','Masculino','22-49082725-7','21','2024-11-19T14:18:16Z','2024-11-19T14:18:16Z'),('823','Francisca','Montero','Hija','2021/06/18','Femenino','21-57479190-5','83','2024-11-19T14:18:16Z','2024-11-19T14:18:16Z'),('824','Paula','Ramos','Hija','2019/07/22','Femenino','23-56120709-4','60','2024-11-19T14:18:16Z','2024-11-19T14:18:16Z'),('825','Alba','Lozano','Hija','2012/03/02','Femenino','22-50862199-8','92','2024-11-19T14:18:16Z','2024-11-19T14:18:16Z'),('826','Camilo','Molina','Hijo','2002/07/28','Masculino','28-44030814-6','50','2024-11-19T14:18:16Z','2024-11-19T14:18:16Z'),('827','Rufo','Cortes','Hijo','2016/02/11','Masculino','26-53670766-8','12','2024-11-19T14:18:17Z','2024-11-19T14:18:17Z'),('828','Rita','Delgado','Hija','2023/08/13','Femenino','28-59011135-7','38','2024-11-19T14:18:17Z','2024-11-19T14:18:17Z'),('829','Pancracio','Carrasco','Hijo','2021/04/18','Masculino','22-57360298-3','98','2024-11-19T14:18:17Z','2024-11-19T14:18:17Z'),('830','Marina','Gomez','Hija','2018/10/18','Femenino','24-55580825-8','15','2024-11-19T14:18:17Z','2024-11-19T14:18:17Z'),('831','Esperanza','Ferrer','Hija','2022/03/05','Femenino','26-57985940-7','52','2024-11-19T14:18:17Z','2024-11-19T14:18:17Z'),('832','Roman','Mendez','Hijo','2014/01/28','Masculino','22-52220680-2','3','2024-11-19T14:18:17Z','2024-11-19T14:18:17Z'),('833','Miguel','Santana','Hijo','2009/07/25','Masculino','23-49008662-2','58','2024-11-19T14:18:18Z','2024-11-19T14:18:18Z'),('834','Teodosia','Lopez','Hijo','2002/07/18','Masculino','23-44011323-6','85','2024-11-19T14:18:18Z','2024-11-19T14:18:18Z'),('835','Heriberto','Guerrero','Hijo','2023/01/11','Masculino','20-58594041-8','2','2024-11-19T14:18:18Z','2024-11-19T14:18:18Z'),('836','Marcial','Hernandez','Hijo','2021/06/11','Masculino','22-57465546-8','68','2024-11-19T14:18:18Z','2024-11-19T14:18:18Z'),('837','Facundo','Santiago','Hijo','2021/02/18','Masculino','24-57245305-5','46','2024-11-19T14:18:18Z','2024-11-19T14:18:18Z'),('838','Daciano','Marin','Hijo','2004/10/18','Masculino','23-45615383-6','48','2024-11-19T14:18:18Z','2024-11-19T14:18:18Z'),('839','Isabel','Lopez','Hija','2000/06/29','Femenino','23-42551492-3','85','2024-11-19T14:18:18Z','2024-11-19T14:18:18Z'),('840','Alipio','Blesa','Hijo','2018/01/08','Masculino','25-55029246-2','74','2024-11-19T14:18:19Z','2024-11-19T14:18:19Z'),('841','Ananias','Delgado','Hija','2023/04/22','Femenino','26-58790894-2','38','2024-11-19T14:18:19Z','2024-11-19T14:18:19Z'),('842','Baldomero','Santana','Hijo','2019/08/02','Masculino','23-56142148-6','4','2024-11-19T14:18:19Z','2024-11-19T14:18:19Z'),('843','Probo','Duran','Hijo','2001/11/17','Masculino','22-43537707-6','6','2024-11-19T14:18:19Z','2024-11-19T14:18:19Z'),('844','Sandra','Guerrero','Hija','2023/04/18','Femenino','20-58783097-4','2','2024-11-19T14:18:19Z','2024-11-19T14:18:19Z'),('845','Victor','Rey','Hijo','2008/09/27','Masculino','27-48422001-1','86','2024-11-19T14:18:19Z','2024-11-19T14:18:19Z'),('846','Miqueas','Marin','Hijo','2018/04/29','Masculino','21-55245590-8','48','2024-11-19T14:18:19Z','2024-11-19T14:18:19Z'),('847','Cesareo','Parra','Hijo','2021/10/29','Masculino','22-57738412-1','54','2024-11-19T14:18:20Z','2024-11-19T14:18:20Z'),('848','Enrique','Ferrer','Hijo','2014/02/27','Masculino','24-52279151-3','52','2024-11-19T14:18:20Z','2024-11-19T14:18:20Z'),('849','Beltran','Molina','Hijo','2002/06/03','Masculino','26-43923616-3','50','2024-11-19T14:18:20Z','2024-11-19T14:18:20Z'),('850','Alejandra','Santana','Hija','2019/01/08','Femenino','27-55740646-1','4','2024-11-19T14:18:20Z','2024-11-19T14:18:20Z'),('851','Rosalia','Duran','Hija','2004/04/08','Femenino','22-45239218-6','6','2024-11-19T14:18:20Z','2024-11-19T14:18:20Z'),('852','Irene','Duran','Hija','2011/08/24','Femenino','23-50489932-3','1','2024-11-19T14:18:20Z','2024-11-19T14:18:20Z'),('853','Fatima','Pascual','Hija','2007/07/28','Femenino','25-47589761-8','64','2024-11-19T14:18:21Z','2024-11-19T14:18:21Z'),('854','Genoveva','Soto','Hija','2020/10/15','Femenino','25-56999726-8','80','2024-11-19T14:18:21Z','2024-11-19T14:18:21Z'),('855','Simon','Diez','Hijo','2023/04/27','Masculino','22-58800639-8','20','2024-11-19T14:18:21Z','2024-11-19T14:18:21Z'),('856','Antonia','Flores','Hija','2009/09/25','Femenino','27-49129502-2','94','2024-11-19T14:18:21Z','2024-11-19T14:18:21Z'),('857','Lorena','Parra','Hija','2015/05/09','Femenino','25-53128932-6','76','2024-11-19T14:18:21Z','2024-11-19T14:18:21Z'),('858','Urbano','Flores','Hijo','2009/03/07','Masculino','21-48735796-7','94','2024-11-19T14:18:21Z','2024-11-19T14:18:21Z'),('859','Juana','Mendez','Hija','2015/10/08','Femenino','22-53425186-3','3','2024-11-19T14:18:21Z','2024-11-19T14:18:21Z'),('860','Gisela','Ferrer','Hija','2007/11/11','Femenino','21-47796359-6','52','2024-11-19T14:18:22Z','2024-11-19T14:18:22Z'),('861','Lucia','Diez','Hija','2023/06/11','Femenino','24-58888346-5','20','2024-11-19T14:18:22Z','2024-11-19T14:18:22Z'),('862','Ezequiel','Molina','Hijo','2009/02/19','Masculino','26-48704612-2','50','2024-11-19T14:18:22Z','2024-11-19T14:18:22Z'),('863','Francisca','Vidal','Hija','2023/01/20','Femenino','27-58611582-5','61','2024-11-19T14:18:22Z','2024-11-19T14:18:22Z'),('864','Mateo','Santiago','Hijo','2021/09/09','Masculino','20-57640960-5','46','2024-11-19T14:18:22Z','2024-11-19T14:18:22Z'),('865','Catalina','Lopez','Hija','2001/04/06','Femenino','20-43099173-5','85','2024-11-19T14:18:22Z','2024-11-19T14:18:22Z'),('866','Matias','Vega','Hijo','2019/09/15','Masculino','23-56227906-8','88','2024-11-19T14:18:22Z','2024-11-19T14:18:22Z'),('867','Ascension','Marin','Hija','1998/01/22','Femenino','26-40818796-5','48','2024-11-19T14:18:23Z','2024-11-19T14:18:23Z'),('868','Concepcion','Diez','Hija','2022/11/12','Femenino','21-58477098-8','65','2024-11-19T14:18:23Z','2024-11-19T14:18:23Z'),('869','Natividad','Martin','Hija','2019/02/27','Femenino','21-55838098-2','70','2024-11-19T14:18:23Z','2024-11-19T14:18:23Z'),('870','Ifigenia','Leon','Hijo','2017/05/05','Masculino','26-54545884-7','93','2024-11-19T14:18:23Z','2024-11-19T14:18:23Z'),('871','Pilar','Soto','Hija','2013/10/07','Femenino','23-52000438-1','80','2024-11-19T14:18:23Z','2024-11-19T14:18:23Z'),('872','Urbano','Parra','Hijo','2013/05/16','Masculino','22-51719776-6','76','2024-11-19T14:18:23Z','2024-11-19T14:18:23Z'),('874','Lucia','Guerrero','Hija','2007/09/20','Femenino','20-47695009-4','30','2024-11-19T14:18:24Z','2024-11-19T14:18:24Z'),('875','Concepcion','Garcia','Hija','2023/10/21','Femenino','22-59145619-7','37','2024-11-19T14:18:24Z','2024-11-19T14:18:24Z'),('876','Segismundo','Calvo','Hijo','2023/09/26','Masculino','22-59096893-7','7','2024-11-19T14:18:24Z','2024-11-19T14:18:24Z'),('877','Casiano','Soto','Hijo','2002/03/01','Masculino','25-43740407-3','80','2024-11-19T14:18:24Z','2024-11-19T14:18:24Z'),('878','Ceferino','Lozano','Hijo','2019/08/25','Masculino','21-56186976-4','97','2024-11-19T14:18:24Z','2024-11-19T14:18:24Z'),('879','Bernarda','Flores','Hija','2021/06/04','Femenino','20-57451903-6','82','2024-11-19T14:18:24Z','2024-11-19T14:18:24Z'),('880','Adelaida','Lopez','Hija','2003/10/04','Femenino','27-44874748-6','85','2024-11-19T14:18:25Z','2024-11-19T14:18:25Z'),('881','Tomas','Calvo','Hijo','2023/06/06','Masculino','28-58878600-4','7','2024-11-19T14:18:25Z','2024-11-19T14:18:25Z'),('882','Columba','Santiago','Hijo','2021/10/03','Masculino','24-57687737-8','46','2024-11-19T14:18:25Z','2024-11-19T14:18:25Z'),('883','Eugenia','Guerrero','Hija','2023/10/01','Femenino','25-59106638-5','2','2024-11-19T14:18:25Z','2024-11-19T14:18:25Z'),('884','Raquel','Gomez','Hija','2020/06/11','Femenino','23-56754147-8','15','2024-11-19T14:18:25Z','2024-11-19T14:18:25Z'),('885','Antonia','Santiago','Hija','2021/02/14','Femenino','20-57237509-7','46','2024-11-19T14:18:25Z','2024-11-19T14:18:25Z'),('886','Sonia','Navarro','Hija','2004/10/17','Femenino','28-45613434-5','26','2024-11-19T14:18:25Z','2024-11-19T14:18:25Z'),('887','Aniano','Molina','Hijo','2008/11/10','Masculino','24-48507759-4','50','2024-11-19T14:18:26Z','2024-11-19T14:18:26Z'),('888','Rebeca','Rey','Hija','2008/11/25','Femenino','26-48536994-6','86','2024-11-19T14:18:26Z','2024-11-19T14:18:26Z'),('889','Gregorio','Santiago','Hijo','2021/10/18','Masculino','22-57716973-1','46','2024-11-19T14:18:26Z','2024-11-19T14:18:26Z'),('890','Virgilio','Velasco','Hijo','2021/07/27','Masculino','24-57555202-5','73','2024-11-19T14:18:26Z','2024-11-19T14:18:26Z'),('891','Guido','Ramirez','Hijo','2007/07/29','Masculino','22-47591710-7','87','2024-11-19T14:18:26Z','2024-11-19T14:18:26Z'),('892','Fatima','Vega','Hija','2019/09/14','Femenino','25-56225957-1','88','2024-11-19T14:18:26Z','2024-11-19T14:18:26Z'),('893','Sonia','Cortes','Hija','2012/06/07','Femenino','22-51051256-6','12','2024-11-19T14:18:27Z','2024-11-19T14:18:27Z'),('894','Eva','Duran','Hija','2017/05/12','Femenino','28-54559528-4','6','2024-11-19T14:18:27Z','2024-11-19T14:18:27Z'),('895','Julia','Calvo','Hijo','2023/08/15','Masculino','24-59015033-3','7','2024-11-19T14:18:27Z','2024-11-19T14:18:27Z'),('896','Adrian','Santana','Hijo','2016/05/04','Masculino','27-53832536-2','58','2024-11-19T14:18:27Z','2024-11-19T14:18:27Z'),('897','Lorenzo','Soto','Hijo','2014/09/19','Masculino','26-52676755-6','80','2024-11-19T14:18:27Z','2024-11-19T14:18:27Z'),('898','Aurelia','Marin','Hija','2001/02/17','Femenino','21-43005619-3','48','2024-11-19T14:18:27Z','2024-11-19T14:18:27Z'),('899','Martin','Calvo','Hijo','2023/01/20','Masculino','20-58611582-1','7','2024-11-19T14:18:27Z','2024-11-19T14:18:27Z'),('900','Tomas','Ferrer','Hijo','2010/07/03','Masculino','21-49677183-4','52','2024-11-19T14:18:28Z','2024-11-19T14:18:28Z'),('901','Lucia','Fuentes','Hija','2021/06/16','Femenino','25-57475292-7','71','2024-11-19T14:18:28Z','2024-11-19T14:18:28Z'),('902','Edgar','Carmona','Hijo','2014/05/12','Masculino','23-52423380-5','13','2024-11-19T14:18:28Z','2024-11-19T14:18:28Z'),('903','Cristian','Guerrero','Hijo','2018/01/28','Masculino','20-55068227-5','30','2024-11-19T14:18:28Z','2024-11-19T14:18:28Z'),('904','Jose','Navarro','Hijo','2004/09/07','Masculino','27-45535473-6','26','2024-11-19T14:18:28Z','2024-11-19T14:18:28Z'),('905','Gertrudis','Velasco','Hija','2021/07/12','Femenino','26-57525967-7','73','2024-11-19T14:18:28Z','2024-11-19T14:18:28Z'),('906','Blanca','Parra','Hija','2020/11/03','Femenino','20-57036758-5','54','2024-11-19T14:18:28Z','2024-11-19T14:18:28Z'),('907','Candida','Hernandez','Hija','2018/07/22','Femenino','27-55409309-3','68','2024-11-19T14:18:29Z','2024-11-19T14:18:29Z'),('908','Gertrudis','Garcia','Hija','2023/11/05','Femenino','20-59174854-4','37','2024-11-19T14:18:29Z','2024-11-19T14:18:29Z'),('909','Amparo','Flores','Hijo','2010/11/03','Masculino','24-49916914-3','82','2024-11-19T14:18:29Z','2024-11-19T14:18:29Z'),('910','Leandro','Ramirez','Hijo','2006/01/29','Masculino','27-46527534-2','87','2024-11-19T14:18:29Z','2024-11-19T14:18:29Z'),('911','Eugenia','Blesa','Hija','2021/03/01','Femenino','21-57266744-2','74','2024-11-19T14:18:29Z','2024-11-19T14:18:29Z'),('912','Eugenia','Cabrera','Hija','2018/03/02','Femenino','24-55132546-5','45','2024-11-19T14:18:29Z','2024-11-19T14:18:29Z'),('913','Tania','Flores','Hija','2009/02/21','Femenino','20-48708510-6','94','2024-11-19T14:18:30Z','2024-11-19T14:18:30Z'),('914','Dolores','Velasco','Hijo','2021/07/18','Masculino','25-57537661-5','90','2024-11-19T14:18:30Z','2024-11-19T14:18:30Z'),('915','Fabiola','Molina','Hija','2002/06/19','Femenino','27-43954801-8','50','2024-11-19T14:18:30Z','2024-11-19T14:18:30Z'),('916','Julia','Bravo','Hijo','2012/10/08','Masculino','22-51290988-4','9','2024-11-19T14:18:30Z','2024-11-19T14:18:30Z'),('918','Juana','Lozano','Hija','2015/08/10','Femenino','21-53310193-1','55','2024-11-19T14:18:30Z','2024-11-19T14:18:30Z'),('919','Arcadio','Lopez','Hijo','2022/11/07','Masculino','24-58467353-7','85','2024-11-19T14:18:30Z','2024-11-19T14:18:30Z'),('920','Veronica','Carrasco','Hija','2021/08/12','Femenino','26-57586387-5','98','2024-11-19T14:18:31Z','2024-11-19T14:18:31Z'),('921','Ladislao','Gonzalez','Hijo','2023/02/14','Masculino','26-58660308-5','81','2024-11-19T14:18:31Z','2024-11-19T14:18:31Z'),('922','Ignacio','Calvo','Hijo','2023/07/23','Masculino','22-58970205-2','7','2024-11-19T14:18:31Z','2024-11-19T14:18:31Z'),('923','Elisa','Rey','Hija','2008/06/11','Femenino','21-48211504-3','86','2024-11-19T14:18:31Z','2024-11-19T14:18:31Z'),('924','Romualdo','Gomez','Hijo','2018/06/18','Masculino','25-55343042-5','15','2024-11-19T14:18:31Z','2024-11-19T14:18:31Z'),('925','Vidal','Gallardo','Hija','2017/11/03','Femenino','22-54900610-6','40','2024-11-19T14:18:31Z','2024-11-19T14:18:31Z'),('926','Guadalupe','Flores','Hija','2009/11/28','Femenino','24-49254241-3','94','2024-11-19T14:18:32Z','2024-11-19T14:18:32Z'),('927','Maria','Garcia','Hijo','2023/07/09','Masculino','25-58942919-1','37','2024-11-19T14:18:32Z','2024-11-19T14:18:32Z'),('928','Angel','Guerrero','Hijo','2023/06/01','Masculino','20-58868855-1','2','2024-11-19T14:18:32Z','2024-11-19T14:18:32Z'),('929','Soledad','Ramos','Hija','2019/07/17','Femenino','28-56110964-3','60','2024-11-19T14:18:32Z','2024-11-19T14:18:32Z'),('930','Basileo','Carrasco','Hijo','2021/02/08','Masculino','28-57225814-1','98','2024-11-19T14:18:32Z','2024-11-19T14:18:32Z'),('931','Alejandro','Vega','Hijo','2019/10/26','Masculino','27-56307817-2','88','2024-11-19T14:18:32Z','2024-11-19T14:18:32Z'),('932','Esther','Lorenzo','Hija','2009/09/02','Femenino','28-49084674-8','77','2024-11-19T14:18:32Z','2024-11-19T14:18:32Z'),('933','Fabiola','Flores','Hija','2018/06/11','Femenino','27-55329399-2','94','2024-11-19T14:18:33Z','2024-11-19T14:18:33Z'),('934','Bonifacio','Soto','Hijo','2010/05/17','Masculino','23-49585578-1','80','2024-11-19T14:18:33Z','2024-11-19T14:18:33Z'),('935','Aurelia','Gonzalez','Hija','2023/06/11','Femenino','24-58888346-3','81','2024-11-19T14:18:33Z','2024-11-19T14:18:33Z'),('936','Ciro','Delgado','Hijo','2023/01/29','Masculino','23-58629123-4','34','2024-11-19T14:18:33Z','2024-11-19T14:18:33Z'),('937','Ines','Carrasco','Hija','2018/07/20','Femenino','23-55405411-1','23','2024-11-19T14:18:33Z','2024-11-19T14:18:33Z'),('938','Yolanda','Gomez','Hija','2018/04/13','Femenino','26-55214405-4','15','2024-11-19T14:18:33Z','2024-11-19T14:18:33Z'),('939','Remedios','Guerrero','Hija','2007/03/16','Femenino','26-47328589-5','30','2024-11-19T14:18:33Z','2024-11-19T14:18:33Z'),('940','Oswaldo','Gonzalez','Hijo','2023/02/12','Masculino','23-58656410-1','81','2024-11-19T14:18:34Z','2024-11-19T14:18:34Z'),('941','Matilde','Mora','Hija','2005/05/20','Femenino','21-46032478-6','66','2024-11-19T14:18:34Z','2024-11-19T14:18:34Z'),('943','Zacarias','Bravo','Hijo','2015/11/22','Masculino','27-53512893-6','9','2024-11-19T14:18:34Z','2024-11-19T14:18:34Z'),('944','Amparo','Vega','Hijo','2022/02/14','Masculino','23-57948908-6','88','2024-11-19T14:18:34Z','2024-11-19T14:18:34Z'),('945','Guillermo','Pascual','Hijo','2005/10/24','Masculino','23-46338477-2','64','2024-11-19T14:18:34Z','2024-11-19T14:18:34Z'),('946','Teofanes','Vidal','Hijo','2023/06/14','Masculino','28-58894193-2','61','2024-11-19T14:18:35Z','2024-11-19T14:18:35Z'),('947','Miriam','Hernandez','Hija','2013/04/21','Femenino','27-51671050-3','68','2024-11-19T14:18:35Z','2024-11-19T14:18:35Z'),('948','Andres','Guerrero','Hijo','2007/02/08','Masculino','25-47258424-3','30','2024-11-19T14:18:35Z','2024-11-19T14:18:35Z'),('949','Leonor','Guerrero','Hijo','2023/10/21','Masculino','25-59145619-2','2','2024-11-19T14:18:35Z','2024-11-19T14:18:35Z'),('950','Sonia','Lorenzo','Hija','2012/01/17','Femenino','25-50774492-1','77','2024-11-19T14:18:35Z','2024-11-19T14:18:35Z'),('951','Elena','Delgado','Hija','2023/07/28','Femenino','28-58979950-5','34','2024-11-19T14:18:35Z','2024-11-19T14:18:35Z'),('952','Hugo','Carrasco','Hijo','2021/06/25','Masculino','24-57492833-5','98','2024-11-19T14:18:35Z','2024-11-19T14:18:35Z'),('953','Jeronimo','Parra','Hijo','2020/07/05','Masculino','28-56800924-4','54','2024-11-19T14:18:36Z','2024-11-19T14:18:36Z'),('954','Guillermo','Parra','Hijo','2022/08/27','Masculino','20-58327022-1','76','2024-11-19T14:18:36Z','2024-11-19T14:18:36Z'),('955','Aresio','Herrero','Hijo','2017/07/20','Masculino','28-54694012-8','27','2024-11-19T14:18:36Z','2024-11-19T14:18:36Z'),('956','Jacinto','Lozano','Hijo','2019/05/09','Masculino','27-55976480-2','97','2024-11-19T14:18:36Z','2024-11-19T14:18:36Z'),('957','Vanesa','Guerrero','Hija','2007/11/22','Femenino','27-47817798-6','30','2024-11-19T14:18:36Z','2024-11-19T14:18:36Z'),('958','Encarnacion','Gomez','Hijo','2018/02/21','Masculino','22-55115004-8','15','2024-11-19T14:18:36Z','2024-11-19T14:18:36Z'),('959','Jaime','Gallardo','Hijo','2017/05/20','Masculino','27-54575120-3','40','2024-11-19T14:18:36Z','2024-11-19T14:18:36Z'),('960','Wilfredo','Leon','Hijo','2017/10/27','Masculino','24-54886966-7','93','2024-11-19T14:18:37Z','2024-11-19T14:18:37Z'),('961','Fatima','Molina','Hija','2010/07/04','Femenino','25-49679132-6','100','2024-11-19T14:18:37Z','2024-11-19T14:18:37Z'),('962','Romualdo','Cortes','Hijo','2009/10/12','Masculino','26-49162636-5','12','2024-11-19T14:18:37Z','2024-11-19T14:18:37Z'),('963','Orestes','Mora','Hijo','2019/08/09','Masculino','24-56155792-1','66','2024-11-19T14:18:37Z','2024-11-19T14:18:37Z'),('964','Colombo','Delgado','Hijo','2023/05/27','Masculino','21-58859110-2','34','2024-11-19T14:18:37Z','2024-11-19T14:18:37Z'),('965','Juana','Molina','Hija','2006/06/22','Femenino','22-46808196-5','50','2024-11-19T14:18:37Z','2024-11-19T14:18:37Z'),('966','Jacobo','Cabrera','Hijo','2014/08/30','Masculino','27-52637774-7','45','2024-11-19T14:18:38Z','2024-11-19T14:18:38Z'),('967','Epifania','Ramos','Hija','2019/01/14','Femenino','25-55752340-2','60','2024-11-19T14:18:38Z','2024-11-19T14:18:38Z'),('968','Salvio','Santana','Hijo','2019/05/08','Masculino','25-55974531-3','58','2024-11-19T14:18:38Z','2024-11-19T14:18:38Z'),('969','Manuela','Ferrer','Hija','2021/10/05','Femenino','26-57691635-4','79','2024-11-19T14:18:38Z','2024-11-19T14:18:38Z'),('970','Veronica','Soto','Hija','2022/11/05','Femenino','25-58463455-4','80','2024-11-19T14:18:38Z','2024-11-19T14:18:38Z'),('971','Benedicto','Ramos','Hijo','2019/08/11','Masculino','28-56159690-1','60','2024-11-19T14:18:38Z','2024-11-19T14:18:38Z'),('972','Jorge','Rubio','Hijo','2023/08/28','Masculino','21-59040371-2','19','2024-11-19T14:18:38Z','2024-11-19T14:18:38Z'),('973','Mercedes','Ramos','Hija','2019/09/13','Femenino','27-56224008-7','60','2024-11-19T14:18:39Z','2024-11-19T14:18:39Z'),('975','Eugenia','Diez','Hija','2023/05/02','Femenino','28-58810384-4','20','2024-11-19T14:18:39Z','2024-11-19T14:18:39Z'),('976','Alipio','Fuentes','Hijo','2021/09/04','Masculino','25-57631215-5','71','2024-11-19T14:18:39Z','2024-11-19T14:18:39Z'),('977','Carmen','Ramos','Hija','2019/11/02','Femenino','25-56321460-6','60','2024-11-19T14:18:39Z','2024-11-19T14:18:39Z'),('978','Jacinto','Gallardo','Hijo','2017/10/03','Masculino','21-54840190-1','40','2024-11-19T14:18:39Z','2024-11-19T14:18:39Z'),('979','Dimas','Delgado','Hijo','2023/03/23','Masculino','21-58732422-1','34','2024-11-19T14:18:40Z','2024-11-19T14:18:40Z'),('980','Cipriano','Gonzalez','Hijo','2023/03/03','Masculino','20-58693442-1','81','2024-11-19T14:18:40Z','2024-11-19T14:18:40Z'),('981','Gloria','Garcia','Hija','2023/04/19','Femenino','28-58785046-5','37','2024-11-19T14:18:40Z','2024-11-19T14:18:40Z'),('982','Ursula','Diez','Hija','2022/05/13','Femenino','28-58120424-7','65','2024-11-19T14:18:40Z','2024-11-19T14:18:40Z'),('983','Esiquio','Mora','Hijo','2013/02/17','Masculino','20-51548261-3','66','2024-11-19T14:18:40Z','2024-11-19T14:18:40Z'),('984','Joaquim','Rubio','Hijo','2023/05/19','Masculino','24-58843518-1','19','2024-11-19T14:18:40Z','2024-11-19T14:18:40Z'),('985','Erico','Molina','Hijo','2008/02/07','Masculino','28-47967874-6','100','2024-11-19T14:18:40Z','2024-11-19T14:18:40Z'),('986','Alba','Montero','Hija','2016/08/24','Femenino','25-54050828-6','83','2024-11-19T14:18:41Z','2024-11-19T14:18:41Z'),('987','Anastasia','Cabrera','Hija','2013/09/13','Femenino','20-51953661-1','45','2024-11-19T14:18:41Z','2024-11-19T14:18:41Z'),('988','Cesareo','Fuentes','Hijo','2021/09/09','Masculino','22-57640960-4','71','2024-11-19T14:18:41Z','2024-11-19T14:18:41Z'),('990','Esther','Bravo','Hija','2013/10/08','Femenino','20-52002387-4','9','2024-11-19T14:18:41Z','2024-11-19T14:18:41Z'),('991','Dorotea','Parra','Hija','2013/08/04','Femenino','22-51875700-5','76','2024-11-19T14:18:41Z','2024-11-19T14:18:41Z'),('992','Gema','Flores','Hija','2006/01/11','Femenino','20-46492451-6','82','2024-11-19T14:18:41Z','2024-11-19T14:18:41Z'),('993','Sandra','Santana','Hija','2019/06/10','Femenino','22-56038849-4','4','2024-11-19T14:18:42Z','2024-11-19T14:18:42Z'),('994','Nieves','Carmona','Hija','2014/05/03','Femenino','20-52405839-3','13','2024-11-19T14:18:42Z','2024-11-19T14:18:42Z'),('995','Fidel','Carrasco','Hijo','2021/01/08','Masculino','21-57165394-3','98','2024-11-19T14:18:42Z','2024-11-19T14:18:42Z'),('996','Aristides','Santana','Hijo','2006/08/09','Masculino','28-46901750-7','58','2024-11-19T14:18:42Z','2024-11-19T14:18:42Z'),('997','Velerio','Navarro','Hijo','2004/07/13','Masculino','22-45426326-6','26','2024-11-19T14:18:42Z','2024-11-19T14:18:42Z'),('998','Jonas','Duran','Hijo','2019/03/04','Masculino','27-55847843-8','1','2024-11-19T14:18:42Z','2024-11-19T14:18:42Z'),('999','Isidro','Gallardo','Hijo','2019/08/15','Masculino','24-56167486-1','40','2024-11-19T14:18:43Z','2024-11-19T14:18:43Z'),('1004','Luca','asdads','Hija','1973/02/27','Masculino','12312313','29','2024-11-28T23:17:19Z','2024-11-28T23:17:19Z');

/*!40000 ALTER TABLE ParentTable ENABLE KEYS */;
UNLOCK TABLES;

--
-- Table structure for table PaymentTable
--

DROP TABLE IF EXISTS PaymentTable;
/*!40101 SET @saved_cs_client     = @@character_set_client */;
/*!40101 SET character_set_client = utf8 */;
CREATE TABLE `PaymentTable` (
  `IdPayment` int NOT NULL AUTO_INCREMENT,
  `Month` varchar(2) COLLATE utf8mb4_general_ci NOT NULL,
  `Year` varchar(4) COLLATE utf8mb4_general_ci NOT NULL,
  `Status` varchar(6) COLLATE utf8mb4_general_ci NOT NULL,
  `Amount` int DEFAULT NULL,
  `PaymentDate` varchar(20) COLLATE utf8mb4_general_ci DEFAULT NULL,
  `Commentary` varchar(400) COLLATE utf8mb4_general_ci DEFAULT NULL,
  `IdEnterprise` int NOT NULL,
  `CreatedAt` timestamp NULL DEFAULT CURRENT_TIMESTAMP,
  `UpdatedAt` timestamp NULL DEFAULT CURRENT_TIMESTAMP ON UPDATE CURRENT_TIMESTAMP,
  PRIMARY KEY (`IdPayment`),
  KEY `IdEnterprise` (`IdEnterprise`),
  CONSTRAINT `PaymentTable_ibfk_1` FOREIGN KEY (`IdEnterprise`) REFERENCES `EnterpriseTable` (`IdEnterprise`) ON DELETE CASCADE
) ENGINE=InnoDB AUTO_INCREMENT=607 DEFAULT CHARSET=utf8mb4 COLLATE=utf8mb4_general_ci;
/*!40101 SET character_set_client = @saved_cs_client */;
--
-- Dumping data for table PaymentTable
--

LOCK TABLES PaymentTable WRITE;
/*!40000 ALTER TABLE PaymentTable DISABLE KEYS */;

INSERT INTO PaymentTable VALUES ('1','01','2024','PAGO','87762','05/01/2024','','1','2024-11-19T13:49:24Z','2024-11-19T13:49:24Z'),('2','02','2024','PAGO','69104','05/02/2024','','1','2024-11-19T13:49:24Z','2024-11-19T13:49:24Z'),('3','03','2024','PAGO','88141','05/03/2024','','1','2024-11-19T13:49:24Z','2024-11-19T13:49:24Z'),('4','04','2024','PAGO','86270','05/04/2024','','1','2024-11-19T13:49:24Z','2024-11-19T13:49:24Z'),('5','05','2024','PAGO','70057','05/05/2024','','1','2024-11-19T13:49:24Z','2024-11-19T13:49:24Z'),('6','06','2024','IMPAGO','70448','','','1','2024-11-19T13:49:25Z','2024-11-19T13:49:25Z'),('7','07','2024','PAGO','67016','05/07/2024','','1','2024-11-19T13:49:25Z','2024-11-19T13:49:25Z'),('8','08','2024','PAGO','78797','05/08/2024','','1','2024-11-19T13:49:25Z','2024-11-19T13:49:25Z'),('9','09','2024','PAGO','54951','05/09/2024','','1','2024-11-19T13:49:25Z','2024-11-19T13:49:25Z'),('10','10','2024','PAGO','82952','05/10/2024','','1','2024-11-19T13:49:25Z','2024-11-19T13:49:25Z'),('11','11','2024','PAGO','95162','05/11/2024','','1','2024-11-19T13:49:25Z','2024-11-19T13:49:25Z'),('12','12','2024','PAGO','87771','05/12/2024','','1','2024-11-19T13:49:26Z','2024-11-19T13:49:26Z'),('13','01','2024','PAGO','77665','05/01/2024','','2','2024-11-19T13:49:26Z','2024-11-19T13:49:26Z'),('14','02','2024','PAGO','88620','05/02/2024','','2','2024-11-19T13:49:26Z','2024-11-19T13:49:26Z'),('15','03','2024','PAGO','85388','05/03/2024','','2','2024-11-19T13:49:26Z','2024-11-19T13:49:26Z'),('16','04','2024','PAGO','87473','05/04/2024','','2','2024-11-19T13:49:26Z','2024-11-19T13:49:26Z'),('17','05','2024','PAGO','51580','05/05/2024','','2','2024-11-19T13:49:26Z','2024-11-19T13:49:26Z'),('18','06','2024','PAGO','86075','05/06/2024','','2','2024-11-19T13:49:26Z','2024-11-19T13:49:26Z'),('19','07','2024','PAGO','87479','05/07/2024','','2','2024-11-19T13:49:27Z','2024-11-19T13:49:27Z'),('20','08','2024','PAGO','89729','05/08/2024','','2','2024-11-19T13:49:27Z','2024-11-19T13:49:27Z'),('21','09','2024','PAGO','98902','05/09/2024','','2','2024-11-19T13:49:27Z','2024-11-19T13:49:27Z'),('22','10','2024','PAGO','73871','05/10/2024','','2','2024-11-19T13:49:27Z','2024-11-19T13:49:27Z'),('23','11','2024','IMPAGO','76054','','','2','2024-11-19T13:49:27Z','2024-11-19T13:49:27Z'),('24','12','2024','PAGO','53671','05/12/2024','','2','2024-11-19T13:49:27Z','2024-11-19T13:49:27Z'),('25','01','2024','PAGO','70567','05/01/2024','','3','2024-11-19T13:49:28Z','2024-11-19T13:49:28Z'),('26','02','2024','PAGO','62567','05/02/2024','','3','2024-11-19T13:49:28Z','2024-11-19T13:49:28Z'),('27','03','2024','PAGO','55133','05/03/2024','','3','2024-11-19T13:49:28Z','2024-11-19T13:49:28Z'),('28','04','2024','PAGO','85370','05/04/2024','','3','2024-11-19T13:49:28Z','2024-11-19T13:49:28Z'),('29','05','2024','PAGO','79373','05/05/2024','','3','2024-11-19T13:49:28Z','2024-11-19T13:49:28Z'),('30','06','2024','PAGO','54827','05/06/2024','','3','2024-11-19T13:49:28Z','2024-11-19T13:49:28Z'),('31','07','2024','PAGO','70616','05/07/2024','','3','2024-11-19T13:49:28Z','2024-11-19T13:49:28Z'),('32','08','2024','PAGO','64038','05/08/2024','','3','2024-11-19T13:49:29Z','2024-11-19T13:49:29Z'),('33','09','2024','PAGO','52277','05/09/2024','','3','2024-11-19T13:49:29Z','2024-11-19T13:49:29Z'),('34','10','2024','PAGO','50786','05/10/2024','','3','2024-11-19T13:49:29Z','2024-11-19T13:49:29Z'),('35','11','2024','PAGO','91785','05/11/2024','','3','2024-11-19T13:49:29Z','2024-11-19T13:49:29Z'),('36','12','2024','PAGO','87853','05/12/2024','','3','2024-11-19T13:49:29Z','2024-11-19T13:49:29Z'),('37','01','2024','PAGO','64433','05/01/2024','','4','2024-11-19T13:49:29Z','2024-11-19T13:49:29Z'),('38','02','2024','PAGO','75700','05/02/2024','','4','2024-11-19T13:49:30Z','2024-11-19T13:49:30Z'),('39','03','2024','PAGO','51566','05/03/2024','','4','2024-11-19T13:49:30Z','2024-11-19T13:49:30Z'),('40','04','2024','PAGO','70827','05/04/2024','','4','2024-11-19T13:49:30Z','2024-11-19T13:49:30Z'),('41','05','2024','PAGO','51885','05/05/2024','','4','2024-11-19T13:49:30Z','2024-11-19T13:49:30Z'),('42','06','2024','PAGO','62164','05/06/2024','','4','2024-11-19T13:49:30Z','2024-11-19T13:49:30Z'),('43','07','2024','PAGO','77553','05/07/2024','','4','2024-11-19T13:49:30Z','2024-11-19T13:49:30Z'),('44','08','2024','IMPAGO','60091','','','4','2024-11-19T13:49:30Z','2024-11-19T13:49:30Z'),('45','09','2024','PAGO','73798','05/09/2024','','4','2024-11-19T13:49:31Z','2024-11-19T13:49:31Z'),('46','10','2024','PAGO','87079','05/10/2024','','4','2024-11-19T13:49:31Z','2024-11-19T13:49:31Z'),('47','11','2024','IMPAGO','75961','','','4','2024-11-19T13:49:31Z','2024-11-19T13:49:31Z'),('48','12','2024','PAGO','53886','05/12/2024','','4','2024-11-19T13:49:31Z','2024-11-19T13:49:31Z'),('49','01','2024','PAGO','91444','05/01/2024','','5','2024-11-19T13:49:31Z','2024-11-19T13:49:31Z'),('50','02','2024','PAGO','92346','05/02/2024','','5','2024-11-19T13:49:31Z','2024-11-19T13:49:31Z'),('51','03','2024','PAGO','61681','05/03/2024','','5','2024-11-19T13:49:32Z','2024-11-19T13:49:32Z'),('52','04','2024','PAGO','87603','05/04/2024','','5','2024-11-19T13:49:32Z','2024-11-19T13:49:32Z'),('53','05','2024','PAGO','71106','05/05/2024','','5','2024-11-19T13:49:32Z','2024-11-19T13:49:32Z'),('54','06','2024','PAGO','65401','05/06/2024','','5','2024-11-19T13:49:32Z','2024-11-19T13:49:32Z'),('55','07','2024','PAGO','71021','05/07/2024','','5','2024-11-19T13:49:32Z','2024-11-19T13:49:32Z'),('56','08','2024','PAGO','58175','05/08/2024','','5','2024-11-19T13:49:32Z','2024-11-19T13:49:32Z'),('57','09','2024','PAGO','60840','05/09/2024','','5','2024-11-19T13:49:32Z','2024-11-19T13:49:32Z'),('58','10','2024','PAGO','52455','05/10/2024','','5','2024-11-19T13:49:33Z','2024-11-19T13:49:33Z'),('59','11','2024','PAGO','52701','05/11/2024','','5','2024-11-19T13:49:33Z','2024-11-19T13:49:33Z'),('60','12','2024','PAGO','59658','05/12/2024','','5','2024-11-19T13:49:33Z','2024-11-19T13:49:33Z'),('61','01','2024','PAGO','55607','05/01/2024','','6','2024-11-19T13:49:33Z','2024-11-19T13:49:33Z'),('62','02','2024','PAGO','96755','05/02/2024','','6','2024-11-19T13:49:33Z','2024-11-19T13:49:33Z'),('63','03','2024','PAGO','91802','05/03/2024','','6','2024-11-19T13:49:33Z','2024-11-19T13:49:33Z'),('64','04','2024','PAGO','71772','05/04/2024','','6','2024-11-19T13:49:34Z','2024-11-19T13:49:34Z'),('65','05','2024','PAGO','52260','05/05/2024','','6','2024-11-19T13:49:34Z','2024-11-19T13:49:34Z'),('66','06','2024','PAGO','54861','05/06/2024','','6','2024-11-19T13:49:34Z','2024-11-19T13:49:34Z'),('67','07','2024','PAGO','62987','05/07/2024','','6','2024-11-19T13:49:34Z','2024-11-19T13:49:34Z'),('68','08','2024','PAGO','70876','05/08/2024','','6','2024-11-19T13:49:34Z','2024-11-19T13:49:34Z'),('69','09','2024','PAGO','74337','05/09/2024','','6','2024-11-19T13:49:34Z','2024-11-19T13:49:34Z'),('70','10','2024','PAGO','56910','05/10/2024','','6','2024-11-19T13:49:34Z','2024-11-19T13:49:34Z'),('71','11','2024','PAGO','82889','05/11/2024','','6','2024-11-19T13:49:35Z','2024-11-19T13:49:35Z'),('72','12','2024','IMPAGO','52124','','','6','2024-11-19T13:49:35Z','2024-11-19T13:49:35Z'),('73','01','2024','PAGO','81607','05/01/2024','','7','2024-11-19T13:49:35Z','2024-11-19T13:49:35Z'),('74','02','2025','PAGO','97658','05/02/2024','','7','2024-11-19T13:49:35Z','2024-11-19T18:12:48Z'),('75','03','2024','PAGO','58567','05/03/2024','','7','2024-11-19T13:49:35Z','2024-11-19T13:49:35Z'),('76','04','2024','PAGO','91152','05/04/2024','','7','2024-11-19T13:49:35Z','2024-11-19T13:49:35Z'),('77','05','2024','PAGO','76426','05/05/2024','','7','2024-11-19T13:49:35Z','2024-11-19T13:49:35Z'),('78','06','2024','PAGO','52796','05/06/2024','','7','2024-11-19T13:49:36Z','2024-11-19T13:49:36Z'),('79','07','2024','PAGO','84247','05/07/2024','','7','2024-11-19T13:49:36Z','2024-11-19T13:49:36Z'),('80','08','2024','PAGO','53686','05/08/2024','','7','2024-11-19T13:49:36Z','2024-11-19T13:49:36Z'),('81','09','2024','PAGO','79849','05/09/2024','','7','2024-11-19T13:49:36Z','2024-11-19T13:49:36Z'),('82','10','2024','IMPAGO','98707','','','7','2024-11-19T13:49:36Z','2024-11-19T13:49:36Z'),('83','11','2024','PAGO','94467','05/11/2024','','7','2024-11-19T13:49:36Z','2024-11-19T13:49:36Z'),('84','12','2024','PAGO','70803','05/12/2024','','7','2024-11-19T13:49:37Z','2024-11-19T13:49:37Z'),('85','01','2024','PAGO','61943','05/01/2024','','8','2024-11-19T13:49:37Z','2024-11-19T13:49:37Z'),('86','02','2024','IMPAGO','60918','','','8','2024-11-19T13:49:37Z','2024-11-19T13:49:37Z'),('87','03','2024','PAGO','50360','05/03/2024','','8','2024-11-19T13:49:37Z','2024-11-19T13:49:37Z'),('88','04','2024','PAGO','79107','05/04/2024','','8','2024-11-19T13:49:37Z','2024-11-19T13:49:37Z'),('89','05','2024','PAGO','75091','05/05/2024','','8','2024-11-19T13:49:37Z','2024-11-19T13:49:37Z'),('90','06','2024','PAGO','87027','05/06/2024','','8','2024-11-19T13:49:37Z','2024-11-19T13:49:37Z'),('91','07','2024','PAGO','75768','05/07/2024','','8','2024-11-19T13:49:38Z','2024-11-19T13:49:38Z'),('92','08','2024','PAGO','56912','05/08/2024','','8','2024-11-19T13:49:38Z','2024-11-19T13:49:38Z'),('93','09','2024','PAGO','91581','05/09/2024','','8','2024-11-19T13:49:38Z','2024-11-19T13:49:38Z'),('94','10','2024','PAGO','59297','05/10/2024','','8','2024-11-19T13:49:38Z','2024-11-19T13:49:38Z'),('95','11','2024','PAGO','60642','05/11/2024','','8','2024-11-19T13:49:38Z','2024-11-19T13:49:38Z'),('96','12','2024','PAGO','99457','05/12/2024','','8','2024-11-19T13:49:38Z','2024-11-19T13:49:38Z'),('97','01','2024','PAGO','76181','05/01/2024','','9','2024-11-19T13:49:39Z','2024-11-19T13:49:39Z'),('98','02','2024','PAGO','57108','05/02/2024','','9','2024-11-19T13:49:39Z','2024-11-19T13:49:39Z'),('99','03','2024','IMPAGO','91276','','','9','2024-11-19T13:49:39Z','2024-11-19T13:49:39Z'),('100','04','2024','IMPAGO','78709','','','9','2024-11-19T13:49:39Z','2024-11-19T13:49:39Z'),('101','05','2024','IMPAGO','70749','','','9','2024-11-19T13:49:39Z','2024-11-19T13:49:39Z'),('102','06','2024','IMPAGO','63282','','','9','2024-11-19T13:49:39Z','2024-11-19T13:49:39Z'),('103','07','2024','PAGO','97925','05/07/2024','','9','2024-11-19T13:49:39Z','2024-11-19T13:49:39Z'),('104','08','2024','IMPAGO','97941','','','9','2024-11-19T13:49:40Z','2024-11-19T13:49:40Z'),('105','09','2024','PAGO','84619','05/09/2024','','9','2024-11-19T13:49:40Z','2024-11-19T13:49:40Z'),('106','10','2024','PAGO','73037','05/10/2024','','9','2024-11-19T13:49:40Z','2024-11-19T13:49:40Z'),('107','11','2024','PAGO','98648','05/11/2024','','9','2024-11-19T13:49:40Z','2024-11-19T13:49:40Z'),('108','12','2024','PAGO','90702','05/12/2024','','9','2024-11-19T13:49:40Z','2024-11-19T13:49:40Z'),('109','01','2024','PAGO','60014','05/01/2024','','10','2024-11-19T13:49:40Z','2024-11-19T13:49:40Z'),('110','02','2024','PAGO','65445','05/02/2024','','10','2024-11-19T13:49:40Z','2024-11-19T13:49:40Z'),('111','03','2024','IMPAGO','64273','','','10','2024-11-19T13:49:41Z','2024-11-19T13:49:41Z'),('112','04','2024','PAGO','61342','05/04/2024','','10','2024-11-19T13:49:41Z','2024-11-19T13:49:41Z'),('113','05','2024','PAGO','69379','05/05/2024','','10','2024-11-19T13:49:41Z','2024-11-19T13:49:41Z'),('114','06','2024','PAGO','68660','05/06/2024','','10','2024-11-19T13:49:41Z','2024-11-19T13:49:41Z'),('115','07','2024','PAGO','75408','05/07/2024','','10','2024-11-19T13:49:41Z','2024-11-19T13:49:41Z'),('116','08','2024','PAGO','71760','05/08/2024','','10','2024-11-19T13:49:41Z','2024-11-19T13:49:41Z'),('117','09','2024','PAGO','62879','05/09/2024','','10','2024-11-19T13:49:42Z','2024-11-19T13:49:42Z'),('118','10','2024','PAGO','57224','05/10/2024','','10','2024-11-19T13:49:42Z','2024-11-19T13:49:42Z'),('119','11','2024','PAGO','52195','05/11/2024','','10','2024-11-19T13:49:42Z','2024-11-19T13:49:42Z'),('120','12','2024','PAGO','53557','05/12/2024','','10','2024-11-19T13:49:42Z','2024-11-19T13:49:42Z'),('121','01','2024','PAGO','70089','05/01/2024','','11','2024-11-19T13:49:42Z','2024-11-19T13:49:42Z'),('122','02','2024','PAGO','76111','05/02/2024','','11','2024-11-19T13:49:42Z','2024-11-19T13:49:42Z'),('123','03','2024','PAGO','87358','05/03/2024','','11','2024-11-19T13:49:42Z','2024-11-19T13:49:42Z'),('124','04','2024','PAGO','96443','05/04/2024','','11','2024-11-19T13:49:43Z','2024-11-19T13:49:43Z'),('125','05','2024','PAGO','57100','05/05/2024','','11','2024-11-19T13:49:43Z','2024-11-19T13:49:43Z'),('126','06','2024','PAGO','60195','05/06/2024','','11','2024-11-19T13:49:43Z','2024-11-19T13:49:43Z'),('127','07','2024','PAGO','77050','05/07/2024','','11','2024-11-19T13:49:43Z','2024-11-19T13:49:43Z'),('128','08','2024','PAGO','79929','05/08/2024','','11','2024-11-19T13:49:43Z','2024-11-19T13:49:43Z'),('129','09','2024','PAGO','61995','05/09/2024','','11','2024-11-19T13:49:43Z','2024-11-19T13:49:43Z'),('130','10','2024','PAGO','53021','05/10/2024','','11','2024-11-19T13:49:44Z','2024-11-19T13:49:44Z'),('131','11','2024','PAGO','83058','05/11/2024','','11','2024-11-19T13:49:44Z','2024-11-19T13:49:44Z'),('132','12','2024','PAGO','73979','05/12/2024','','11','2024-11-19T13:49:44Z','2024-11-19T13:49:44Z'),('133','01','2024','PAGO','96203','05/01/2024','','12','2024-11-19T13:49:44Z','2024-11-19T13:49:44Z'),('134','02','2024','PAGO','74868','05/02/2024','','12','2024-11-19T13:49:44Z','2024-11-19T13:49:44Z'),('135','03','2024','PAGO','81986','05/03/2024','','12','2024-11-19T13:49:44Z','2024-11-19T13:49:44Z'),('136','04','2024','PAGO','73405','05/04/2024','','12','2024-11-19T13:49:44Z','2024-11-19T13:49:44Z'),('137','05','2024','PAGO','76816','05/05/2024','','12','2024-11-19T13:49:45Z','2024-11-19T13:49:45Z'),('138','06','2024','IMPAGO','92502','','','12','2024-11-19T13:49:45Z','2024-11-19T13:49:45Z'),('139','07','2024','PAGO','71502','05/07/2024','','12','2024-11-19T13:49:45Z','2024-11-19T13:49:45Z'),('140','08','2024','PAGO','84481','05/08/2024','','12','2024-11-19T13:49:45Z','2024-11-19T13:49:45Z'),('141','09','2024','PAGO','61005','05/09/2024','','12','2024-11-19T13:49:45Z','2024-11-19T13:49:45Z'),('142','10','2024','PAGO','85115','05/10/2024','','12','2024-11-19T13:49:45Z','2024-11-19T13:49:45Z'),('143','11','2024','PAGO','72420','05/11/2024','','12','2024-11-19T13:49:46Z','2024-11-19T13:49:46Z'),('144','12','2024','PAGO','53120','05/12/2024','','12','2024-11-19T13:49:46Z','2024-11-19T13:49:46Z'),('145','01','2024','IMPAGO','61238','','','13','2024-11-19T13:49:46Z','2024-11-19T13:49:46Z'),('146','02','2024','PAGO','83875','05/02/2024','','13','2024-11-19T13:49:46Z','2024-11-19T13:49:46Z'),('147','03','2024','PAGO','79728','05/03/2024','','13','2024-11-19T13:49:46Z','2024-11-19T13:49:46Z'),('148','04','2024','PAGO','57088','05/04/2024','','13','2024-11-19T13:49:46Z','2024-11-19T13:49:46Z'),('149','05','2024','PAGO','93081','05/05/2024','','13','2024-11-19T13:49:46Z','2024-11-19T13:49:46Z'),('150','06','2024','PAGO','50230','05/06/2024','','13','2024-11-19T13:49:47Z','2024-11-19T13:49:47Z'),('151','07','2024','PAGO','92357','05/07/2024','','13','2024-11-19T13:49:47Z','2024-11-19T13:49:47Z'),('152','08','2024','PAGO','53851','05/08/2024','','13','2024-11-19T13:49:47Z','2024-11-19T13:49:47Z'),('153','09','2024','PAGO','97501','05/09/2024','','13','2024-11-19T13:49:47Z','2024-11-19T13:49:47Z'),('154','10','2024','PAGO','99468','05/10/2024','','13','2024-11-19T13:49:47Z','2024-11-19T13:49:47Z'),('155','11','2024','PAGO','69820','05/11/2024','','13','2024-11-19T13:49:47Z','2024-11-19T13:49:47Z'),('156','12','2024','PAGO','52033','05/12/2024','','13','2024-11-19T13:49:47Z','2024-11-19T13:49:47Z'),('157','01','2024','IMPAGO','68387','','','14','2024-11-19T13:49:48Z','2024-11-19T13:49:48Z'),('158','02','2024','PAGO','89915','05/02/2024','','14','2024-11-19T13:49:48Z','2024-11-19T13:49:48Z'),('159','03','2024','PAGO','56733','05/03/2024','','14','2024-11-19T13:49:48Z','2024-11-19T13:49:48Z'),('160','04','2024','IMPAGO','71782','','','14','2024-11-19T13:49:48Z','2024-11-19T13:49:48Z'),('161','05','2024','IMPAGO','83753','','','14','2024-11-19T13:49:48Z','2024-11-19T13:49:48Z'),('162','06','2024','PAGO','62819','05/06/2024','','14','2024-11-19T13:49:48Z','2024-11-19T13:49:48Z'),('163','07','2024','PAGO','81766','05/07/2024','','14','2024-11-19T13:49:49Z','2024-11-19T13:49:49Z'),('164','08','2024','PAGO','84542','05/08/2024','','14','2024-11-19T13:49:49Z','2024-11-19T13:49:49Z'),('165','09','2024','PAGO','66915','05/09/2024','','14','2024-11-19T13:49:49Z','2024-11-19T13:49:49Z'),('166','10','2024','PAGO','69198','05/10/2024','','14','2024-11-19T13:49:49Z','2024-11-19T13:49:49Z'),('167','11','2024','PAGO','63892','05/11/2024','','14','2024-11-19T13:49:49Z','2024-11-19T13:49:49Z'),('168','12','2024','PAGO','81771','05/12/2024','','14','2024-11-19T13:49:49Z','2024-11-19T13:49:49Z'),('169','01','2024','PAGO','80227','05/01/2024','','15','2024-11-19T13:49:49Z','2024-11-19T13:49:49Z'),('170','02','2024','PAGO','79192','05/02/2024','','15','2024-11-19T13:49:50Z','2024-11-19T13:49:50Z'),('171','03','2024','PAGO','62252','05/03/2024','','15','2024-11-19T13:49:50Z','2024-11-19T13:49:50Z'),('172','04','2024','PAGO','84370','05/04/2024','','15','2024-11-19T13:49:50Z','2024-11-19T13:49:50Z'),('173','05','2024','PAGO','54639','05/05/2024','','15','2024-11-19T13:49:50Z','2024-11-19T13:49:50Z'),('174','06','2024','PAGO','57936','05/06/2024','','15','2024-11-19T13:49:50Z','2024-11-19T13:49:50Z'),('175','07','2024','PAGO','67432','05/07/2024','','15','2024-11-19T13:49:50Z','2024-11-19T13:49:50Z'),('176','08','2024','PAGO','87510','05/08/2024','','15','2024-11-19T13:49:51Z','2024-11-19T13:49:51Z'),('177','09','2024','PAGO','88037','05/09/2024','','15','2024-11-19T13:49:51Z','2024-11-19T13:49:51Z'),('178','10','2024','PAGO','96286','05/10/2024','','15','2024-11-19T13:49:51Z','2024-11-19T13:49:51Z'),('179','11','2024','PAGO','51412','05/11/2024','','15','2024-11-19T13:49:51Z','2024-11-19T13:49:51Z'),('180','12','2024','PAGO','79472','05/12/2024','','15','2024-11-19T13:49:51Z','2024-11-19T13:49:51Z'),('181','01','2024','PAGO','54698','05/01/2024','','16','2024-11-19T13:49:51Z','2024-11-19T13:49:51Z'),('182','02','2024','PAGO','84121','05/02/2024','','16','2024-11-19T13:49:51Z','2024-11-19T13:49:51Z'),('183','03','2024','PAGO','74072','05/03/2024','','16','2024-11-19T13:49:52Z','2024-11-19T13:49:52Z'),('184','04','2024','PAGO','86206','05/04/2024','','16','2024-11-19T13:49:52Z','2024-11-19T13:49:52Z'),('185','05','2024','PAGO','59195','05/05/2024','','16','2024-11-19T13:49:52Z','2024-11-19T13:49:52Z'),('186','06','2024','PAGO','70086','05/06/2024','','16','2024-11-19T13:49:52Z','2024-11-19T13:49:52Z'),('187','07','2024','PAGO','79263','05/07/2024','','16','2024-11-19T13:49:52Z','2024-11-19T13:49:52Z'),('188','08','2024','IMPAGO','78212','','','16','2024-11-19T13:49:52Z','2024-11-19T13:49:52Z'),('189','09','2024','PAGO','86329','05/09/2024','','16','2024-11-19T13:49:53Z','2024-11-19T13:49:53Z'),('190','10','2024','PAGO','85869','05/10/2024','','16','2024-11-19T13:49:53Z','2024-11-19T13:49:53Z'),('191','11','2024','PAGO','95905','05/11/2024','','16','2024-11-19T13:49:53Z','2024-11-19T13:49:53Z'),('192','12','2024','IMPAGO','73090','','','16','2024-11-19T13:49:53Z','2024-11-19T13:49:53Z'),('193','01','2024','PAGO','65986','05/01/2024','','17','2024-11-19T13:49:53Z','2024-11-19T13:49:53Z'),('194','02','2024','PAGO','81426','05/02/2024','','17','2024-11-19T13:49:53Z','2024-11-19T13:49:53Z'),('195','03','2024','PAGO','65499','05/03/2024','','17','2024-11-19T13:49:53Z','2024-11-19T13:49:53Z'),('196','04','2024','PAGO','73347','05/04/2024','','17','2024-11-19T13:49:54Z','2024-11-19T13:49:54Z'),('197','05','2024','PAGO','98690','05/05/2024','','17','2024-11-19T13:49:54Z','2024-11-19T13:49:54Z'),('198','06','2024','PAGO','89464','05/06/2024','','17','2024-11-19T13:49:54Z','2024-11-19T13:49:54Z'),('199','07','2024','PAGO','55045','05/07/2024','','17','2024-11-19T13:49:54Z','2024-11-19T13:49:54Z'),('200','08','2024','PAGO','96633','05/08/2024','','17','2024-11-19T13:49:54Z','2024-11-19T13:49:54Z'),('201','09','2024','PAGO','58235','05/09/2024','','17','2024-11-19T13:49:54Z','2024-11-19T13:49:54Z'),('202','10','2024','PAGO','80630','05/10/2024','','17','2024-11-19T13:49:54Z','2024-11-19T13:49:54Z'),('203','11','2024','PAGO','73354','05/11/2024','','17','2024-11-19T13:49:55Z','2024-11-19T13:49:55Z'),('204','12','2024','PAGO','86441','05/12/2024','','17','2024-11-19T13:49:55Z','2024-11-19T13:49:55Z'),('205','01','2024','PAGO','53822','05/01/2024','','18','2024-11-19T13:49:55Z','2024-11-19T13:49:55Z'),('206','02','2024','PAGO','55635','05/02/2024','','18','2024-11-19T13:49:55Z','2024-11-19T13:49:55Z'),('207','03','2024','PAGO','66519','05/03/2024','','18','2024-11-19T13:49:55Z','2024-11-19T13:49:55Z'),('208','04','2024','PAGO','99277','05/04/2024','','18','2024-11-19T13:49:55Z','2024-11-19T13:49:55Z'),('209','05','2024','PAGO','56789','05/05/2024','','18','2024-11-19T13:49:56Z','2024-11-19T13:49:56Z'),('210','06','2024','PAGO','83447','05/06/2024','','18','2024-11-19T13:49:56Z','2024-11-19T13:49:56Z'),('211','07','2024','IMPAGO','84704','','','18','2024-11-19T13:49:56Z','2024-11-19T13:49:56Z'),('212','08','2024','PAGO','87609','05/08/2024','','18','2024-11-19T13:49:56Z','2024-11-19T13:49:56Z'),('213','09','2024','IMPAGO','57848','','','18','2024-11-19T13:49:56Z','2024-11-19T13:49:56Z'),('214','10','2024','PAGO','70992','05/10/2024','','18','2024-11-19T13:49:56Z','2024-11-19T13:49:56Z'),('215','11','2024','PAGO','53369','05/11/2024','','18','2024-11-19T13:49:56Z','2024-11-19T13:49:56Z'),('216','12','2024','PAGO','57909','05/12/2024','','18','2024-11-19T13:49:57Z','2024-11-19T13:49:57Z'),('217','01','2024','PAGO','57329','05/01/2024','','19','2024-11-19T13:49:57Z','2024-11-19T13:49:57Z'),('218','02','2024','PAGO','69339','05/02/2024','','19','2024-11-19T13:49:57Z','2024-11-19T13:49:57Z'),('219','03','2024','PAGO','90564','05/03/2024','','19','2024-11-19T13:49:57Z','2024-11-19T13:49:57Z'),('220','04','2024','IMPAGO','72599','','','19','2024-11-19T13:49:57Z','2024-11-19T13:49:57Z'),('221','05','2024','PAGO','51712','05/05/2024','','19','2024-11-19T13:49:57Z','2024-11-19T13:49:57Z'),('222','06','2024','PAGO','75643','05/06/2024','','19','2024-11-19T13:49:58Z','2024-11-19T13:49:58Z'),('223','07','2024','PAGO','54256','05/07/2024','','19','2024-11-19T13:49:58Z','2024-11-19T13:49:58Z'),('224','08','2024','PAGO','95149','05/08/2024','','19','2024-11-19T13:49:58Z','2024-11-19T13:49:58Z'),('225','09','2024','PAGO','63013','05/09/2024','','19','2024-11-19T13:49:58Z','2024-11-19T13:49:58Z'),('226','10','2024','PAGO','84912','05/10/2024','','19','2024-11-19T13:49:58Z','2024-11-19T13:49:58Z'),('227','11','2024','PAGO','59561','05/11/2024','','19','2024-11-19T13:49:58Z','2024-11-19T13:49:58Z'),('228','12','2024','PAGO','90754','05/12/2024','','19','2024-11-19T13:49:58Z','2024-11-19T13:49:58Z'),('229','01','2024','PAGO','66053','05/01/2024','','20','2024-11-19T13:49:59Z','2024-11-19T13:49:59Z'),('230','02','2024','PAGO','51121','05/02/2024','','20','2024-11-19T13:49:59Z','2024-11-19T13:49:59Z'),('231','03','2024','PAGO','59652','05/03/2024','','20','2024-11-19T13:49:59Z','2024-11-19T13:49:59Z'),('232','04','2024','PAGO','51869','05/04/2024','','20','2024-11-19T13:49:59Z','2024-11-19T13:49:59Z'),('233','05','2024','PAGO','62198','05/05/2024','','20','2024-11-19T13:49:59Z','2024-11-19T13:49:59Z'),('234','06','2024','PAGO','66279','05/06/2024','','20','2024-11-19T13:49:59Z','2024-11-19T13:49:59Z'),('235','07','2024','PAGO','84795','05/07/2024','','20','2024-11-19T13:49:59Z','2024-11-19T13:49:59Z'),('236','08','2024','PAGO','54041','05/08/2024','','20','2024-11-19T13:50:00Z','2024-11-19T13:50:00Z'),('237','09','2024','PAGO','86993','05/09/2024','','20','2024-11-19T13:50:00Z','2024-11-19T13:50:00Z'),('238','10','2024','PAGO','63761','05/10/2024','','20','2024-11-19T13:50:00Z','2024-11-19T13:50:00Z'),('239','11','2024','PAGO','60146','05/11/2024','','20','2024-11-19T13:50:00Z','2024-11-19T13:50:00Z'),('240','12','2024','PAGO','91610','05/12/2024','','20','2024-11-19T13:50:00Z','2024-11-19T13:50:00Z'),('241','01','2024','PAGO','65820','05/01/2024','','21','2024-11-19T13:50:00Z','2024-11-19T13:50:00Z'),('242','02','2024','PAGO','59542','05/02/2024','','21','2024-11-19T13:50:01Z','2024-11-19T13:50:01Z'),('243','03','2024','PAGO','73776','05/03/2024','','21','2024-11-19T13:50:01Z','2024-11-19T13:50:01Z'),('244','04','2024','PAGO','51002','05/04/2024','','21','2024-11-19T13:50:01Z','2024-11-19T13:50:01Z'),('245','05','2024','PAGO','61929','05/05/2024','','21','2024-11-19T13:50:01Z','2024-11-19T13:50:01Z'),('246','06','2024','PAGO','82916','05/06/2024','','21','2024-11-19T13:50:01Z','2024-11-19T13:50:01Z'),('247','07','2024','PAGO','75699','05/07/2024','','21','2024-11-19T13:50:01Z','2024-11-19T13:50:01Z'),('248','08','2024','PAGO','63304','05/08/2024','','21','2024-11-19T13:50:02Z','2024-11-19T13:50:02Z'),('249','09','2024','PAGO','84690','05/09/2024','','21','2024-11-19T13:50:02Z','2024-11-19T13:50:02Z'),('250','10','2024','IMPAGO','77373','','','21','2024-11-19T13:50:02Z','2024-11-19T13:50:02Z'),('251','11','2024','PAGO','75816','05/11/2024','','21','2024-11-19T13:50:02Z','2024-11-19T13:50:02Z'),('252','12','2024','PAGO','79098','05/12/2024','','21','2024-11-19T13:50:02Z','2024-11-19T13:50:02Z'),('253','01','2024','PAGO','60231','05/01/2024','','22','2024-11-19T13:50:02Z','2024-11-19T13:50:02Z'),('254','02','2024','PAGO','67573','05/02/2024','','22','2024-11-19T13:50:02Z','2024-11-19T13:50:02Z'),('255','03','2024','PAGO','81014','05/03/2024','','22','2024-11-19T13:50:03Z','2024-11-19T13:50:03Z'),('256','04','2024','PAGO','66528','05/04/2024','','22','2024-11-19T13:50:03Z','2024-11-19T13:50:03Z'),('257','05','2024','PAGO','79088','05/05/2024','','22','2024-11-19T13:50:03Z','2024-11-19T13:50:03Z'),('258','06','2024','PAGO','50988','05/06/2024','','22','2024-11-19T13:50:03Z','2024-11-19T13:50:03Z'),('259','07','2024','IMPAGO','64500','','','22','2024-11-19T13:50:03Z','2024-11-19T13:50:03Z'),('260','08','2024','PAGO','97292','05/08/2024','','22','2024-11-19T13:50:03Z','2024-11-19T13:50:03Z'),('261','09','2024','PAGO','75748','05/09/2024','','22','2024-11-19T13:50:04Z','2024-11-19T13:50:04Z'),('262','10','2024','PAGO','63401','05/10/2024','','22','2024-11-19T13:50:04Z','2024-11-19T13:50:04Z'),('263','11','2024','PAGO','52507','05/11/2024','','22','2024-11-19T13:50:04Z','2024-11-19T13:50:04Z'),('264','12','2024','PAGO','50322','05/12/2024','','22','2024-11-19T13:50:04Z','2024-11-19T13:50:04Z'),('265','01','2024','PAGO','87921','05/01/2024','','23','2024-11-19T13:50:04Z','2024-11-19T13:50:04Z'),('266','02','2024','PAGO','69547','05/02/2024','','23','2024-11-19T13:50:04Z','2024-11-19T13:50:04Z'),('267','03','2024','PAGO','77468','05/03/2024','','23','2024-11-19T13:50:04Z','2024-11-19T13:50:04Z'),('268','04','2024','PAGO','66097','05/04/2024','','23','2024-11-19T13:50:05Z','2024-11-19T13:50:05Z'),('269','05','2024','PAGO','60810','05/05/2024','','23','2024-11-19T13:50:05Z','2024-11-19T13:50:05Z'),('270','06','2024','PAGO','79962','05/06/2024','','23','2024-11-19T13:50:05Z','2024-11-19T13:50:05Z'),('271','07','2024','PAGO','91768','05/07/2024','','23','2024-11-19T13:50:05Z','2024-11-19T13:50:05Z'),('272','08','2024','IMPAGO','57174','','','23','2024-11-19T13:50:05Z','2024-11-19T13:50:05Z'),('273','09','2024','PAGO','75934','05/09/2024','','23','2024-11-19T13:50:05Z','2024-11-19T13:50:05Z'),('274','10','2024','PAGO','64998','05/10/2024','','23','2024-11-19T13:50:06Z','2024-11-19T13:50:06Z'),('275','11','2024','PAGO','96976','05/11/2024','','23','2024-11-19T13:50:06Z','2024-11-19T13:50:06Z'),('276','12','2024','PAGO','55418','05/12/2024','','23','2024-11-19T13:50:06Z','2024-11-19T13:50:06Z'),('277','01','2024','PAGO','91600','05/01/2024','','24','2024-11-19T13:50:06Z','2024-11-19T13:50:06Z'),('278','02','2024','PAGO','80136','05/02/2024','','24','2024-11-19T13:50:06Z','2024-11-19T13:50:06Z'),('279','03','2024','PAGO','88683','05/03/2024','','24','2024-11-19T13:50:06Z','2024-11-19T13:50:06Z'),('280','04','2024','PAGO','82248','05/04/2024','','24','2024-11-19T13:50:06Z','2024-11-19T13:50:06Z'),('281','05','2024','PAGO','93212','05/05/2024','','24','2024-11-19T13:50:07Z','2024-11-19T13:50:07Z'),('282','06','2024','PAGO','79995','05/06/2024','','24','2024-11-19T13:50:07Z','2024-11-19T13:50:07Z'),('283','07','2024','PAGO','83439','05/07/2024','','24','2024-11-19T13:50:07Z','2024-11-19T13:50:07Z'),('284','08','2024','PAGO','83828','05/08/2024','','24','2024-11-19T13:50:07Z','2024-11-19T13:50:07Z'),('285','09','2024','PAGO','98776','05/09/2024','','24','2024-11-19T13:50:07Z','2024-11-19T13:50:07Z'),('286','10','2024','PAGO','59080','05/10/2024','','24','2024-11-19T13:50:07Z','2024-11-19T13:50:07Z'),('287','11','2024','PAGO','81538','05/11/2024','','24','2024-11-19T13:50:08Z','2024-11-19T13:50:08Z'),('288','12','2024','PAGO','66137','05/12/2024','','24','2024-11-19T13:50:08Z','2024-11-19T13:50:08Z'),('289','01','2024','PAGO','59363','05/01/2024','','25','2024-11-19T13:50:08Z','2024-11-19T13:50:08Z'),('290','02','2024','PAGO','50212','05/02/2024','','25','2024-11-19T13:50:08Z','2024-11-19T13:50:08Z'),('291','03','2024','PAGO','57946','05/03/2024','','25','2024-11-19T13:50:08Z','2024-11-19T13:50:08Z'),('292','04','2024','PAGO','53374','05/04/2024','','25','2024-11-19T13:50:08Z','2024-11-19T13:50:08Z'),('293','05','2024','PAGO','72132','05/05/2024','','25','2024-11-19T13:50:08Z','2024-11-19T13:50:08Z'),('294','06','2024','PAGO','93347','05/06/2024','','25','2024-11-19T13:50:09Z','2024-11-19T13:50:09Z'),('295','07','2024','IMPAGO','67076','','','25','2024-11-19T13:50:09Z','2024-11-19T13:50:09Z'),('296','08','2024','PAGO','61048','05/08/2024','','25','2024-11-19T13:50:09Z','2024-11-19T13:50:09Z'),('297','09','2024','IMPAGO','77665','','','25','2024-11-19T13:50:09Z','2024-11-19T13:50:09Z'),('298','10','2024','PAGO','65289','05/10/2024','','25','2024-11-19T13:50:09Z','2024-11-19T13:50:09Z'),('299','11','2024','PAGO','57299','05/11/2024','','25','2024-11-19T13:50:09Z','2024-11-19T13:50:09Z'),('300','12','2024','PAGO','69462','05/12/2024','','25','2024-11-19T13:50:10Z','2024-11-19T13:50:10Z'),('301','01','2024','PAGO','77614','05/01/2024','','26','2024-11-19T13:50:10Z','2024-11-19T13:50:10Z'),('302','02','2024','PAGO','92259','05/02/2024','','26','2024-11-19T13:50:10Z','2024-11-19T13:50:10Z'),('303','03','2024','PAGO','92402','05/03/2024','','26','2024-11-19T13:50:10Z','2024-11-19T13:50:10Z'),('304','04','2024','PAGO','59724','05/04/2024','','26','2024-11-19T13:50:10Z','2024-11-19T13:50:10Z'),('305','05','2024','PAGO','70568','05/05/2024','','26','2024-11-19T13:50:10Z','2024-11-19T13:50:10Z'),('306','06','2024','PAGO','59428','05/06/2024','','26','2024-11-19T13:50:10Z','2024-11-19T13:50:10Z'),('307','07','2024','PAGO','94570','05/07/2024','','26','2024-11-19T13:50:11Z','2024-11-19T13:50:11Z'),('308','08','2024','PAGO','83059','05/08/2024','','26','2024-11-19T13:50:11Z','2024-11-19T13:50:11Z'),('309','09','2024','PAGO','87725','05/09/2024','','26','2024-11-19T13:50:11Z','2024-11-19T13:50:11Z'),('310','10','2024','PAGO','83026','05/10/2024','','26','2024-11-19T13:50:11Z','2024-11-19T13:50:11Z'),('311','11','2024','PAGO','97267','05/11/2024','','26','2024-11-19T13:50:11Z','2024-11-19T13:50:11Z'),('312','12','2024','PAGO','89329','05/12/2024','','26','2024-11-19T13:50:11Z','2024-11-19T13:50:11Z'),('313','01','2024','PAGO','85289','05/01/2024','','27','2024-11-19T13:50:12Z','2024-11-19T13:50:12Z'),('314','02','2024','PAGO','85487','05/02/2024','','27','2024-11-19T13:50:12Z','2024-11-19T13:50:12Z'),('315','03','2024','PAGO','51311','05/03/2024','','27','2024-11-19T13:50:12Z','2024-11-19T13:50:12Z'),('316','04','2024','PAGO','55023','05/04/2024','','27','2024-11-19T13:50:12Z','2024-11-19T13:50:12Z'),('317','05','2024','PAGO','94339','05/05/2024','','27','2024-11-19T13:50:12Z','2024-11-19T13:50:12Z'),('318','06','2024','PAGO','87875','05/06/2024','','27','2024-11-19T13:50:12Z','2024-11-19T13:50:12Z'),('319','07','2024','PAGO','65503','05/07/2024','','27','2024-11-19T13:50:12Z','2024-11-19T13:50:12Z'),('320','08','2024','PAGO','86959','05/08/2024','','27','2024-11-19T13:50:13Z','2024-11-19T13:50:13Z'),('321','09','2024','PAGO','77068','05/09/2024','','27','2024-11-19T13:50:13Z','2024-11-19T13:50:13Z'),('322','10','2024','PAGO','60214','05/10/2024','','27','2024-11-19T13:50:13Z','2024-11-19T13:50:13Z'),('323','11','2024','PAGO','75409','05/11/2024','','27','2024-11-19T13:50:13Z','2024-11-19T13:50:13Z'),('324','12','2024','PAGO','78701','05/12/2024','','27','2024-11-19T13:50:13Z','2024-11-19T13:50:13Z'),('325','01','2024','IMPAGO','82941','','','28','2024-11-19T13:50:13Z','2024-11-19T13:50:13Z'),('326','02','2024','IMPAGO','86438','','','28','2024-11-19T13:50:14Z','2024-11-19T13:50:14Z'),('327','03','2024','PAGO','78194','05/03/2024','','28','2024-11-19T13:50:14Z','2024-11-19T13:50:14Z'),('328','04','2024','IMPAGO','66416','','','28','2024-11-19T13:50:14Z','2024-11-19T13:50:14Z'),('329','05','2024','PAGO','91208','05/05/2024','','28','2024-11-19T13:50:14Z','2024-11-19T13:50:14Z'),('330','06','2024','PAGO','53438','05/06/2024','','28','2024-11-19T13:50:14Z','2024-11-19T13:50:14Z'),('331','07','2024','PAGO','70228','05/07/2024','','28','2024-11-19T13:50:14Z','2024-11-19T13:50:14Z'),('332','08','2024','PAGO','67693','05/08/2024','','28','2024-11-19T13:50:14Z','2024-11-19T13:50:14Z'),('333','09','2024','PAGO','61972','05/09/2024','','28','2024-11-19T13:50:15Z','2024-11-19T13:50:15Z'),('334','10','2024','PAGO','78964','05/10/2024','','28','2024-11-19T13:50:15Z','2024-11-19T13:50:15Z'),('335','11','2024','PAGO','52426','05/11/2024','','28','2024-11-19T13:50:15Z','2024-11-19T13:50:15Z'),('336','12','2024','PAGO','58313','05/12/2024','','28','2024-11-19T13:50:15Z','2024-11-19T13:50:15Z'),('337','01','2024','PAGO','51863','05/01/2024','','29','2024-11-19T13:50:15Z','2024-11-19T13:50:15Z'),('338','02','2024','PAGO','84329','05/02/2024','','29','2024-11-19T13:50:15Z','2024-11-19T13:50:15Z'),('339','03','2024','PAGO','76651','05/03/2024','','29','2024-11-19T13:50:15Z','2024-11-19T13:50:15Z'),('340','04','2024','PAGO','55409','05/04/2024','','29','2024-11-19T13:50:16Z','2024-11-19T13:50:16Z'),('341','05','2024','PAGO','81242','05/05/2024','','29','2024-11-19T13:50:16Z','2024-11-19T13:50:16Z'),('342','06','2024','PAGO','78528','05/06/2024','','29','2024-11-19T13:50:16Z','2024-11-19T13:50:16Z'),('343','07','2024','PAGO','86608','05/07/2024','','29','2024-11-19T13:50:16Z','2024-11-19T13:50:16Z'),('344','08','2024','PAGO','72752','05/08/2024','','29','2024-11-19T13:50:16Z','2024-11-19T13:50:16Z'),('345','09','2024','PAGO','53593','05/09/2024','','29','2024-11-19T13:50:16Z','2024-11-19T13:50:16Z'),('346','10','2024','PAGO','79963','05/10/2024','','29','2024-11-19T13:50:17Z','2024-11-19T13:50:17Z'),('347','11','2024','PAGO','71181','05/11/2024','','29','2024-11-19T13:50:17Z','2024-11-19T13:50:17Z'),('348','12','2024','IMPAGO','53119','','','29','2024-11-19T13:50:17Z','2024-11-19T13:50:17Z'),('349','01','2024','PAGO','58405','05/01/2024','','30','2024-11-19T13:50:17Z','2024-11-19T13:50:17Z'),('350','02','2024','PAGO','84882','05/02/2024','','30','2024-11-19T13:50:17Z','2024-11-19T13:50:17Z'),('351','03','2024','IMPAGO','80555','','','30','2024-11-19T13:50:17Z','2024-11-19T13:50:17Z'),('352','04','2024','PAGO','99711','05/04/2024','','30','2024-11-19T13:50:17Z','2024-11-19T13:50:17Z'),('353','05','2024','PAGO','97966','05/05/2024','','30','2024-11-19T13:50:18Z','2024-11-19T13:50:18Z'),('354','06','2024','PAGO','75228','05/06/2024','','30','2024-11-19T13:50:18Z','2024-11-19T13:50:18Z'),('355','07','2024','PAGO','79728','05/07/2024','','30','2024-11-19T13:50:18Z','2024-11-19T13:50:18Z'),('356','08','2024','IMPAGO','75110','','','30','2024-11-19T13:50:18Z','2024-11-19T13:50:18Z'),('357','09','2024','PAGO','71730','05/09/2024','','30','2024-11-19T13:50:18Z','2024-11-19T13:50:18Z'),('358','10','2024','PAGO','81659','05/10/2024','','30','2024-11-19T13:50:18Z','2024-11-19T13:50:18Z'),('359','11','2024','PAGO','54019','05/11/2024','','30','2024-11-19T13:50:19Z','2024-11-19T13:50:19Z'),('360','12','2024','PAGO','92643','05/12/2024','','30','2024-11-19T13:50:19Z','2024-11-19T13:50:19Z'),('361','01','2024','PAGO','78849','05/01/2024','','31','2024-11-19T13:50:19Z','2024-11-19T13:50:19Z'),('362','02','2024','PAGO','53741','05/02/2024','','31','2024-11-19T13:50:19Z','2024-11-19T13:50:19Z'),('363','03','2024','PAGO','75638','05/03/2024','','31','2024-11-19T13:50:19Z','2024-11-19T13:50:19Z'),('364','04','2024','PAGO','70520','05/04/2024','','31','2024-11-19T13:50:19Z','2024-11-19T13:50:19Z'),('365','05','2024','PAGO','99444','05/05/2024','','31','2024-11-19T13:50:19Z','2024-11-19T13:50:19Z'),('366','06','2024','PAGO','54517','05/06/2024','','31','2024-11-19T13:50:20Z','2024-11-19T13:50:20Z'),('367','07','2024','PAGO','75658','05/07/2024','','31','2024-11-19T13:50:20Z','2024-11-19T13:50:20Z'),('368','08','2024','PAGO','85349','05/08/2024','','31','2024-11-19T13:50:20Z','2024-11-19T13:50:20Z'),('369','09','2024','PAGO','90074','05/09/2024','','31','2024-11-19T13:50:20Z','2024-11-19T13:50:20Z'),('370','10','2024','IMPAGO','90839','','','31','2024-11-19T13:50:20Z','2024-11-19T13:50:20Z'),('371','11','2024','PAGO','72785','05/11/2024','','31','2024-11-19T13:50:20Z','2024-11-19T13:50:20Z'),('372','12','2024','PAGO','96681','05/12/2024','','31','2024-11-19T13:50:20Z','2024-11-19T13:50:20Z'),('373','01','2024','PAGO','88677','05/01/2024','','32','2024-11-19T13:50:21Z','2024-11-19T13:50:21Z'),('374','02','2024','PAGO','93891','05/02/2024','','32','2024-11-19T13:50:21Z','2024-11-19T13:50:21Z'),('375','03','2024','PAGO','99526','05/03/2024','','32','2024-11-19T13:50:21Z','2024-11-19T13:50:21Z'),('376','04','2024','PAGO','50698','05/04/2024','','32','2024-11-19T13:50:21Z','2024-11-19T13:50:21Z'),('377','05','2024','PAGO','54487','05/05/2024','','32','2024-11-19T13:50:21Z','2024-11-19T13:50:21Z'),('378','06','2024','PAGO','82003','05/06/2024','','32','2024-11-19T13:50:21Z','2024-11-19T13:50:21Z'),('379','07','2024','PAGO','58462','05/07/2024','','32','2024-11-19T13:50:22Z','2024-11-19T13:50:22Z'),('380','08','2024','PAGO','67355','05/08/2024','','32','2024-11-19T13:50:22Z','2024-11-19T13:50:22Z'),('381','09','2024','PAGO','63209','05/09/2024','','32','2024-11-19T13:50:22Z','2024-11-19T13:50:22Z'),('382','10','2024','PAGO','89348','05/10/2024','','32','2024-11-19T13:50:22Z','2024-11-19T13:50:22Z'),('383','11','2024','PAGO','83254','05/11/2024','','32','2024-11-19T13:50:22Z','2024-11-19T13:50:22Z'),('384','12','2024','IMPAGO','77938','','','32','2024-11-19T13:50:22Z','2024-11-19T13:50:22Z'),('385','01','2024','PAGO','63240','05/01/2024','','33','2024-11-19T13:50:22Z','2024-11-19T13:50:22Z'),('386','02','2024','PAGO','87900','05/02/2024','','33','2024-11-19T13:50:23Z','2024-11-19T13:50:23Z'),('387','03','2024','PAGO','58422','05/03/2024','','33','2024-11-19T13:50:23Z','2024-11-19T13:50:23Z'),('388','04','2024','PAGO','88058','05/04/2024','','33','2024-11-19T13:50:23Z','2024-11-19T13:50:23Z'),('389','05','2024','PAGO','81614','05/05/2024','','33','2024-11-19T13:50:23Z','2024-11-19T13:50:23Z'),('390','06','2024','PAGO','71467','05/06/2024','','33','2024-11-19T13:50:23Z','2024-11-19T13:50:23Z'),('391','07','2024','PAGO','54426','05/07/2024','','33','2024-11-19T13:50:23Z','2024-11-19T13:50:23Z'),('392','08','2024','PAGO','93864','05/08/2024','','33','2024-11-19T13:50:24Z','2024-11-19T13:50:24Z'),('393','09','2024','PAGO','73291','05/09/2024','','33','2024-11-19T13:50:24Z','2024-11-19T13:50:24Z'),('394','10','2024','PAGO','91391','05/10/2024','','33','2024-11-19T13:50:24Z','2024-11-19T13:50:24Z'),('395','11','2024','PAGO','65144','05/11/2024','','33','2024-11-19T13:50:24Z','2024-11-19T13:50:24Z'),('396','12','2024','PAGO','98260','05/12/2024','','33','2024-11-19T13:50:24Z','2024-11-19T13:50:24Z'),('397','01','2024','IMPAGO','97939','','','34','2024-11-19T13:50:24Z','2024-11-19T13:50:24Z'),('398','02','2024','PAGO','78182','05/02/2024','','34','2024-11-19T13:50:24Z','2024-11-19T13:50:24Z'),('399','03','2024','PAGO','73964','05/03/2024','','34','2024-11-19T13:50:25Z','2024-11-19T13:50:25Z'),('400','04','2024','PAGO','82819','05/04/2024','','34','2024-11-19T13:50:25Z','2024-11-19T13:50:25Z'),('401','05','2024','PAGO','86437','05/05/2024','','34','2024-11-19T13:50:25Z','2024-11-19T13:50:25Z'),('402','06','2024','PAGO','70309','05/06/2024','','34','2024-11-19T13:50:25Z','2024-11-19T13:50:25Z'),('403','07','2024','IMPAGO','95121','','','34','2024-11-19T13:50:25Z','2024-11-19T13:50:25Z'),('404','08','2024','PAGO','75798','05/08/2024','','34','2024-11-19T13:50:25Z','2024-11-19T13:50:25Z'),('405','09','2024','PAGO','89208','05/09/2024','','34','2024-11-19T13:50:26Z','2024-11-19T13:50:26Z'),('406','10','2024','PAGO','74295','05/10/2024','','34','2024-11-19T13:50:26Z','2024-11-19T13:50:26Z'),('407','11','2024','PAGO','73859','05/11/2024','','34','2024-11-19T13:50:26Z','2024-11-19T13:50:26Z'),('408','12','2024','PAGO','84642','05/12/2024','','34','2024-11-19T13:50:26Z','2024-11-19T13:50:26Z'),('409','01','2024','PAGO','81454','05/01/2024','','35','2024-11-19T13:50:26Z','2024-11-19T13:50:26Z'),('410','02','2024','IMPAGO','79337','','','35','2024-11-19T13:50:26Z','2024-11-19T13:50:26Z'),('411','03','2024','PAGO','52387','05/03/2024','','35','2024-11-19T13:50:26Z','2024-11-19T13:50:26Z'),('412','04','2024','PAGO','87793','05/04/2024','','35','2024-11-19T13:50:27Z','2024-11-19T13:50:27Z'),('413','05','2024','PAGO','54419','05/05/2024','','35','2024-11-19T13:50:27Z','2024-11-19T13:50:27Z'),('414','06','2024','PAGO','70855','05/06/2024','','35','2024-11-19T13:50:27Z','2024-11-19T13:50:27Z'),('415','07','2024','PAGO','50118','05/07/2024','','35','2024-11-19T13:50:27Z','2024-11-19T13:50:27Z'),('416','08','2024','PAGO','56613','05/08/2024','','35','2024-11-19T13:50:27Z','2024-11-19T13:50:27Z'),('417','09','2024','PAGO','71341','05/09/2024','','35','2024-11-19T13:50:27Z','2024-11-19T13:50:27Z'),('418','10','2024','PAGO','64685','05/10/2024','','35','2024-11-19T13:50:27Z','2024-11-19T13:50:27Z'),('419','11','2024','IMPAGO','80581','','','35','2024-11-19T13:50:28Z','2024-11-19T13:50:28Z'),('420','12','2024','PAGO','90744','05/12/2024','','35','2024-11-19T13:50:28Z','2024-11-19T13:50:28Z'),('421','01','2024','PAGO','68945','05/01/2024','','36','2024-11-19T13:50:28Z','2024-11-19T13:50:28Z'),('422','02','2024','PAGO','55119','05/02/2024','','36','2024-11-19T13:50:28Z','2024-11-19T13:50:28Z'),('423','03','2024','PAGO','59887','05/03/2024','','36','2024-11-19T13:50:28Z','2024-11-19T13:50:28Z'),('424','04','2024','PAGO','95740','05/04/2024','','36','2024-11-19T13:50:28Z','2024-11-19T13:50:28Z'),('425','05','2024','PAGO','90358','05/05/2024','','36','2024-11-19T13:50:29Z','2024-11-19T13:50:29Z'),('426','06','2024','PAGO','87456','05/06/2024','','36','2024-11-19T13:50:29Z','2024-11-19T13:50:29Z'),('427','07','2024','PAGO','73017','05/07/2024','','36','2024-11-19T13:50:29Z','2024-11-19T13:50:29Z'),('428','08','2024','PAGO','98215','05/08/2024','','36','2024-11-19T13:50:29Z','2024-11-19T13:50:29Z'),('429','09','2024','PAGO','64145','05/09/2024','','36','2024-11-19T13:50:29Z','2024-11-19T13:50:29Z'),('430','10','2024','PAGO','91469','05/10/2024','','36','2024-11-19T13:50:29Z','2024-11-19T13:50:29Z'),('431','11','2024','PAGO','88419','05/11/2024','','36','2024-11-19T13:50:30Z','2024-11-19T13:50:30Z'),('432','12','2024','PAGO','81340','05/12/2024','','36','2024-11-19T13:50:30Z','2024-11-19T13:50:30Z'),('433','01','2024','PAGO','62413','05/01/2024','','37','2024-11-19T13:50:30Z','2024-11-19T13:50:30Z'),('434','02','2024','IMPAGO','86334','','','37','2024-11-19T13:50:30Z','2024-11-19T13:50:30Z'),('435','03','2024','PAGO','88095','05/03/2024','','37','2024-11-19T13:50:30Z','2024-11-19T13:50:30Z'),('436','04','2024','PAGO','90229','05/04/2024','','37','2024-11-19T13:50:30Z','2024-11-19T13:50:30Z'),('437','05','2024','PAGO','81886','05/05/2024','','37','2024-11-19T13:50:30Z','2024-11-19T13:50:30Z'),('438','06','2024','PAGO','60111','05/06/2024','','37','2024-11-19T13:50:31Z','2024-11-19T13:50:31Z'),('439','07','2024','PAGO','69480','05/07/2024','','37','2024-11-19T13:50:31Z','2024-11-19T13:50:31Z'),('440','08','2024','PAGO','63989','05/08/2024','','37','2024-11-19T13:50:31Z','2024-11-19T13:50:31Z'),('441','09','2024','PAGO','76979','05/09/2024','','37','2024-11-19T13:50:31Z','2024-11-19T13:50:31Z'),('442','10','2024','PAGO','58468','05/10/2024','','37','2024-11-19T13:50:31Z','2024-11-19T13:50:31Z'),('443','11','2024','IMPAGO','59256','','','37','2024-11-19T13:50:31Z','2024-11-19T13:50:31Z'),('444','12','2024','PAGO','69769','05/12/2024','','37','2024-11-19T13:50:31Z','2024-11-19T13:50:31Z'),('445','01','2024','PAGO','63167','05/01/2024','','38','2024-11-19T13:50:32Z','2024-11-19T13:50:32Z'),('446','02','2024','PAGO','58761','05/02/2024','','38','2024-11-19T13:50:32Z','2024-11-19T13:50:32Z'),('447','03','2024','PAGO','74421','05/03/2024','','38','2024-11-19T13:50:32Z','2024-11-19T13:50:32Z'),('448','04','2024','PAGO','70133','05/04/2024','','38','2024-11-19T13:50:32Z','2024-11-19T13:50:32Z'),('449','05','2024','PAGO','96711','05/05/2024','','38','2024-11-19T13:50:32Z','2024-11-19T13:50:32Z'),('450','06','2024','PAGO','78207','05/06/2024','','38','2024-11-19T13:50:32Z','2024-11-19T13:50:32Z'),('451','07','2024','IMPAGO','72457','','','38','2024-11-19T13:50:33Z','2024-11-19T13:50:33Z'),('452','08','2024','PAGO','50836','05/08/2024','','38','2024-11-19T13:50:33Z','2024-11-19T13:50:33Z'),('453','09','2024','PAGO','78882','05/09/2024','','38','2024-11-19T13:50:33Z','2024-11-19T13:50:33Z'),('454','10','2024','PAGO','80897','05/10/2024','','38','2024-11-19T13:50:33Z','2024-11-19T13:50:33Z'),('455','11','2024','PAGO','80669','05/11/2024','','38','2024-11-19T13:50:33Z','2024-11-19T13:50:33Z'),('456','12','2024','PAGO','80332','05/12/2024','','38','2024-11-19T13:50:33Z','2024-11-19T13:50:33Z'),('457','01','2024','PAGO','68567','05/01/2024','','39','2024-11-19T13:50:33Z','2024-11-19T13:50:33Z'),('458','02','2024','PAGO','82889','05/02/2024','','39','2024-11-19T13:50:34Z','2024-11-19T13:50:34Z'),('459','03','2024','PAGO','96245','05/03/2024','','39','2024-11-19T13:50:34Z','2024-11-19T13:50:34Z'),('460','04','2024','PAGO','82040','05/04/2024','','39','2024-11-19T13:50:34Z','2024-11-19T13:50:34Z'),('461','05','2024','PAGO','67675','05/05/2024','','39','2024-11-19T13:50:34Z','2024-11-19T13:50:34Z'),('462','06','2024','PAGO','69593','05/06/2024','','39','2024-11-19T13:50:34Z','2024-11-19T13:50:34Z'),('463','07','2024','PAGO','74846','05/07/2024','','39','2024-11-19T13:50:34Z','2024-11-19T13:50:34Z'),('464','08','2024','PAGO','99147','05/08/2024','','39','2024-11-19T13:50:34Z','2024-11-19T13:50:34Z'),('465','09','2024','PAGO','92515','05/09/2024','','39','2024-11-19T13:50:35Z','2024-11-19T13:50:35Z'),('466','10','2024','PAGO','90419','05/10/2024','','39','2024-11-19T13:50:35Z','2024-11-19T13:50:35Z'),('467','11','2024','PAGO','54128','05/11/2024','','39','2024-11-19T13:50:35Z','2024-11-19T13:50:35Z'),('468','12','2024','PAGO','95794','05/12/2024','','39','2024-11-19T13:50:35Z','2024-11-19T13:50:35Z'),('469','01','2024','PAGO','61155','05/01/2024','','40','2024-11-19T13:50:35Z','2024-11-19T13:50:35Z'),('470','02','2024','IMPAGO','50670','','','40','2024-11-19T13:50:35Z','2024-11-19T13:50:35Z'),('471','03','2024','PAGO','87213','05/03/2024','','40','2024-11-19T13:50:36Z','2024-11-19T13:50:36Z'),('472','04','2024','PAGO','96947','05/04/2024','','40','2024-11-19T13:50:36Z','2024-11-19T13:50:36Z'),('473','05','2024','IMPAGO','86107','','','40','2024-11-19T13:50:36Z','2024-11-19T13:50:36Z'),('474','06','2024','PAGO','50748','05/06/2024','','40','2024-11-19T13:50:36Z','2024-11-19T13:50:36Z'),('475','07','2024','PAGO','50521','05/07/2024','','40','2024-11-19T13:50:36Z','2024-11-19T13:50:36Z'),('476','08','2024','PAGO','80925','05/08/2024','','40','2024-11-19T13:50:36Z','2024-11-19T13:50:36Z'),('477','09','2024','PAGO','92373','05/09/2024','','40','2024-11-19T13:50:36Z','2024-11-19T13:50:36Z'),('478','10','2024','PAGO','93709','05/10/2024','','40','2024-11-19T13:50:37Z','2024-11-19T13:50:37Z'),('479','11','2024','PAGO','86279','05/11/2024','','40','2024-11-19T13:50:37Z','2024-11-19T13:50:37Z'),('480','12','2024','PAGO','77276','05/12/2024','','40','2024-11-19T13:50:37Z','2024-11-19T13:50:37Z'),('481','01','2024','IMPAGO','50028','','','41','2024-11-19T13:50:37Z','2024-11-19T13:50:37Z'),('482','02','2024','PAGO','81967','05/02/2024','','41','2024-11-19T13:50:37Z','2024-11-19T13:50:37Z'),('483','03','2024','PAGO','90746','05/03/2024','','41','2024-11-19T13:50:37Z','2024-11-19T13:50:37Z'),('484','04','2024','PAGO','69784','05/04/2024','','41','2024-11-19T13:50:37Z','2024-11-19T13:50:37Z'),('485','05','2024','PAGO','54540','05/05/2024','','41','2024-11-19T13:50:38Z','2024-11-19T13:50:38Z'),('486','06','2024','PAGO','98799','05/06/2024','','41','2024-11-19T13:50:38Z','2024-11-19T13:50:38Z'),('487','07','2024','PAGO','82322','05/07/2024','','41','2024-11-19T13:50:38Z','2024-11-19T13:50:38Z'),('488','08','2024','PAGO','74228','05/08/2024','','41','2024-11-19T13:50:38Z','2024-11-19T13:50:38Z'),('489','09','2024','PAGO','73241','05/09/2024','','41','2024-11-19T13:50:38Z','2024-11-19T13:50:38Z'),('490','10','2024','PAGO','71737','05/10/2024','','41','2024-11-19T13:50:38Z','2024-11-19T13:50:38Z'),('491','11','2024','PAGO','80671','05/11/2024','','41','2024-11-19T13:50:39Z','2024-11-19T13:50:39Z'),('492','12','2024','IMPAGO','65530','','','41','2024-11-19T13:50:39Z','2024-11-19T13:50:39Z'),('493','01','2024','PAGO','78462','05/01/2024','','42','2024-11-19T13:50:39Z','2024-11-19T13:50:39Z'),('494','02','2024','PAGO','87508','05/02/2024','','42','2024-11-19T13:50:39Z','2024-11-19T13:50:39Z'),('495','03','2024','PAGO','60541','05/03/2024','','42','2024-11-19T13:50:39Z','2024-11-19T13:50:39Z'),('496','04','2024','PAGO','68174','05/04/2024','','42','2024-11-19T13:50:39Z','2024-11-19T13:50:39Z'),('497','05','2024','PAGO','62563','05/05/2024','','42','2024-11-19T13:50:39Z','2024-11-19T13:50:39Z'),('498','06','2024','PAGO','99421','05/06/2024','','42','2024-11-19T13:50:40Z','2024-11-19T13:50:40Z'),('499','07','2024','PAGO','52881','05/07/2024','','42','2024-11-19T13:50:40Z','2024-11-19T13:50:40Z'),('500','08','2024','PAGO','93603','05/08/2024','','42','2024-11-19T13:50:40Z','2024-11-19T13:50:40Z'),('501','09','2024','PAGO','79707','05/09/2024','','42','2024-11-19T13:50:40Z','2024-11-19T13:50:40Z'),('502','10','2024','PAGO','77656','05/10/2024','','42','2024-11-19T13:50:40Z','2024-11-19T13:50:40Z'),('503','11','2024','PAGO','54329','05/11/2024','','42','2024-11-19T13:50:40Z','2024-11-19T13:50:40Z'),('504','12','2024','IMPAGO','76840','','','42','2024-11-19T13:50:41Z','2024-11-19T13:50:41Z'),('505','01','2024','PAGO','95841','05/01/2024','','43','2024-11-19T13:50:41Z','2024-11-19T13:50:41Z'),('506','02','2024','PAGO','54924','05/02/2024','','43','2024-11-19T13:50:41Z','2024-11-19T13:50:41Z'),('507','03','2024','PAGO','93275','05/03/2024','','43','2024-11-19T13:50:41Z','2024-11-19T13:50:41Z'),('508','04','2024','PAGO','57358','05/04/2024','','43','2024-11-19T13:50:41Z','2024-11-19T13:50:41Z'),('509','05','2024','PAGO','62400','05/05/2024','','43','2024-11-19T13:50:41Z','2024-11-19T13:50:41Z'),('510','06','2024','IMPAGO','69703','','','43','2024-11-19T13:50:41Z','2024-11-19T13:50:41Z'),('511','07','2024','PAGO','63041','05/07/2024','','43','2024-11-19T13:50:42Z','2024-11-19T13:50:42Z'),('512','08','2024','PAGO','66416','05/08/2024','','43','2024-11-19T13:50:42Z','2024-11-19T13:50:42Z'),('513','09','2024','PAGO','85100','05/09/2024','','43','2024-11-19T13:50:42Z','2024-11-19T13:50:42Z'),('514','10','2024','PAGO','81953','05/10/2024','','43','2024-11-19T13:50:42Z','2024-11-19T13:50:42Z'),('515','11','2024','PAGO','78919','05/11/2024','','43','2024-11-19T13:50:42Z','2024-11-19T13:50:42Z'),('516','12','2024','IMPAGO','76727','','','43','2024-11-19T13:50:42Z','2024-11-19T13:50:42Z'),('517','01','2024','PAGO','95341','05/01/2024','','44','2024-11-19T13:50:42Z','2024-11-19T13:50:42Z'),('518','02','2024','IMPAGO','74589','','','44','2024-11-19T13:50:43Z','2024-11-19T13:50:43Z'),('519','03','2024','PAGO','97387','05/03/2024','','44','2024-11-19T13:50:43Z','2024-11-19T13:50:43Z'),('520','04','2024','IMPAGO','58173','','','44','2024-11-19T13:50:43Z','2024-11-19T13:50:43Z'),('521','05','2024','IMPAGO','80834','','','44','2024-11-19T13:50:43Z','2024-11-19T13:50:43Z'),('522','06','2024','PAGO','71989','05/06/2024','','44','2024-11-19T13:50:43Z','2024-11-19T13:50:43Z'),('523','07','2024','PAGO','78734','05/07/2024','','44','2024-11-19T13:50:43Z','2024-11-19T13:50:43Z'),('524','08','2024','PAGO','83592','05/08/2024','','44','2024-11-19T13:50:44Z','2024-11-19T13:50:44Z'),('525','09','2024','IMPAGO','91406','','','44','2024-11-19T13:50:44Z','2024-11-19T13:50:44Z'),('526','10','2024','PAGO','52698','05/10/2024','','44','2024-11-19T13:50:44Z','2024-11-19T13:50:44Z'),('527','11','2024','PAGO','56269','05/11/2024','','44','2024-11-19T13:50:44Z','2024-11-19T13:50:44Z'),('528','12','2024','PAGO','81632','05/12/2024','','44','2024-11-19T13:50:44Z','2024-11-19T13:50:44Z'),('529','01','2024','IMPAGO','82308','','','45','2024-11-19T13:50:44Z','2024-11-19T13:50:44Z'),('530','02','2024','PAGO','67987','05/02/2024','','45','2024-11-19T13:50:44Z','2024-11-19T13:50:44Z'),('531','03','2024','PAGO','96892','05/03/2024','','45','2024-11-19T13:50:45Z','2024-11-19T13:50:45Z'),('532','04','2024','PAGO','91441','05/04/2024','','45','2024-11-19T13:50:45Z','2024-11-19T13:50:45Z'),('533','05','2024','PAGO','52080','05/05/2024','','45','2024-11-19T13:50:45Z','2024-11-19T13:50:45Z'),('534','06','2024','PAGO','79437','05/06/2024','','45','2024-11-19T13:50:45Z','2024-11-19T13:50:45Z'),('535','07','2024','PAGO','53036','05/07/2024','','45','2024-11-19T13:50:45Z','2024-11-19T13:50:45Z'),('536','08','2024','PAGO','54361','05/08/2024','','45','2024-11-19T13:50:45Z','2024-11-19T13:50:45Z'),('537','09','2024','PAGO','82983','05/09/2024','','45','2024-11-19T13:50:45Z','2024-11-19T13:50:45Z'),('538','10','2024','PAGO','63198','05/10/2024','','45','2024-11-19T13:50:46Z','2024-11-19T13:50:46Z'),('539','11','2024','PAGO','66664','05/11/2024','','45','2024-11-19T13:50:46Z','2024-11-19T13:50:46Z'),('540','12','2024','PAGO','78911','05/12/2024','','45','2024-11-19T13:50:46Z','2024-11-19T13:50:46Z'),('541','01','2024','PAGO','85580','05/01/2024','','46','2024-11-19T13:50:46Z','2024-11-19T13:50:46Z'),('542','02','2024','PAGO','92929','05/02/2024','','46','2024-11-19T13:50:46Z','2024-11-19T13:50:46Z'),('543','03','2024','PAGO','66729','05/03/2024','','46','2024-11-19T13:50:46Z','2024-11-19T13:50:46Z'),('544','04','2024','PAGO','96017','05/04/2024','','46','2024-11-19T13:50:47Z','2024-11-19T13:50:47Z'),('545','05','2024','PAGO','62070','05/05/2024','','46','2024-11-19T13:50:47Z','2024-11-19T13:50:47Z'),('546','06','2024','PAGO','96540','05/06/2024','','46','2024-11-19T13:50:47Z','2024-11-19T13:50:47Z'),('547','07','2024','PAGO','77706','05/07/2024','','46','2024-11-19T13:50:47Z','2024-11-19T13:50:47Z'),('548','08','2024','PAGO','52479','05/08/2024','','46','2024-11-19T13:50:47Z','2024-11-19T13:50:47Z'),('549','09','2024','PAGO','81443','05/09/2024','','46','2024-11-19T13:50:47Z','2024-11-19T13:50:47Z'),('550','10','2024','IMPAGO','77204','','','46','2024-11-19T13:50:47Z','2024-11-19T13:50:47Z'),('551','11','2024','PAGO','81818','05/11/2024','','46','2024-11-19T13:50:48Z','2024-11-19T13:50:48Z'),('552','12','2024','PAGO','94250','05/12/2024','','46','2024-11-19T13:50:48Z','2024-11-19T13:50:48Z'),('553','01','2024','PAGO','78286','05/01/2024','','47','2024-11-19T13:50:48Z','2024-11-19T13:50:48Z'),('554','02','2024','IMPAGO','53929','','','47','2024-11-19T13:50:48Z','2024-11-19T13:50:48Z'),('555','03','2024','IMPAGO','83193','','','47','2024-11-19T13:50:48Z','2024-11-19T13:50:48Z'),('556','04','2024','PAGO','62567','05/04/2024','','47','2024-11-19T13:50:48Z','2024-11-19T13:50:48Z'),('557','05','2024','PAGO','71540','05/05/2024','','47','2024-11-19T13:50:48Z','2024-11-19T13:50:48Z'),('558','06','2024','PAGO','59206','05/06/2024','','47','2024-11-19T13:50:49Z','2024-11-19T13:50:49Z'),('559','07','2024','PAGO','78243','05/07/2024','','47','2024-11-19T13:50:49Z','2024-11-19T13:50:49Z'),('560','08','2024','IMPAGO','81016','','','47','2024-11-19T13:50:49Z','2024-11-19T13:50:49Z'),('561','09','2024','PAGO','57601','05/09/2024','','47','2024-11-19T13:50:49Z','2024-11-19T13:50:49Z'),('562','10','2024','PAGO','83487','05/10/2024','','47','2024-11-19T13:50:49Z','2024-11-19T13:50:49Z'),('563','11','2024','PAGO','58980','05/11/2024','','47','2024-11-19T13:50:49Z','2024-11-19T13:50:49Z'),('564','12','2024','PAGO','55351','05/12/2024','','47','2024-11-19T13:50:50Z','2024-11-19T13:50:50Z'),('565','01','2024','PAGO','89699','05/01/2024','','48','2024-11-19T13:50:50Z','2024-11-19T13:50:50Z'),('566','02','2024','PAGO','89577','05/02/2024','','48','2024-11-19T13:50:50Z','2024-11-19T13:50:50Z'),('567','03','2024','PAGO','70429','05/03/2024','','48','2024-11-19T13:50:50Z','2024-11-19T13:50:50Z'),('568','04','2024','PAGO','99635','05/04/2024','','48','2024-11-19T13:50:50Z','2024-11-19T13:50:50Z'),('569','05','2024','PAGO','63468','05/05/2024','','48','2024-11-19T13:50:50Z','2024-11-19T13:50:50Z'),('570','06','2024','PAGO','54916','05/06/2024','','48','2024-11-19T13:50:50Z','2024-11-19T13:50:50Z'),('571','07','2024','PAGO','83874','05/07/2024','','48','2024-11-19T13:50:51Z','2024-11-19T13:50:51Z'),('572','08','2024','PAGO','52255','05/08/2024','','48','2024-11-19T13:50:51Z','2024-11-19T13:50:51Z'),('573','09','2024','PAGO','64838','05/09/2024','','48','2024-11-19T13:50:51Z','2024-11-19T13:50:51Z'),('574','10','2024','PAGO','53425','05/10/2024','','48','2024-11-19T13:50:51Z','2024-11-19T13:50:51Z'),('575','11','2024','PAGO','94048','05/11/2024','','48','2024-11-19T13:50:51Z','2024-11-19T13:50:51Z'),('576','12','2024','PAGO','95711','05/12/2024','','48','2024-11-19T13:50:51Z','2024-11-19T13:50:51Z'),('577','01','2024','PAGO','67454','05/01/2024','','49','2024-11-19T13:50:52Z','2024-11-19T13:50:52Z'),('578','02','2024','IMPAGO','83703','','','49','2024-11-19T13:50:52Z','2024-11-19T13:50:52Z'),('579','03','2024','PAGO','59229','05/03/2024','','49','2024-11-19T13:50:52Z','2024-11-19T13:50:52Z'),('580','04','2024','PAGO','96205','05/04/2024','','49','2024-11-19T13:50:52Z','2024-11-19T13:50:52Z'),('581','05','2024','PAGO','82891','05/05/2024','','49','2024-11-19T13:50:52Z','2024-11-19T13:50:52Z'),('582','06','2024','PAGO','97876','05/06/2024','','49','2024-11-19T13:50:52Z','2024-11-19T13:50:52Z'),('583','07','2024','PAGO','58241','05/07/2024','','49','2024-11-19T13:50:52Z','2024-11-19T13:50:52Z'),('584','08','2024','IMPAGO','81420','','','49','2024-11-19T13:50:53Z','2024-11-19T13:50:53Z'),('585','09','2024','PAGO','84414','05/09/2024','','49','2024-11-19T13:50:53Z','2024-11-19T13:50:53Z'),('586','10','2024','PAGO','76459','05/10/2024','','49','2024-11-19T13:50:53Z','2024-11-19T13:50:53Z'),('587','11','2024','PAGO','87172','05/11/2024','','49','2024-11-19T13:50:53Z','2024-11-19T13:50:53Z'),('588','12','2024','PAGO','55798','05/12/2024','','49','2024-11-19T13:50:53Z','2024-11-19T13:50:53Z'),('601','02','2026','PAGO','15666','26/05/1998','asdads','7','2024-11-19T18:14:15Z','2024-11-19T18:14:15Z'),('602','02','2030','PAGO','158000','15/02/1995','asdasd','7','2024-11-20T18:40:54Z','2024-11-20T18:40:54Z'),('603','09','2032','PAGO','151215','26/05/1992','54asdasd','7','2024-11-20T18:42:16Z','2024-11-20T18:42:16Z'),('604','05','2035','PAGO','54561','25/05/1995','asdasdas','7','2024-11-20T18:48:55Z','2024-11-20T18:48:55Z'),('605','01','2052','PAGO','56465','25/05/1998','sadasd','7','2024-11-20T18:52:03Z','2024-11-20T18:52:03Z'),('606','06','2090','PAGO','123123','25/12/1990','asd','7','2024-11-20T18:54:46Z','2024-11-20T18:54:46Z');

/*!40000 ALTER TABLE PaymentTable ENABLE KEYS */;
UNLOCK TABLES;

-- Dump completed on 2024-12-01 17:04:40.215268 -0300 -03 m=+11.466969201
