-- Go SQL Dump 0.2.2
--
-- ------------------------------------------------------
-- Server version	8.0.36-28

/*!40101 SET @OLD_CHARACTER_SET_CLIENT=@@CHARACTER_SET_CLIENT */;
/*!40101 SET @OLD_CHARACTER_SET_RESULTS=@@CHARACTER_SET_RESULTS */;
/*!40101 SET @OLD_COLLATION_CONNECTION=@@COLLATION_CONNECTION */;
/*!40101 SET NAMES utf8 */;
/*!40103 SET @OLD_TIME_ZONE=@@TIME_ZONE */;
/*!40103 SET TIME_ZONE='+00:00' */;
/*!40014 SET @OLD_UNIQUE_CHECKS=@@UNIQUE_CHECKS, UNIQUE_CHECKS=0 */;
/*!40014 SET @OLD_FOREIGN_KEY_CHECKS=@@FOREIGN_KEY_CHECKS, FOREIGN_KEY_CHECKS=0 */;
/*!40101 SET @OLD_SQL_MODE=@@SQL_MODE, SQL_MODE='NO_AUTO_VALUE_ON_ZERO' */;
/*!40111 SET @OLD_SQL_NOTES=@@SQL_NOTES, SQL_NOTES=0 */;



--
-- Table structure for table ClientTable
--

DROP TABLE IF EXISTS ClientTable;
/*!40101 SET @saved_cs_client     = @@character_set_client */;
/*!40101 SET character_set_client = utf8 */;
CREATE TABLE `ClientTable` (
  `IdClient` int NOT NULL AUTO_INCREMENT,
  `Name` varchar(50) COLLATE utf8mb4_general_ci NOT NULL,
  `Authorized` tinyint(1) NOT NULL,
  PRIMARY KEY (`IdClient`)
) ENGINE=InnoDB AUTO_INCREMENT=2 DEFAULT CHARSET=utf8mb4 COLLATE=utf8mb4_general_ci;
/*!40101 SET character_set_client = @saved_cs_client */;
--
-- Dumping data for table ClientTable
--

LOCK TABLES ClientTable WRITE;
/*!40000 ALTER TABLE ClientTable DISABLE KEYS */;

INSERT INTO ClientTable VALUES ('1','Sindicato','1');

/*!40000 ALTER TABLE ClientTable ENABLE KEYS */;
UNLOCK TABLES;

--
-- Table structure for table EnterpriseTable
--

DROP TABLE IF EXISTS EnterpriseTable;
/*!40101 SET @saved_cs_client     = @@character_set_client */;
/*!40101 SET character_set_client = utf8 */;
CREATE TABLE `EnterpriseTable` (
  `IdEnterprise` int NOT NULL AUTO_INCREMENT,
  `Name` varchar(255) CHARACTER SET utf8mb4 COLLATE utf8mb4_general_ci DEFAULT NULL,
  `EnterpriseNumber` varchar(50) CHARACTER SET utf8mb4 COLLATE utf8mb4_general_ci DEFAULT NULL,
  `Address` varchar(50) CHARACTER SET utf8mb4 COLLATE utf8mb4_general_ci DEFAULT NULL,
  `Contact` varchar(200) CHARACTER SET utf8mb4 COLLATE utf8mb4_general_ci DEFAULT NULL,
  `CUIT` varchar(50) CHARACTER SET utf8mb4 COLLATE utf8mb4_general_ci DEFAULT NULL,
  `District` varchar(50) CHARACTER SET utf8mb4 COLLATE utf8mb4_general_ci DEFAULT NULL,
  `PostalCode` varchar(10) CHARACTER SET utf8mb4 COLLATE utf8mb4_general_ci DEFAULT NULL,
  `Phone` varchar(50) CHARACTER SET utf8mb4 COLLATE utf8mb4_general_ci DEFAULT NULL,
  `Observations` varchar(1000) CHARACTER SET utf8mb4 COLLATE utf8mb4_general_ci DEFAULT NULL,
  `Created_At` timestamp NULL DEFAULT CURRENT_TIMESTAMP,
  `Updated_At` timestamp NULL DEFAULT CURRENT_TIMESTAMP ON UPDATE CURRENT_TIMESTAMP,
  PRIMARY KEY (`IdEnterprise`),
  UNIQUE KEY `EnterpriseNumber` (`EnterpriseNumber`)
) ENGINE=InnoDB AUTO_INCREMENT=53 DEFAULT CHARSET=utf8mb4 COLLATE=utf8mb4_general_ci;
/*!40101 SET character_set_client = @saved_cs_client */;
--
-- Dumping data for table EnterpriseTable
--

LOCK TABLES EnterpriseTable WRITE;
/*!40000 ALTER TABLE EnterpriseTable DISABLE KEYS */;

INSERT INTO EnterpriseTable VALUES ('1','SIN EMPRESA','POR DEFECTO','POR DEFECTO','POR DEFECTO','POR DEFECTO','POR DEFECTO','0000','POR DEFECTO','POR DEFECTO','2025-07-24T21:35:54Z','2025-07-24T21:35:54Z'),('2','Unión de Crédito de Fomento Latinoamericano  S.A. de C.V.','5781','Los Molinos 6315','1563387940','20-6664145-8','Pilar','2260','1562158711','texto aleatorio numero 116','2025-07-24T21:35:54Z','2025-07-24T21:35:54Z'),('3','Unión de Crédito Impulsa  S.A. de C.V.','2121','Cruz de Caña 765','1568810612','21-3224930-6','Perito Moreno','1156','1563298163','texto aleatorio numero 250','2025-07-24T21:35:55Z','2025-07-24T21:35:55Z'),('4','Suites del Real - Operadora Tapatía de Hoteles  S.A. de C.V.','2772','Los Reartes 4242','1567421230','21-9697879-6','Pilo Lil','1600','1569934437','texto aleatorio numero 710','2025-07-24T21:35:55Z','2025-07-24T21:35:55Z'),('5','Centro Cambiario Alme S.A. de C.V.','7480','Maipú 2458','1562922047','22-2734469-2','Gral. Pacheco','6069','1569867399','texto aleatorio numero 259','2025-07-24T21:35:56Z','2025-07-24T21:35:56Z'),('6','Bodegas Rurales Conasupo  S.A. de C.V.','8953','Andacollo 5029','1563091868','23-8031550-2','Bernardo Larroude','1134','156771784','texto aleatorio numero 916','2025-07-24T21:35:56Z','2025-07-24T21:35:56Z'),('7','Centro Cambiario Cabdor  S.A. de C.V.','3361','Magdalena 6904','1568201367','21-1190348-5','Capital','3958','1567832462','texto aleatorio numero 401','2025-07-24T21:35:56Z','2025-07-24T21:35:56Z'),('8','Operadora Turistica Jov  S.A. de C.V. Grupo JOV','5657','Ñanducita 9636','1567742331','23-8928529-4','Munro','6938','156148212','texto aleatorio numero 440','2025-07-24T21:35:57Z','2025-07-24T21:35:57Z'),('9','Bioesport  S.A. de C.V. Grupo GAXIOLA','1791','Los Sosa 5153','1563962373','23-8595565-8','Villa Gral. Belgrano','3382','1566259051','texto aleatorio numero 191','2025-07-24T21:35:57Z','2025-07-24T21:35:57Z'),('10','Luz y Fuerza del Centro','7297','Beazley 9899','1565786730','20-2696739-2','Gral. Lavalle','3496','1567164501','texto aleatorio numero 451','2025-07-24T21:35:57Z','2025-07-24T21:35:57Z'),('11','Ingenio Nueva Zelandia  S.A','2142','Balvanera 4664','1567648111','25-4785452-1','Castellanos','3373','156399221','texto aleatorio numero 132','2025-07-24T21:35:58Z','2025-07-24T21:35:58Z'),('12','Banco de Crédito Rural del Golfo  S.N.C.','6132','El Alcázar 2431','1567510923','22-7828531-7','Devoto','4380','1563843442','texto aleatorio numero 685','2025-07-24T21:35:58Z','2025-07-24T21:35:58Z'),('13','Unión de Crédito Agropecuaria Sierra Tarahumara  S.A. de C.V.','5096','Gral. Lavalle 4357','156442170','23-9144326-5','San Víctor','1265','1569981740','texto aleatorio numero 959','2025-07-24T21:35:58Z','2025-07-24T21:35:58Z'),('14','Unión de Crédito De Chiapas  S.A. de C.V.','8841','Gral. Mosconi 648','1561640481','25-6697728-6','Aviá Teraí','8439','1569326581','texto aleatorio numero 854','2025-07-24T21:35:59Z','2025-07-24T21:35:59Z'),('15','Unión de Crédito Agropecuario del Rio Yaqui  S.A. de C.V.','7526','San Rafael 1174','1563774797','27-9594595-6','Cabal','6935','1562507821','texto aleatorio numero 304','2025-07-24T21:35:59Z','2025-07-24T21:35:59Z'),('16','Hospitales del Valle  S.A. de C.V. Forma parte de INCOBIT','7194','Los Puestos 4831','1561043645','27-2511734-8','San Roque','2619','1561847465','texto aleatorio numero 831','2025-07-24T21:35:59Z','2025-07-24T21:35:59Z'),('17','BARCI Es del Gpo. TEBO','3441','Yacaré 7470','1566183909','22-8833977-3','Golondrina','1714','1567041575','texto aleatorio numero 945','2025-07-24T21:36:00Z','2025-07-24T21:36:00Z'),('18','Unión de Crédito Promocion Empresarial  S.A. de C.V.','5251','Carpintería 5428','1566387863','26-2649645-3','Realicó','2925','156493442','texto aleatorio numero 747','2025-07-24T21:36:00Z','2025-07-24T21:36:00Z'),('19','Confección de Jalisco  Unión de Crédito Mixta  S.A. de C.V.','8778','Estación Torrent 3089','1568186541','21-1009103-4','Wheelwright','5012','156445698','texto aleatorio numero 433','2025-07-24T21:36:00Z','2025-07-24T21:36:00Z'),('21','Unión de Crédito Industrial del Transporte de Guerrero  S.A. de C.V.','2540','Col. Cello 6523','1566792872','22-2527702-5','Iglesia','3337','1561433462','texto aleatorio numero 573','2025-07-24T21:36:01Z','2025-07-24T21:36:01Z'),('22','Grupo Inmobiliario del Estado de Querétaro  S.A. de C.V.','6576','San Cipriano 8870','1568142515','24-2932544-4','Las Ovejas','8347','1566716728','texto aleatorio numero 90','2025-07-24T21:36:01Z','2025-07-24T21:36:01Z'),('23','Factoring Estratégico  S.A. de C.V.','1152','Los Catutos 1808','1566255','24-4741139-2','El Cimarrón','7990','1567680536','texto aleatorio numero 405','2025-07-24T21:36:02Z','2025-07-24T21:36:02Z'),('24','Centro Cambiario Gova  S.A. de C.V.','6691','Florencio Varela 6496','1562037241','24-4072154-2','El Trébol','4535','1564986425','texto aleatorio numero 699','2025-07-24T21:36:02Z','2025-07-24T21:36:02Z'),('25','Unión de Crédito Agropecuario del Valle de Guaymas  S.A. de C.V.','7569','Perdices 5963','1562260147','21-4765483-3','Loberia','5283','1566389418','texto aleatorio numero 140','2025-07-24T21:36:03Z','2025-07-24T21:36:03Z'),('26','Unión de Crédito de Agrupaciones Empresariales  S.A. de C.V.','2081','Villa Ciudad de América 3602','1569369370','22-2494533-3','Nueva 7','3668','1564969892','texto aleatorio numero 803','2025-07-24T21:36:03Z','2025-07-24T21:36:03Z'),('27','Inmobiliaria Cobit  S.A. de C.V.','8053','San Antonio de Obligado 9827','1564700435','20-9351998-8','Pichi-Huinca','3825','1568249557','texto aleatorio numero 353','2025-07-24T21:36:03Z','2025-07-24T21:36:03Z'),('28','Unión de Crédito Empresarial del Estado de Nuevo León S.A. de C.V.','6481','La Cumbrecita 607','1565992093','27-4456037-5','Cushamen','7617','1566383384','texto aleatorio numero 208','2025-07-24T21:36:04Z','2025-07-24T21:36:04Z'),('29','Unión de Crédito de Empresarios de Tlaxcala  S.A. de C.V.','6940','Santa Catalina 9907','1562177596','26-8929917-1','La Clarita','6938','1564063928','texto aleatorio numero 284','2025-07-24T21:36:04Z','2025-07-24T21:36:04Z'),('30','Unión de Crédito Empresarial del Estado de Nuevo León S.A. de C.V.','2157','Pocito 5597','156193185','28-1028300-8','Gdor. Mansilla','5831','1567446049','texto aleatorio numero 770','2025-07-24T21:36:04Z','2025-07-24T21:36:04Z'),('31','Unión de Crédito Industrial de la Construcción de Guerrero  S.A. de C.V.','7692','Aguaray 1854','1567145484','22-7431694-3','Balvanera','2552','1564146504','texto aleatorio numero 507','2025-07-24T21:36:05Z','2025-07-24T21:36:05Z'),('32','Magna Arrendadora  S.A. de C.V.','4030','Ancajuli 598','1563839816','25-8605386-7','Teniente Berdina','8883','1564715276','texto aleatorio numero 4','2025-07-24T21:36:05Z','2025-07-24T21:36:05Z'),('33','Unión de Crédito Mixta del Noreste de Zacatecas  S.A. de C.V.','3414','Chuña Huasi 5209','1565175736','23-2191681-7','San Martín','1769','1565295358','texto aleatorio numero 398','2025-07-24T21:36:05Z','2025-07-24T21:36:05Z'),('35','Unión de Crédito de la región de Bacum  S.A. de C.V.','7105','Villa Mirasol 9544','1569585136','22-5169039-3','Ituzaingó','8249','1565974842','texto aleatorio numero 463','2025-07-24T21:36:06Z','2025-07-24T21:36:06Z'),('36','Almacenes y Servicios  S.A. de C.V.','4083','Toro Pujio 9943','1561105426112','20-2693517-6','Carapachay','7936','1564895576','texto aleatorio numero 2971','2025-07-24T21:36:06Z','2025-08-08T20:33:51Z'),('37','Unión de Crédito Minero Industrial Mercantil S.A. de C.V.','7916','Mte. Maíz 2250','1566721527','23-9191103-2','Rosario de La Frontera','2500','1567172006','texto aleatorio numero 331','2025-07-24T21:36:07Z','2025-07-24T21:36:07Z'),('38','Unión de Crédito de Tizimin  S.A. de C.V.','8684','Sta. María 3429','1566978409','27-9246169-5','Calafate','1292','1565692651','texto aleatorio numero 638','2025-07-24T21:36:07Z','2025-07-24T21:36:07Z'),('39','Unión de Crédito de Línea Blanca y Electrónica  S.A. de C.V.','5281','Nueve de Julio 6310','156331350','28-2418827-3','Renca','5574','1568097195','texto aleatorio numero 698','2025-07-24T21:36:07Z','2025-07-24T21:36:07Z'),('40','Unión de Crédito Comercial del Caribe  S.A. de C.V.','5384','Larrechea 4057','1561979778','23-9625570-7','Pto. 21','2149','156490585','texto aleatorio numero 553','2025-07-24T21:36:08Z','2025-07-24T21:36:08Z'),('41','Unión de Crédito Mixta del Balsas  S.A. de C.V.','2795','Fortín Lugones 5107','1561416965','25-9805604-7','Col. Ensayo','7770','1561923915','texto aleatorio numero 465','2025-07-24T21:36:08Z','2025-07-24T21:36:08Z'),('42','Unión de Crédito de Apoyo Financiero  S.A. de C.V.','5427','Los Cedros 8971','156142487','23-7441464-7','Pastor Britos','4433','1562856134','texto aleatorio numero 0','2025-07-24T21:36:08Z','2025-07-24T21:36:08Z'),('43','Unión de Crédito Industrial de la Construcción de Guerrero  S.A. de C.V.','7270','Los Polvorines 3414','1566381582','25-7800957-1','Tolar Grande','6893','1562382926','texto aleatorio numero 476','2025-07-24T21:36:09Z','2025-07-24T21:36:09Z'),('44','Unión de Crédito Mixta de San Ignacio  S.A. de C.V.','1497','Primero de Mayo 6683','1561035141','21-6362657-1','Chancaní','5205','1563531480','texto aleatorio numero 332','2025-07-24T21:36:09Z','2025-07-24T21:36:09Z'),('45','Unión de Crédito Industrial de la Laguna  S.A. de C.V.','8470','Berabevú 7253','1565340040','25-6384849-7','Gral. Lamadrid','3975','1568674','texto aleatorio numero 476','2025-07-24T21:36:10Z','2025-07-24T21:36:10Z'),('46','Ferrocarriles Nacionales de México','2824','Capitán Cáceres 1303','1562869262','23-1192874-7','Sourigues','2133','1562093053','texto aleatorio numero 798','2025-07-24T21:36:10Z','2025-07-24T21:36:10Z'),('47','Inmobiliaria BANCEN  S.A. de C.V.','4428','Pergamino 8836','1568236396','24-1107819-2','Villa Gutierrez','1241','1566472665','texto aleatorio numero 726','2025-07-24T21:36:10Z','2025-07-24T21:36:10Z'),('48','Unión de Crédito del Valle de Ameca  S.A. de C.V.','5731','Mi Granja 4763','1563515097','28-8610052-3','Los Sarmientos','6185','1569447456','texto aleatorio numero 471','2025-07-24T21:36:11Z','2025-07-24T21:36:11Z'),('49','Unión de Crédito Impulsa  S.A. de C.V.','4222','Los Molles 6350','156499236','26-8360603-5','Hugentobler','5583','1565227550','texto aleatorio numero 285','2025-07-24T21:36:11Z','2025-07-24T21:36:11Z'),('50','Unión de Crédito Comercial de Sinaloa  S.A. de C.V.','1705','Bialet Masse 4975','1561594928','28-4224509-1','San Bernardo','2036','1561400064','texto aleatorio numero 459','2025-07-24T21:36:11Z','2025-07-24T21:36:11Z'),('51','Centro Cambiario Pátzcuaro  S.A. de C.V.','1823','Montefiore 854','1564735055','20-5429692-5','Pueblo Muñoz','8873','1566706274','texto aleatorio numero 556','2025-07-24T21:36:12Z','2025-07-24T21:36:12Z'),('52','chacarita','1231231','diasjdkasdj','1928312310923','1203120312','asdklñjalksdljk','111','1723791231111','klasdjlkajdslkasjlkads','2025-07-25T01:57:29Z','2025-07-25T01:57:51Z');

/*!40000 ALTER TABLE EnterpriseTable ENABLE KEYS */;
UNLOCK TABLES;

--
-- Table structure for table MemberTable
--

DROP TABLE IF EXISTS MemberTable;
/*!40101 SET @saved_cs_client     = @@character_set_client */;
/*!40101 SET character_set_client = utf8 */;
CREATE TABLE `MemberTable` (
  `IdMember` int NOT NULL AUTO_INCREMENT,
  `Name` varchar(100) CHARACTER SET utf8mb4 COLLATE utf8mb4_general_ci NOT NULL,
  `LastName` varchar(50) CHARACTER SET utf8mb4 COLLATE utf8mb4_general_ci NOT NULL,
  `DNI` varchar(50) CHARACTER SET utf8mb4 COLLATE utf8mb4_general_ci NOT NULL,
  `Birthday` varchar(50) CHARACTER SET utf8mb4 COLLATE utf8mb4_general_ci NOT NULL,
  `Gender` varchar(50) CHARACTER SET utf8mb4 COLLATE utf8mb4_general_ci NOT NULL,
  `MaritalStatus` varchar(50) CHARACTER SET utf8mb4 COLLATE utf8mb4_general_ci NOT NULL,
  `Phone` varchar(50) CHARACTER SET utf8mb4 COLLATE utf8mb4_general_ci NOT NULL,
  `Email` varchar(50) CHARACTER SET utf8mb4 COLLATE utf8mb4_general_ci DEFAULT NULL,
  `Address` varchar(50) CHARACTER SET utf8mb4 COLLATE utf8mb4_general_ci NOT NULL,
  `PostalCode` varchar(10) CHARACTER SET utf8mb4 COLLATE utf8mb4_general_ci NOT NULL,
  `District` varchar(50) CHARACTER SET utf8mb4 COLLATE utf8mb4_general_ci NOT NULL,
  `MemberNumber` varchar(50) CHARACTER SET utf8mb4 COLLATE utf8mb4_general_ci NOT NULL,
  `Affiliated` tinyint(1) NOT NULL DEFAULT '1',
  `CUIL` varchar(50) CHARACTER SET utf8mb4 COLLATE utf8mb4_general_ci NOT NULL,
  `IdEnterprise` int DEFAULT NULL,
  `Category` varchar(100) CHARACTER SET utf8mb4 COLLATE utf8mb4_general_ci NOT NULL,
  `EntryDate` varchar(50) CHARACTER SET utf8mb4 COLLATE utf8mb4_general_ci NOT NULL,
  `Observations` varchar(1000) CHARACTER SET utf8mb4 COLLATE utf8mb4_general_ci DEFAULT NULL,
  `CreatedAt` timestamp NULL DEFAULT CURRENT_TIMESTAMP,
  `UpdatedAt` timestamp NULL DEFAULT CURRENT_TIMESTAMP ON UPDATE CURRENT_TIMESTAMP,
  PRIMARY KEY (`IdMember`),
  KEY `IdEnterprise` (`IdEnterprise`),
  CONSTRAINT `MemberTable_ibfk_1` FOREIGN KEY (`IdEnterprise`) REFERENCES `EnterpriseTable` (`IdEnterprise`) ON DELETE SET NULL
) ENGINE=InnoDB AUTO_INCREMENT=107 DEFAULT CHARSET=utf8mb4 COLLATE=utf8mb4_general_ci;
/*!40101 SET character_set_client = @saved_cs_client */;
--
-- Dumping data for table MemberTable
--

LOCK TABLES MemberTable WRITE;
/*!40000 ALTER TABLE MemberTable DISABLE KEYS */;

INSERT INTO MemberTable VALUES ('2','Mercedes','Soler','35449191','1990/07/08','Femenino','Divorciado','1566430170','MercedesSoler90@gmail.com','Bigand 5640','3545','Gral. Pizarro','8243789155','1','21-35449191-1','16','Nivel 4: Medio Oficial','2022/02/11','texto aleatorio numero 624','2025-07-24T21:37:59Z','2025-07-24T21:37:59Z'),('3','Fabiola','Moya','9688729','1954/05/01','Femenino','Viudo','1568005002','FabiolaMoya54@gmail.com','Campo Ramón 2854','7174','Villa España','9577041563','1','24-9688729-5','23','Nivel 1: Oficial Múltiple','1976/10/05','texto aleatorio numero 973','2025-07-24T21:38:00Z','2025-07-24T21:38:00Z'),('4','Cipriano','Ortega','16654598','1964/02/12','Masculino','Separado','1568673173','CiprianoOrtega64@gmail.com','Quebracho 8181','6152','Veintiocho de Julio','6370392937','1','23-16654598-2','43','Nivel 2: Oficial Especializado','1989/05/17','texto aleatorio numero 582','2025-07-24T21:38:00Z','2025-07-24T21:38:00Z'),('5','Salome','Crespo','30699380','1983/11/05','Femenino','Viudo','156288943','SalomeCrespo83@gmail.com','La Trinidad 2565','2514','Nueve de Julio','1496139112','1','21-30699380-7','25','Nivel 4: Medio Oficial','2019/04/29','texto aleatorio numero 932','2025-07-24T21:38:00Z','2025-07-24T21:38:00Z'),('6','Absalon','Esteban','19246821','1967/10/04','Masculino','Separado','1567308795','AbsalonEsteban67@gmail.com','Villa Gdor. Gálvez 6534','2199','Gral. San Martín','2195818123','0','28-19246821-1','1','Nivel 2: Oficial Especializado','2004/02/19','texto aleatorio numero 871','2025-07-24T21:38:01Z','2025-07-25T01:56:47Z'),('7','Jeronimo','Marin','42849695','2000/11/29','Masculino','Divorciado','1568368720','JeronimoMarin00@gmail.com','Comechingones 5772','7808','Hugentobler','8858941672','1','27-42849695-8','1','Nivel 5: Ayudante','2018/08/10','texto aleatorio numero 328','2025-07-24T21:38:01Z','2025-07-25T01:56:48Z'),('8','Dorotea','Rodriguez','31983797','1985/08/25','Femenino','Soltero','1563035409','DoroteaRodriguez85@gmail.com','Amaicha del Valle 4150','8085','Villa Ciudad de América','3776898416','1','20-31983797-8','25','Nivel 4: Medio Oficial','2017/11/28','texto aleatorio numero 368','2025-07-24T21:38:01Z','2025-07-24T21:38:01Z'),('9','Vicenta','Guerrero','18061805','1966/02/03','Femenino','Soltero','1561844376','VicentaGuerrero66@gmail.com','Ycho Cruz Sierras 5657','6569','Gral. A.V.Peñaloza','5885054398','1','23-18061805-3','31','Nivel 2: Oficial Especializado','1993/11/24','texto aleatorio numero 983','2025-07-24T21:38:02Z','2025-07-24T21:38:02Z'),('10','Evaristo','Reyes','23708174','1974/01/09','Masculino','Casado','1566690084','EvaristoReyes74@gmail.com','Las Caleras 8124','5060','Ing. Chanourdie','2021177847','1','26-23708174-2','28','Nivel 3: Oficial General','2000/09/27','texto aleatorio numero 615','2025-07-24T21:38:02Z','2025-07-24T21:38:02Z'),('11','Porfirio','Gallardo','11744966','1957/03/21','Masculino','Separado','1561482319','PorfirioGallardo57@gmail.com','Falucho 4229','5896','Gral. Pinto','8535701602','1','24-11744966-1','46','Nivel 1: Oficial Múltiple','1983/04/21','texto aleatorio numero 860','2025-07-24T21:38:02Z','2025-07-24T21:38:02Z'),('12','Cayo','Sanchez','21716255','1971/03/24','Masculino','Separado','1569307065','CayoSanchez71@gmail.com','Villa Adelina 1667','5046','Rincón de Nogoyá','9103689114','1','24-21716255-5','30','Nivel 3: Oficial General','2017/09/27','texto aleatorio numero 858','2025-07-24T21:38:03Z','2025-07-24T21:38:03Z'),('13','Aurelio','Ramirez','10195479','1955/01/16','Masculino','Soltero','1567892777','AurelioRamirez55@gmail.com','Alto Verde 4408','4733','Aldea Beleiro','5557442042','1','25-10195479-7','46','Nivel 1: Oficial Múltiple','1975/06/15','texto aleatorio numero 457','2025-07-24T21:38:03Z','2025-07-24T21:38:03Z'),('14','Guzman','Saez','14015598','1960/05/29','Masculino','Viudo','1567117712','GuzmanSaez60@gmail.com','Aldo Bonzi 8130','2205','Florencia','590022279','1','24-14015598-2','35','Nivel 1: Oficial Múltiple','2003/11/18','texto aleatorio numero 958','2025-07-24T21:38:03Z','2025-07-24T21:38:03Z'),('16','Nicolas','Iglesias','26308193','1977/09/04','Masculino','Viudo','1567385898','NicolasIglesias77@gmail.com','Washington 3940','8469','Parque Chacabuco','6595699119','1','20-26308193-6','35','Nivel 3: Oficial General','2013/06/27','texto aleatorio numero 103','2025-07-24T21:38:04Z','2025-07-24T21:38:04Z'),('17','Inmaculada','Sanz','46104592','2005/06/26','Femenino','Soltero','1564753080','InmaculadaSanz05@gmail.com','Ing. Huergo 9138','8625','Gregorio de Laferrere','269081387','1','24-46104592-2','5','Nivel 6: Operario Act. Industrial','2024/11/27','texto aleatorio numero 481','2025-07-24T21:38:05Z','2025-07-24T21:38:05Z'),('18','Matilde','Perez','34969727','1989/11/04','Femenino','Soltero','1566070450','MatildePerez89@gmail.com','Viale 4565','8635','Esperanza','1145781896','1','23-34969727-3','3','Nivel 4: Medio Oficial','2016/04/04','texto aleatorio numero 765','2025-07-24T21:38:05Z','2025-07-24T21:38:05Z'),('19','Ariadna','Benitez','8125599','1952/02/19','Femenino','Casado','156725075','AriadnaBenitez52@gmail.com','Mar de Ajó 5853','7567','El Jagüel','4616771800','1','27-8125599-1','4','Nivel 1: Oficial Múltiple','1992/04/03','texto aleatorio numero 669','2025-07-24T21:38:05Z','2025-07-24T21:38:05Z'),('20','Asuncion','Calvo','21572026','1971/01/09','Femenino','Soltero','156353208','AsuncionCalvo71@gmail.com','Pto. Deseado 6184','6243','Bovril','9766922280','1','24-21572026-2','39','Nivel 3: Oficial General','1991/01/18','texto aleatorio numero 177','2025-07-24T21:38:06Z','2025-07-24T21:38:06Z'),('21','Isabel','Martinez','46223484','2005/08/26','Femenino','Casado','1567375010','IsabelMartinez05@gmail.com','Las Higueras 9947','3175','La Providencia','3461032843','1','25-46223484-5','35','Nivel 6: Operario Act. Industrial','2024/09/07','texto aleatorio numero 867','2025-07-24T21:38:06Z','2025-07-24T21:38:06Z'),('22','Romualdo','Gallardo','35821457','1991/01/15','Masculino','Divorciado','1563276718','RomualdoGallardo91@gmail.com','Anchorena 6014','2562','Marcos Paz','6175521753','1','27-35821457-6','30','Nivel 5: Ayudante','2015/03/28','texto aleatorio numero 728','2025-07-24T21:38:06Z','2025-07-24T21:38:06Z'),('23','Julia','Santana','20578015','1969/08/17','Masculino','Divorciado','1561886696','JuliaSantana69@gmail.com','El Piquete 7140','7546','Mamuel Choique','2256943074','0','21-20578015-5','49','Nivel 2: Oficial Especializado','1998/03/09','texto aleatorio numero 115','2025-07-24T21:38:07Z','2025-07-24T21:38:07Z'),('24','Teofila','Benitez','10218868','1955/01/28','Femenino','Soltero','1567821002','TeofilaBenitez55@gmail.com','Col. Raquel 1042','4120','San José','6651001229','1','26-10218868-3','15','Nivel 1: Oficial Múltiple','1978/03/25','texto aleatorio numero 972','2025-07-24T21:38:07Z','2025-07-24T21:38:07Z'),('25','Eugeniaaa','Bravo','37626268','1993/07/29','Femenino','Separado','1567538394','EugeniaBravo93@gmail.com','San Carlos 31','4537','San Antonio de Padua','2294749070','1','24-37626268-6','7','Nivel 5: Ayudante','2024/03/02','texto aleatorio numero 558','2025-07-24T21:38:07Z','2025-07-30T02:26:25Z'),('26','Camilo','Cambil','23918670','1974/04/27','Masculino','Divorciado','1564445693','CamiloCambil74@gmail.com','El Caín 7797','3125','Arroyito','7900185795','1','25-23918670-4','13','Nivel 3: Oficial General','2001/07/26','texto aleatorio numero 733','2025-07-24T21:38:08Z','2025-07-24T21:38:08Z'),('27','Melchor','Gallardo','38509183','1994/10/25','Masculino','Casado','1566566536','MelchorGallardo94@gmail.com','Carrizales 9158','6143','Ciudacita','1419630101','1','26-38509183-7','46','Nivel 5: Ayudante','2017/06/05','texto aleatorio numero 647','2025-07-24T21:38:08Z','2025-07-24T21:38:08Z'),('28','Andrea','Carrasco','46055866','2005/06/01','Femenino','Divorciado','1566545971','AndreaCarrasco05@gmail.com','Chorriaca 3280','7817','Darwin','3878923361','0','24-46055866-6','13','Nivel 6: Operario Act. Industrial','2024/05/26','texto aleatorio numero 431','2025-07-24T21:38:08Z','2025-07-24T21:38:08Z'),('29','Esdras','Bravo','40514746','1997/08/19','Masculino','Separado','1565074093','EsdrasBravo97@gmail.com','Sta. Isabel 7949','2807','Ituzaingó','787768594','1','21-40514746-6','4','Nivel 5: Ayudante','2024/09/09','texto aleatorio numero 530','2025-07-24T21:38:09Z','2025-07-24T21:38:09Z'),('30','Bernabe','Calvo','42391671','2000/04/08','Masculino','Divorciado','1568941994','BernabeCalvo00@gmail.com','Distrito Chiqueros 8921','8001','Siete de Abril','8350307200','1','24-42391671-8','22','Nivel 5: Ayudante','2024/11/18','texto aleatorio numero 299','2025-07-24T21:38:09Z','2025-07-24T21:38:09Z'),('31','Damaso','Campos','22493922','1972/04/26','Masculino','Separado','156230397','DamasoCampos72@gmail.com','Arrecifes 6474','3332','Tala Huasi','1988892182','1','21-22493922-8','18','Nivel 3: Oficial General','2015/11/18','texto aleatorio numero 314','2025-07-24T21:38:09Z','2025-07-24T21:38:09Z'),('32','Federico','Moya','40154173','1997/02/15','Masculino','Soltero','1564236721','FedericoMoya97@gmail.com','La Cumbre 4100','6812','San Carlos N.','7906638824','1','22-40154173-1','10','Nivel 5: Ayudante','2024/08/15','texto aleatorio numero 262','2025-07-24T21:38:10Z','2025-07-24T21:38:10Z'),('33','Laura','Campos','6765169','1950/03/23','Femenino','Soltero','1568996371','LauraCampos50@gmail.com','Constanza 1268','8415','Mar de Ajó','309078879','1','23-6765169-7','30','Nivel 1: Oficial Múltiple','1991/05/22','texto aleatorio numero 882','2025-07-24T21:38:10Z','2025-07-24T21:38:10Z'),('34','Elvira','Dominguez','26966968','1978/08/08','Femenino','Divorciado','1568831127','ElviraDominguez78@gmail.com','Ibarlucea 2175','7514','Agustoni','9146201985','1','27-26966968-4','28','Nivel 3: Oficial General','2010/08/27','texto aleatorio numero 342','2025-07-24T21:38:10Z','2025-07-24T21:38:10Z'),('35','Adrian','Castillo','12210787','1957/11/15','Masculino','Divorciado','1569128407','AdrianCastillo57@gmail.com','Las Acequias 4360','5492','Alcaraz','9754777189','1','20-12210787-6','45','Nivel 1: Oficial Múltiple','1985/11/05','texto aleatorio numero 621','2025-07-24T21:38:11Z','2025-07-24T21:38:11Z'),('36','Rigoberto','Moreno','34517549','1989/03/17','Masculino','Separado','156160130','RigobertoMoreno89@gmail.com','Las Palmas 4259','8844','Lamarque','737595106','1','20-34517549-2','2','Nivel 4: Medio Oficial','2024/02/19','texto aleatorio numero 436','2025-07-24T21:38:11Z','2025-07-24T21:38:11Z'),('37','Elvira','Serrano','18007232','1966/01/06','Femenino','Divorciado','1567853828','ElviraSerrano66@gmail.com','Pozo de La Piedra 7004','4022','Col. Cerrito','2401084712','1','24-18007232-1','31','Nivel 2: Oficial Especializado','1990/10/15','texto aleatorio numero 516','2025-07-24T21:38:12Z','2025-07-24T21:38:12Z'),('38','Leandro','Diez','19876361','1968/08/22','Masculino','Soltero','1564833420','LeandroDiez68@gmail.com','Gaimán 9881','5393','Villa El Chancay','7555138788','1','22-19876361-4','1','Nivel 2: Oficial Especializado','1992/07/25','texto aleatorio numero 379','2025-07-24T21:38:12Z','2025-07-25T02:15:08Z'),('39','Marcos','Suarez','19890004','1968/08/29','Masculino','Divorciado','1563937997','MarcosSuarez68@gmail.com','Mojón Grande 8887','4036','Villa Adelina','3512806835','1','25-19890004-8','40','Nivel 2: Oficial Especializado','2001/04/15','texto aleatorio numero 433','2025-07-24T21:38:12Z','2025-07-24T21:38:12Z'),('40','Constancio','Vicente','41920003','1999/08/10','Masculino','Divorciado','1563698076','ConstancioVicente99@gmail.com','Etruria 4246','8570','Marcelino Escalada','3415588877','1','22-41920003-3','15','Nivel 5: Ayudante','2024/08/30','texto aleatorio numero 665','2025-07-24T21:38:13Z','2025-07-24T21:38:13Z'),('41','Homero','Ortega','33453374','1987/09/18','Masculino','Divorciado','156466073','HomeroOrtega87@gmail.com','Independencia 219','6302','Arroyo del Medio','8290939152','0','20-33453374-8','21','Nivel 4: Medio Oficial','2024/09/28','texto aleatorio numero 361','2025-07-24T21:38:13Z','2025-07-24T21:38:13Z'),('42','Dario','Herrera','39928084','1996/10/22','Masculino','Viudo','1563946279','DarioHerrera96@gmail.com','La Cabral 3919','8906','Capitan Gral B. O´Higgins','5772575346','1','22-39928084-4','2','Nivel 5: Ayudante','2019/09/24','texto aleatorio numero 777','2025-07-24T21:38:13Z','2025-07-24T21:38:13Z'),('43','Antero','Jimenez','16204370','1963/06/26','Masculino','Viudo','1564727678','AnteroJimenez63@gmail.com','Villa Bosch 5438','1325','Garibaldi','8186618705','0','24-16204370-8','9','Nivel 2: Oficial Especializado','1985/11/11','texto aleatorio numero 51','2025-07-24T21:38:14Z','2025-07-24T21:38:14Z'),('44','Atanasio','Arias','16025058','1963/03/26','Masculino','Casado','1562452748','AtanasioArias63@gmail.com','Estación Yerúa 5091','1810','San Antonio de Padua','6552188372','1','25-16025058-8','12','Nivel 2: Oficial Especializado','1988/11/08','texto aleatorio numero 742','2025-07-24T21:38:14Z','2025-08-11T22:40:43Z'),('45','Abrahan','Gutierrez','41699762','1999/04/19','Masculino','Soltero','1564650171','AbrahanGutierrez99@gmail.com','Dos Arroyos 4747','1801','Distrito Diego López','388961477','1','25-41699762-8','43','Nivel 5: Ayudante','2020/06/04','texto aleatorio numero 464','2025-07-24T21:38:14Z','2025-07-24T21:38:14Z'),('46','Beatriz','Herrera','23308620','1973/06/18','Femenino','Soltero','1566420739','BeatrizHerrera73@gmail.com','Sampacho 861','7760','Rosario de La Frontera','8211828698','1','26-23308620-6','8','Nivel 3: Oficial General','2003/08/15','texto aleatorio numero 703','2025-07-24T21:38:15Z','2025-07-24T21:38:15Z'),('47','Aurelia','Carmona','17342609','1965/01/30','Femenino','Divorciado','156749860','AureliaCarmona65@gmail.com','Berrotaran 1667','2730','Guardia Escolta','40797601','1','20-17342609-7','13','Nivel 2: Oficial Especializado','1995/03/23','texto aleatorio numero 985','2025-07-24T21:38:15Z','2025-07-24T21:38:15Z'),('48','Teodora','Jimenez','34457129','1989/02/14','Masculino','Soltero','156461426','TeodoraJimenez89@gmail.com','Caspala 3814','2018','San Antonio','5765236791','1','23-34457129-5','15','Nivel 4: Medio Oficial','2024/02/02','texto aleatorio numero 560','2025-07-24T21:38:15Z','2025-07-24T21:38:15Z'),('49','Valentin','Leon','33556673','1987/11/10','Masculino','Divorciado','1563317984','ValentinLeon87@gmail.com','San Mariano 8724','4943','Paso Aguerre','1971115016','1','24-33556673-1','31','Nivel 4: Medio Oficial','2013/03/10','texto aleatorio numero 204','2025-07-24T21:38:16Z','2025-07-24T21:38:16Z'),('50','Rigoberto','Ramirez','14459979','1961/01/12','Masculino','Soltero','1566908426','RigobertoRamirez61@gmail.com','San Fco. de Santa Fé 8340','8508','Río Primero','1668583471','1','25-14459979-8','2','Nivel 2: Oficial Especializado','1982/09/09','texto aleatorio numero 479','2025-07-24T21:38:16Z','2025-07-24T21:38:16Z'),('51','Paula','Rubio','12080201','1957/09/09','Femenino','Viudo','1563327421','PaulaRubio57@gmail.com','Cdte. Guacurarí 9161','6175','Rodeitos','6168767555','1','26-12080201-2','24','Nivel 1: Oficial Múltiple','2003/07/20','texto aleatorio numero 242','2025-07-24T21:38:16Z','2025-07-24T21:38:16Z'),('52','Benedicto','Medina','13095651','1959/02/12','Masculino','Soltero','1569112075','BenedictoMedina59@gmail.com','Sampacho 726','2759','San Cipriano','4756901153','1','22-13095651-6','2','Nivel 1: Oficial Múltiple','1994/04/02','texto aleatorio numero 132','2025-07-24T21:38:17Z','2025-07-24T21:38:17Z'),('53','Virginia','Saez','41387915','1998/11/10','Femenino','Separado','1566827807','VirginiaSaez98@gmail.com','Raco 6722','7500','Sauce','1764624045','1','21-41387915-5','9','Nivel 5: Ayudante','2024/10/15','texto aleatorio numero 809','2025-07-24T21:38:17Z','2025-07-24T21:38:17Z'),('54','Benjamin','Ruiz','10353352','1955/04/07','Masculino','Casado','1563352603','BenjaminRuiz55@gmail.com','Ituzaingó 2747','7430','Tancacha','2744770954','1','27-10353352-3','43','Nivel 1: Oficial Múltiple','1983/08/07','texto aleatorio numero 73','2025-07-24T21:38:18Z','2025-07-24T21:38:18Z'),('55','Mauricio','Sanz','33897755','1988/05/03','Masculino','Casado','1564781616','MauricioSanz88@gmail.com','Carrizales 8997','4487','Capitán Bermúdez','7291386410','1','21-33897755-6','19','Nivel 4: Medio Oficial','2016/10/17','texto aleatorio numero 63','2025-07-24T21:38:18Z','2025-07-24T21:38:18Z'),('56','Calixto','Gonzalez','19619088','1968/04/12','Masculino','Divorciado','156861277','CalixtoGonzalez68@gmail.com','Rosario de La Frontera 5258','4126','Darregueira','1928546193','1','27-19619088-8','28','Nivel 2: Oficial Especializado','2005/03/23','texto aleatorio numero 553','2025-07-24T21:38:18Z','2025-07-24T21:38:18Z'),('57','Gertrudis','Blesa','32020829','1985/09/13','Femenino','Soltero','1561288591','GertrudisBlesa85@gmail.com','Balnearia 1346','5152','Angastaco','9794835127','0','20-32020829-7','1','Nivel 4: Medio Oficial','2016/04/10','texto aleatorio numero 356','2025-07-24T21:38:19Z','2025-07-25T02:22:13Z'),('58','Isabel','Mora','16923565','1964/06/29','Femenino','Casado','1564053555','IsabelMora64@gmail.com','Fray Luis Beltrán 6352','3469','Capital','6111375833','1','21-16923565-4','14','Nivel 2: Oficial Especializado','1991/06/07','texto aleatorio numero 364','2025-07-24T21:38:19Z','2025-07-24T21:38:19Z'),('59','Andrea','Rubio','19640527','1968/04/23','Femenino','Separado','1566543253','AndreaRubio68@gmail.com','Sta. Clara de Saguier 6077','1858','Despeñaderos','3085830484','1','23-19640527-4','1','Nivel 2: Oficial Especializado','2015/04/05','texto aleatorio numero 872','2025-07-24T21:38:19Z','2025-07-25T02:15:08Z'),('60','Matias','Ortega','27791412','1979/10/05','Masculino','Divorciado','1564534537','MatiasOrtega79@gmail.com','San José 8852','3645','A. Saravia','915284940','1','25-27791412-5','23','Nivel 3: Oficial General','2021/04/17','texto aleatorio numero 8','2025-07-24T21:38:20Z','2025-07-24T21:38:20Z'),('61','Aurelia','Morales','13070313','1959/01/30','Femenino','Divorciado','1562907805','AureliaMorales59@gmail.com','Don Cristóbal 1ª Sección 3795','4824','Cañada de Rio Pinto','357901574','1','24-13070313-1','1','Nivel 1: Oficial Múltiple','1986/05/12','texto aleatorio numero 669','2025-07-24T21:38:20Z','2025-07-25T02:15:08Z'),('62','Laura','Ortega','40688210','1997/11/16','Femenino','Divorciado','1565860892','LauraOrtega97@gmail.com','Cosquín 7189','3927','El Chañar','9573571828','1','22-40688210-6','19','Nivel 5: Ayudante','2024/03/18','texto aleatorio numero 39','2025-07-24T21:38:20Z','2025-07-24T21:38:20Z'),('63','Luciano','Suarez','17740213','1965/08/22','Masculino','Viudo','1568080674','LucianoSuarez65@gmail.com','Cnel. Arnold 6379','7073','San Ernesto','6293694924','1','24-17740213-5','24','Nivel 2: Oficial Especializado','2011/04/20','texto aleatorio numero 970','2025-07-24T21:38:21Z','2025-07-24T21:38:21Z'),('64','Genoveva','Velasco','12795499','1958/09/11','Femenino','Viudo','1562818690','GenovevaVelasco58@gmail.com','El Sombrerito 1633','5212','Curuzú-Cuatiá','7095543896','1','22-12795499-8','45','Nivel 1: Oficial Múltiple','1982/03/14','texto aleatorio numero 445','2025-07-24T21:38:21Z','2025-07-24T21:38:21Z'),('65','Asuncion','Mendez','40807102','1998/01/16','Femenino','Separado','1567253439','AsuncionMendez98@gmail.com','Siete Palmas 2430','2686','Payogasta','126389800','1','25-40807102-4','28','Nivel 5: Ayudante','2024/02/05','texto aleatorio numero 87','2025-07-24T21:38:21Z','2025-07-24T21:38:21Z'),('66','Esperanza','Gimenez','32962215','1987/01/09','Femenino','Separado','1566298104','EsperanzaGimenez87@gmail.com','Olegario V. Andrade 5608','3820','Laguna Naick Neck','3429274513','1','24-32962215-5','40','Nivel 4: Medio Oficial','2010/01/21','texto aleatorio numero 284','2025-07-24T21:38:22Z','2025-07-24T21:38:22Z'),('67','Milagros','Herrero','14175419','1960/08/19','Femenino','Divorciado','156769399','MilagrosHerrero60@gmail.com','Las Cuevas 2108','4095','Concepción','6466106926','1','28-14175419-1','35','Nivel 1: Oficial Múltiple','2005/03/12','texto aleatorio numero 662','2025-07-24T21:38:22Z','2025-07-24T21:38:22Z'),('68','Petronila','Ruiz','36996728','1992/09/09','Femenino','Divorciado','156517899','PetronilaRuiz92@gmail.com','Col. Cerrito 16','2503','Gral. Manuel Belgrano','5596549829','1','23-36996728-3','31','Nivel 5: Ayudante','2024/05/16','texto aleatorio numero 685','2025-07-24T21:38:22Z','2025-07-24T21:38:22Z'),('69','Milagros','Torres','18256709','1966/05/14','Femenino','Soltero','1565345494','MilagrosTorres66@gmail.com','Bouquet 2083','7041','San Martín','3533388979','1','22-18256709-2','2','Nivel 2: Oficial Especializado','1996/09/05','texto aleatorio numero 43','2025-07-24T21:38:23Z','2025-07-24T21:38:23Z'),('70','Magdalena','Lorenzo','42574881','2000/07/11','Femenino','Separado','1565847204','MagdalenaLorenzo00@gmail.com','Segunda Usina 7887','7077','Luis Beltrán','7589480213','0','26-42574881-3','10','Nivel 5: Ayudante','2024/11/27','texto aleatorio numero 961','2025-07-24T21:38:23Z','2025-07-24T21:38:23Z'),('71','Silvia','Marin','20848932','1970/01/03','Femenino','Soltero','1563378039','SilviaMarin70@gmail.com','William Morris 2780','1508','Col. Benítez','1814469783','1','26-20848932-3','12','Nivel 2: Oficial Especializado','2014/01/10','texto aleatorio numero 346','2025-07-24T21:38:23Z','2025-07-24T21:38:23Z'),('72','Abdon','Santiago','35536897','1990/08/22','Masculino','Divorciado','1564917993','AbdonSantiago90@gmail.com','Alto Verde 8113','1809','Charata','9052271341','1','25-35536897-4','41','Nivel 4: Medio Oficial','2017/10/07','texto aleatorio numero 74','2025-07-24T21:38:24Z','2025-07-24T21:38:24Z'),('73','Dorotea','Carrasco','39779957','1996/08/07','Femenino','Casado','1562283775','DoroteaCarrasco96@gmail.com','La Trinidad 6587','3211','Villa Quinteros','3325430939','1','21-39779957-4','15','Nivel 5: Ayudante','2024/06/06','texto aleatorio numero 470','2025-07-24T21:38:24Z','2025-07-24T21:38:24Z'),('74','Antonio','Fernandez','16855349','1964/05/25','Masculino','Viudo','1562638968','AntonioFernandez64@gmail.com','Rumi Punco 7827','5918','Walter Moss','6050888266','1','25-16855349-7','14','Nivel 2: Oficial Especializado','1994/02/05','texto aleatorio numero 598','2025-07-24T21:38:25Z','2025-07-24T21:38:25Z'),('75','Sonia','Perez','30648705','1983/10/10','Femenino','Casado','1567488666','SoniaPerez83@gmail.com','Alcaraz 4697','8281','Pavón','7772970813','1','22-30648705-8','29','Nivel 4: Medio Oficial','2024/07/15','texto aleatorio numero 495','2025-07-24T21:38:25Z','2025-07-24T21:38:25Z'),('76','Beatriz','Lorenzo','34864479','1989/09/11','Femenino','Separado','156675329','BeatrizLorenzo89@gmail.com','Villa Vil 7274','6392','Ita-Ibate','3903149326','1','28-34864479-2','18','Nivel 4: Medio Oficial','2012/06/03','texto aleatorio numero 85','2025-07-24T21:38:25Z','2025-07-24T21:38:25Z'),('77','Oseas','Crespo','45954516','2005/04/10','Masculino','Viudo','1567267620','OseasCrespo05@gmail.com','Ramos Mejía 725','2853','El Fuerte','1368087849','1','21-45954516-3','35','Nivel 6: Operario Act. Industrial','2024/08/19','texto aleatorio numero 610','2025-07-24T21:38:26Z','2025-07-24T21:38:26Z'),('78','Andres','Moreno','39807244','1996/08/21','Masculino','Divorciado','1562635762','AndresMoreno96@gmail.com','El Maitén 5760','3956','El Manso','8611786900','1','27-39807244-3','1','Nivel 5: Ayudante','2024/05/26','texto aleatorio numero 548','2025-07-24T21:38:26Z','2025-07-25T01:56:48Z'),('79','Olga','Pascual','40935738','1998/03/23','Femenino','Separado','1568675045','OlgaPascual98@gmail.com','Pueblo Liebig 3345','3011','Los Núñez','1665253851','1','25-40935738-1','5','Nivel 5: Ayudante','2024/04/25','texto aleatorio numero 482','2025-07-24T21:38:26Z','2025-07-24T21:38:26Z'),('80','Rita','Esteban','31028768','1984/04/22','Femenino','Separado','156289778','RitaEsteban84@gmail.com','Emilia 4276','3748','Partido de la Costa','1240592003','1','23-31028768-6','1','Nivel 4: Medio Oficial','2017/05/21','texto aleatorio numero 751','2025-07-24T21:38:27Z','2025-07-24T21:38:27Z'),('81','Andres','Morales','44978047','2003/11/26','Masculino','Casado','1568774618','AndresMorales03@gmail.com','Sarmiento 8282','3305','Almagro','9232477571','1','26-44978047-8','36','Nivel 6: Operario Act. Industrial','2024/06/02','texto aleatorio numero 535','2025-07-24T21:38:27Z','2025-07-24T21:38:27Z'),('82','Angela','Ruiz','10959503','1956/02/12','Femenino','Soltero','1566636450','AngelaRuiz56@gmail.com','San Carlos N. 1828','4057','Bandera','3277962019','1','24-10959503-8','38','Nivel 1: Oficial Múltiple','1990/08/19','texto aleatorio numero 723','2025-07-24T21:38:27Z','2025-07-24T21:38:27Z'),('83','Laureano','Morales','24146708','1974/08/22','Masculino','Separado','1565828782','LaureanoMorales74@gmail.com','Moisés Ville 7543','3014','Aldea San Rafael','2591734253','1','24-24146708-7','46','Nivel 3: Oficial General','1998/06/01','texto aleatorio numero 161','2025-07-24T21:38:28Z','2025-07-24T21:38:28Z'),('84','Adolfo','Perez','34400607','1989/01/16','Masculino','Viudo','1567222304','AdolfoPerez89@gmail.com','Ing. Jacobacci 4702','7107','Vinalito','5109556043','1','26-34400607-3','21','Nivel 4: Medio Oficial','2018/03/16','texto aleatorio numero 226','2025-07-24T21:38:28Z','2025-07-24T21:38:28Z'),('86','Esdras','Campos','13415293','1959/07/26','Masculino','Divorciado','1561582662','EsdrasCampos59@gmail.com','11 de Septiembre 4690','4941','San Mariano','9448445584','1','27-13415293-5','16','Nivel 1: Oficial Múltiple','2006/06/12','texto aleatorio numero 652','2025-07-24T21:38:29Z','2025-07-24T21:38:29Z'),('87','Octavio','Hernandez','22102165','1971/10/08','Masculino','Viudo','1569574428','OctavioHernandez71@gmail.com','Constanza 8579','1175','Col. Margarita','1147110370','1','28-22102165-4','7','Nivel 3: Oficial General','2009/03/23','texto aleatorio numero 379','2025-07-24T21:38:29Z','2025-07-24T21:38:29Z'),('88','Fernando','Suarez','16677986','1964/02/24','Masculino','Soltero','1562479984','FernandoSuarez64@gmail.com','Constitución 5271','3651','San Pedro de Colalao','2131985083','1','27-16677986-7','30','Nivel 2: Oficial Especializado','2001/06/14','texto aleatorio numero 235','2025-07-24T21:38:29Z','2025-07-24T21:38:29Z'),('89','Tania','Santos','28693818','1981/01/10','Femenino','Divorciado','1565030130','TaniaSantos81@gmail.com','Conhelo 4360','6004','Talita','4800345880','1','27-28693818-6','7','Nivel 4: Medio Oficial','2006/05/05','texto aleatorio numero 594','2025-07-24T21:38:30Z','2025-07-24T21:38:30Z'),('90','Nuria','Martin','28984225','1981/06/08','Femenino','Divorciado','1567388394','NuriaMartin81@gmail.com','Pdcia. Roca 2541','8809','Mte. Leña','9245329254','1','22-28984225-1','42','Nivel 4: Medio Oficial','2001/06/24','texto aleatorio numero 159','2025-07-24T21:38:30Z','2025-07-24T21:38:30Z'),('91','Poncio','Lopez','19502145','1968/02/12','Masculino','Separado','156890259','PoncioLopez68@gmail.com','Villa Valeria 2823','7750','Río de Los Sauces','2076305419','1','24-19502145-2','9','Nivel 2: Oficial Especializado','2005/03/17','texto aleatorio numero 411','2025-07-24T21:38:30Z','2025-07-24T21:38:30Z'),('92','Alonso','Castillo','26996204','1978/08/23','Masculino','Divorciado','1562778287','AlonsoCastillo78@gmail.com','Taco Ralo 4964','6433','Apóstoles','2963286046','1','27-26996204-2','37','Nivel 3: Oficial General','2005/08/10','texto aleatorio numero 239','2025-07-24T21:38:31Z','2025-07-24T21:38:31Z'),('93','Vicenta','Crespo','37090282','1992/10/27','Femenino','Divorciado','156664088','VicentaCrespo92@gmail.com','Quehue 3673','2185','El Caín','3094443506','0','27-37090282-5','25','Nivel 5: Ayudante','2024/10/25','texto aleatorio numero 571','2025-07-24T21:38:31Z','2025-07-24T21:38:31Z'),('94','Sara','Herrera','42288372','2000/02/15','Femenino','Viudo','1565428396','SaraHerrera00@gmail.com','San Antonio de Padua 6434','6112','H. Yrigoyen','7075273059','1','27-42288372-4','32','Nivel 5: Ayudante','2024/10/06','texto aleatorio numero 674','2025-07-24T21:38:32Z','2025-07-24T21:38:32Z'),('96','Fausto','Carrasco','30167292','1983/02/05','Masculino','Viudo','156348064','FaustoCarrasco83@gmail.com','Angaco 3383','6539','Sta. Teresa','8961850327','1','26-30167292-3','25','Nivel 4: Medio Oficial','2020/01/23','texto aleatorio numero 80','2025-07-24T21:38:32Z','2025-07-24T21:38:32Z'),('97','Bonifacio','Bravo','18913535','1967/04/16','Masculino','Separado','1562659055','BonifacioBravo67@gmail.com','Chajarí 9734','3359','Azara','6671665690','1','28-18913535-1','30','Nivel 2: Oficial Especializado','1996/02/11','texto aleatorio numero 668','2025-07-24T21:38:33Z','2025-07-24T21:38:33Z'),('98','Domingo','Flores','41884921','1999/07/23','Masculino','Soltero','1566785099','DomingoFlores99@gmail.com','Los Talares 6660','7570','Los Varela','2710202014','1','24-41884921-2','10','Nivel 5: Ayudante','2024/02/06','texto aleatorio numero 804','2025-07-24T21:38:33Z','2025-07-24T21:38:33Z'),('99','Susana','Rey','9063087','1953/06/14','Femenino','Separado','1569835998','SusanaRey53@gmail.com','Grutly 9097','4816','Santa Ana','6871858922','1','22-9063087-8','30','Nivel 1: Oficial Múltiple','1975/01/23','texto aleatorio numero 722','2025-07-24T21:38:33Z','2025-07-24T21:38:33Z'),('100','Eva','Arias','12943626','1958/11/26','Femenino','Viudo','1569977465','EvaArias58@gmail.com','Col. Avellaneda 8194','3300','Christophersen','8157875936','1','25-12943626-4','13','Nivel 1: Oficial Múltiple','1977/02/23','texto aleatorio numero 263','2025-07-24T21:38:34Z','2025-07-24T21:38:34Z'),('101','luquita','bastino','12312931','1950/06/25','Masculino','Separado','1568361552','OseasAguilar83@gmail.com','Payogasta 769','4762','Perugorría','12312313112312313132','1','23-18262556-2','52','Nivel 1: Oficial Múltiple','1985/11/09','wsdasdadsads','2025-07-24T22:19:22Z','2025-07-25T02:00:05Z'),('102','chichi','bufon','12312','1983/03/30','Masculino','Soltero','123123132','','Santa Luisa 9864','5374','Perugorría','123123123132','1','123123123312','17','Nivel 3: Oficial General','2005/04/24','texto aleatorio numero 3101','2025-07-24T22:54:59Z','2025-07-24T22:54:59Z'),('103','luquiss','asdasdad','16882636','1983/03/30','Masculino','Soltero','156246970444','','asads','4762','Perugorría','123123123','0','24-16882636-5','1','Nivel 2: Oficial Especializado','1985/11/09','asdasd','2025-07-25T00:36:43Z','2025-08-08T02:15:16Z'),('105','dasasd','asddas','16882636','1983/03/30','Masculino','Soltero','1568361552','','Santa Luisa 9864','5374','Perugorría','2750691321','0','28-30270591-7','1','Nivel 1: Oficial Múltiple','2005/04/24','','2025-08-08T02:16:28Z','2025-08-08T02:16:28Z'),('106','Bodegas Rurales Conas','asdasdad','30311521','1964/06/08','Masculino','Soltero','1565064680','','Santa Luisa 9864','6124','Ensenada','2613594089','0','28-30270591-7','1','Nivel 1: Oficial Múltiple','2013/07/06','','2025-08-08T02:17:05Z','2025-08-08T02:17:05Z');

/*!40000 ALTER TABLE MemberTable ENABLE KEYS */;
UNLOCK TABLES;

--
-- Table structure for table ParentTable
--

DROP TABLE IF EXISTS ParentTable;
/*!40101 SET @saved_cs_client     = @@character_set_client */;
/*!40101 SET character_set_client = utf8 */;
CREATE TABLE `ParentTable` (
  `IdParent` int NOT NULL AUTO_INCREMENT,
  `Name` varchar(50) CHARACTER SET utf8mb4 COLLATE utf8mb4_general_ci NOT NULL,
  `LastName` varchar(50) CHARACTER SET utf8mb4 COLLATE utf8mb4_general_ci NOT NULL,
  `Rel` varchar(50) CHARACTER SET utf8mb4 COLLATE utf8mb4_general_ci NOT NULL,
  `Birthday` varchar(50) CHARACTER SET utf8mb4 COLLATE utf8mb4_general_ci NOT NULL,
  `Gender` varchar(50) CHARACTER SET utf8mb4 COLLATE utf8mb4_general_ci NOT NULL,
  `CUIL` varchar(50) CHARACTER SET utf8mb4 COLLATE utf8mb4_general_ci NOT NULL,
  `IdMember` int NOT NULL,
  `CreatedAt` timestamp NULL DEFAULT CURRENT_TIMESTAMP,
  `UpdatedAt` timestamp NULL DEFAULT CURRENT_TIMESTAMP ON UPDATE CURRENT_TIMESTAMP,
  PRIMARY KEY (`IdParent`),
  KEY `IdMember` (`IdMember`),
  CONSTRAINT `ParentTable_ibfk_1` FOREIGN KEY (`IdMember`) REFERENCES `MemberTable` (`IdMember`) ON DELETE CASCADE
) ENGINE=InnoDB AUTO_INCREMENT=505 DEFAULT CHARSET=utf8mb4 COLLATE=utf8mb4_general_ci;
/*!40101 SET character_set_client = @saved_cs_client */;
--
-- Dumping data for table ParentTable
--

LOCK TABLES ParentTable WRITE;
/*!40000 ALTER TABLE ParentTable DISABLE KEYS */;

INSERT INTO ParentTable VALUES ('1','Fatima','Perez','Hija','2011/05/29','Femenino','21-50320366-7','84','2025-07-24T21:41:52Z','2025-07-24T21:41:52Z'),('2','Leandro','Crespo','Hijo','2017/11/27','Masculino','25-54947387-4','93','2025-07-24T21:41:52Z','2025-07-24T21:41:52Z'),('3','Jeremias','Morales','Hijo','2022/10/01','Masculino','20-58395238-7','83','2025-07-24T21:41:53Z','2025-07-24T21:41:53Z'),('4','Donato','Rodriguez','Hijo','2005/08/18','Masculino','25-46207891-8','8','2025-07-24T21:41:53Z','2025-07-24T21:41:53Z'),('5','Jesus','Herrera','Hijo','2020/10/06','Masculino','25-56982184-1','94','2025-07-24T21:41:54Z','2025-07-24T21:41:54Z'),('6','Clara','Morales','Hija','2004/01/23','Femenino','28-45091091-8','83','2025-07-24T21:41:54Z','2025-07-24T21:41:54Z'),('7','Cayo','Crespo','Hijo','2003/02/15','Masculino','26-44424520-3','5','2025-07-24T21:41:54Z','2025-07-24T21:41:54Z'),('8','Laura','Leon','Hija','2007/05/14','Femenino','28-47443583-4','49','2025-07-24T21:41:55Z','2025-07-24T21:41:55Z'),('9','Isaac','Soler','Hijo','2010/08/03','Masculino','22-49737603-8','2','2025-07-24T21:41:55Z','2025-07-24T21:41:55Z'),('10','Patricia','Lorenzo','Hija','2017/03/15','Femenino','21-54446483-1','76','2025-07-24T21:41:55Z','2025-07-24T21:41:55Z'),('11','Francisca','Soler','Hija','2017/02/10','Femenino','23-54382165-4','2','2025-07-24T21:41:56Z','2025-07-24T21:41:56Z'),('12','Abrahan','Leon','Hijo','2007/11/07','Masculino','26-47788563-1','49','2025-07-24T21:41:56Z','2025-07-24T21:41:56Z'),('13','Natalia','Carrasco','Hija','2015/06/28','Femenino','28-53226384-1','96','2025-07-24T21:41:56Z','2025-07-24T21:41:56Z'),('14','Severino','Lorenzo','Hijo','2015/09/21','Masculino','23-53392053-4','76','2025-07-24T21:41:57Z','2025-07-24T21:41:57Z'),('15','Albina','Perez','Hija','2009/02/12','Femenino','25-48690968-4','84','2025-07-24T21:41:57Z','2025-07-24T21:41:57Z'),('16','Alejandro','Crespo','Hijo','2003/03/27','Masculino','23-44502481-4','5','2025-07-24T21:41:57Z','2025-07-24T21:41:57Z'),('17','Heraclio','Ruiz','Hijo','2017/09/13','Masculino','20-54801209-5','68','2025-07-24T21:41:58Z','2025-07-24T21:41:58Z'),('18','Gisela','Martin','Hija','2013/03/05','Femenino','25-51579446-5','90','2025-07-24T21:41:58Z','2025-07-24T21:41:58Z'),('19','Patricia','Ruiz','Hija','2016/05/07','Femenino','21-53838383-1','68','2025-07-24T21:41:58Z','2025-07-24T21:41:58Z'),('20','Tarsicio','Perez','Hijo','2009/01/28','Masculino','25-48661733-1','84','2025-07-24T21:41:59Z','2025-07-24T21:41:59Z'),('21','Jaime','Carrasco','Hijo','2016/07/09','Masculino','23-53961172-2','73','2025-07-24T21:41:59Z','2025-07-24T21:41:59Z'),('24','Rosa','Bravo','Hija','2013/06/29','Femenino','26-51805534-3','25','2025-07-24T21:42:00Z','2025-07-24T21:42:00Z'),('25','Angel','Lorenzo','Hijo','2018/08/03','Masculino','27-55432698-6','76','2025-07-24T21:42:01Z','2025-07-24T21:42:01Z'),('26','Ruperto','Calvo','Hijo','2020/08/09','Masculino','28-56869140-1','30','2025-07-24T21:42:01Z','2025-07-24T21:42:01Z'),('27','Noelia','Carrasco','Hija','2023/06/19','Femenino','21-58903938-5','28','2025-07-24T21:42:01Z','2025-07-24T21:42:01Z'),('29','Josep','Esteban','Hijo','2022/06/22','Masculino','21-58198385-5','80','2025-07-24T21:42:02Z','2025-07-24T21:42:02Z'),('31','Rita','Gallardo','Hija','2011/10/06','Femenino','27-50573741-5','22','2025-07-24T21:42:03Z','2025-07-24T21:42:03Z'),('32','Rosa','Soler','Hija','2019/09/20','Femenino','21-56237651-4','2','2025-07-24T21:42:03Z','2025-07-24T21:42:03Z'),('33','Natividad','Herrera','Hija','2016/05/04','Femenino','25-53832536-1','42','2025-07-24T21:42:03Z','2025-07-24T21:42:03Z'),('34','Zacarias','Saez','Hijo','2018/08/07','Masculino','25-55440494-2','53','2025-07-24T21:42:04Z','2025-07-24T21:42:04Z'),('35','Alejandra','Pascual','Hija','2018/11/04','Femenino','27-55613958-5','79','2025-07-24T21:42:04Z','2025-07-24T21:42:04Z'),('36','Pilar','Ortega','Hija','2007/08/23','Femenino','21-47640436-1','41','2025-07-24T21:42:04Z','2025-07-24T21:42:04Z'),('37','Eduvigis','Lorenzo','Hijo','2011/09/07','Masculino','25-50517219-2','76','2025-07-24T21:42:05Z','2025-07-24T21:42:05Z'),('38','Raimundo','Ruiz','Hijo','2012/05/15','Masculino','20-51006428-2','68','2025-07-24T21:42:05Z','2025-07-24T21:42:05Z'),('39','Emiliano','Sanz','Hijo','2016/06/19','Masculino','23-53922192-7','55','2025-07-24T21:42:06Z','2025-07-24T21:42:06Z'),('40','Mario','Mendez','Hijo','2018/08/07','Masculino','25-55440494-2','65','2025-07-24T21:42:08Z','2025-07-24T21:42:08Z'),('41','Roberto','Jimenez','Hijo','2020/04/09','Masculino','21-56631357-5','48','2025-07-24T21:42:09Z','2025-07-24T21:42:09Z'),('42','Alejandra','Crespo','Hija','2003/01/30','Femenino','22-44393335-6','5','2025-07-24T21:42:09Z','2025-07-24T21:42:09Z'),('43','Samuel','Carrasco','Hijo','2016/01/17','Masculino','27-53622040-2','73','2025-07-24T21:42:09Z','2025-07-24T21:42:09Z'),('44','Francesc','Perez','Hijo','2009/02/08','Masculino','22-48683172-6','18','2025-07-24T21:42:10Z','2025-07-24T21:42:10Z'),('45','Benjamin','Perez','Hijo','2004/09/26','Masculino','22-45572504-5','75','2025-07-24T21:42:10Z','2025-07-24T21:42:10Z'),('46','Esperanza','Bravo','Hija','2017/11/04','Femenino','20-54902559-2','29','2025-07-24T21:42:10Z','2025-07-24T21:42:10Z'),('48','Eduvigis','Leon','Hijo','2017/03/17','Masculino','23-54450382-7','49','2025-07-24T21:42:11Z','2025-07-24T21:42:11Z'),('49','Marcial','Ortega','Hijo','2014/03/03','Masculino','22-52286947-1','41','2025-07-24T21:42:11Z','2025-07-24T21:42:11Z'),('50','Matilde','Santos','Hija','2004/07/03','Femenino','20-45406836-5','89','2025-07-24T21:42:12Z','2025-07-24T21:42:12Z'),('51','German','Bravo','Hijo','2017/08/01','Masculino','26-54717400-3','29','2025-07-24T21:42:12Z','2025-07-24T21:42:12Z'),('53','Mauricio','Carrasco','Hijo','2011/09/05','Masculino','26-50513321-7','96','2025-07-24T21:42:13Z','2025-07-24T21:42:13Z'),('54','Eugenio','Herrera','Hijo','2020/07/05','Masculino','20-56800924-3','94','2025-07-24T21:42:13Z','2025-07-24T21:42:13Z'),('55','Nicolas','Moreno','Hijo','2009/02/24','Masculino','28-48714357-5','36','2025-07-24T21:42:13Z','2025-07-24T21:42:13Z'),('56','Carolina','Rodriguez','Hija','2005/03/30','Femenino','22-45933077-4','8','2025-07-24T21:42:14Z','2025-07-24T21:42:14Z'),('57','Encarnacion','Saez','Hijo','2018/01/10','Masculino','23-55033144-4','53','2025-07-24T21:42:14Z','2025-07-24T21:42:14Z'),('58','Josefina','Gallardo','Hija','2014/07/30','Femenino','26-52577354-4','27','2025-07-24T21:42:15Z','2025-07-24T21:42:15Z'),('59','Virgilio','Santiago','Hijo','2012/01/08','Masculino','26-50756951-2','72','2025-07-24T21:42:15Z','2025-07-24T21:42:15Z'),('60','Dorotea','Flores','Hija','2019/04/20','Femenino','28-55939448-8','98','2025-07-24T21:42:15Z','2025-07-24T21:42:15Z'),('61','Cirino','Moya','Hijo','2017/03/27','Masculino','28-54469872-8','32','2025-07-24T21:42:16Z','2025-07-24T21:42:16Z'),('63','Lidia','Perez','Hija','2005/01/19','Femenino','28-45796644-1','75','2025-07-24T21:42:16Z','2025-07-24T21:42:16Z'),('64','Abel','Morales','Hijo','2023/09/19','Masculino','21-59083250-7','81','2025-07-24T21:42:17Z','2025-07-24T21:42:17Z'),('65','Feliciano','Saez','Hijo','2018/04/11','Masculino','21-55210507-2','53','2025-07-24T21:42:17Z','2025-07-24T21:42:17Z'),('66','Ana','Castillo','Hija','2018/06/19','Femenino','20-55344991-5','92','2025-07-24T21:42:17Z','2025-07-24T21:42:17Z'),('67','Esiquio','Gallardo','Hijo','2011/05/11','Masculino','26-50285283-5','22','2025-07-24T21:42:18Z','2025-07-24T21:42:18Z'),('68','Ambrosio','Ruiz','Hijo','2012/06/28','Masculino','26-51092186-1','68','2025-07-24T21:42:18Z','2025-07-24T21:42:18Z'),('69','Carmen','Bravo','Hija','2017/06/17','Femenino','28-54629693-1','29','2025-07-24T21:42:18Z','2025-07-24T21:42:18Z'),('71','Vladimiro','Sanz','Hijo','2023/08/27','Masculino','22-59038422-2','17','2025-07-24T21:42:19Z','2025-07-24T21:42:19Z'),('72','Marta','Castillo','Hija','2002/05/06','Femenino','25-43869043-4','92','2025-07-24T21:42:19Z','2025-07-24T21:42:19Z'),('73','Orestes','Esteban','Hijo','2018/07/27','Masculino','24-55419054-2','80','2025-07-24T21:42:20Z','2025-07-24T21:42:20Z'),('74','Vicenta','Soler','Hija','2010/10/08','Femenino','21-49866239-1','2','2025-07-24T21:42:20Z','2025-07-24T21:42:20Z'),('75','Rocio','Bravo','Hijo','2013/07/25','Masculino','27-51856209-8','25','2025-07-24T21:42:20Z','2025-07-24T21:42:20Z'),('76','Inmaculada','Morales','Hija','2010/01/10','Femenino','28-49338050-8','83','2025-07-24T21:42:21Z','2025-07-24T21:42:21Z'),('77','Anna','Reyes','Hijo','2019/06/18','Masculino','26-56054441-3','10','2025-07-24T21:42:21Z','2025-07-24T21:42:21Z'),('78','Ramiro','Perez','Hijo','2012/09/11','Masculino','23-51238364-7','84','2025-07-24T21:42:22Z','2025-07-24T21:42:22Z'),('79','Colombo','Moreno','Hijo','2009/06/25','Masculino','21-48950191-5','36','2025-07-24T21:42:22Z','2025-07-24T21:42:22Z'),('81','Araceli','Crespo','Hija','2015/07/26','Femenino','20-53280958-1','5','2025-07-24T21:42:23Z','2025-07-24T21:42:23Z'),('82','Angel','Pascual','Hijo','2018/11/07','Masculino','26-55619806-3','79','2025-07-24T21:42:23Z','2025-07-24T21:42:23Z'),('83','Esperanza','Gutierrez','Hija','2019/08/19','Femenino','25-56175282-6','45','2025-07-24T21:42:23Z','2025-07-24T21:42:23Z'),('84','Elena','Herrera','Hija','2020/07/25','Femenino','25-56839905-8','94','2025-07-24T21:42:24Z','2025-07-24T21:42:24Z'),('85','Leonardo','Morales','Hijo','2023/04/01','Masculino','20-58749964-2','81','2025-07-24T21:42:24Z','2025-07-24T21:42:24Z'),('86','Olga','Santiago','Hija','2013/05/11','Femenino','22-51710031-8','72','2025-07-24T21:42:24Z','2025-07-24T21:42:24Z'),('87','Angela','Santiago','Hija','2011/01/26','Femenino','22-50080634-4','72','2025-07-24T21:42:25Z','2025-07-24T21:42:25Z'),('88','Monica','Perez','Hija','2009/10/03','Femenino','27-49145095-8','18','2025-07-24T21:42:25Z','2025-07-24T21:42:25Z'),('89','Marina','Pascual','Hija','2021/09/17','Femenino','27-57656552-1','79','2025-07-24T21:42:25Z','2025-07-24T21:42:25Z'),('90','Aurora','Santiago','Hija','2015/03/23','Femenino','23-53037328-3','72','2025-07-24T21:42:26Z','2025-07-24T21:42:26Z'),('91','Siro','Lorenzo','Hijo','2018/01/02','Masculino','28-55017552-8','76','2025-07-24T21:42:26Z','2025-07-24T21:42:26Z'),('92','Rita','Soler','Hija','2010/04/26','Femenino','26-49544648-2','2','2025-07-24T21:42:26Z','2025-07-24T21:42:26Z'),('93','Rosalia','Castillo','Hija','2017/09/26','Femenino','21-54826546-1','92','2025-07-24T21:42:27Z','2025-07-24T21:42:27Z'),('94','Teodosia','Esteban','Hijo','2011/06/22','Masculino','27-50367143-6','80','2025-07-24T21:42:27Z','2025-07-24T21:42:27Z'),('95','Emilio','Bravo','Hijo','2017/09/04','Masculino','24-54783667-3','29','2025-07-24T21:42:27Z','2025-07-24T21:42:27Z'),('96','Adela','Perez','Hija','2022/02/11','Femenino','20-57943061-3','75','2025-07-24T21:42:28Z','2025-07-24T21:42:28Z'),('97','Genoveva','Iglesias','Hija','2004/09/11','Femenino','26-45543269-1','16','2025-07-24T21:42:28Z','2025-07-24T21:42:28Z'),('98','Rita','Mendez','Hija','2022/10/24','Femenino','21-58440066-8','65','2025-07-24T21:42:29Z','2025-07-24T21:42:29Z'),('99','Cristobal','Vicente','Hijo','2019/06/01','Masculino','28-56021308-2','40','2025-07-24T21:42:29Z','2025-07-24T21:42:29Z'),('100','Guzman','Jimenez','Hijo','2015/02/18','Masculino','26-52973009-5','48','2025-07-24T21:42:29Z','2025-07-24T21:42:29Z'),('101','Felix','Santos','Hijo','2017/05/09','Masculino','25-54553681-8','89','2025-07-24T21:42:30Z','2025-07-24T21:42:30Z'),('102','Genoveva','Ortega','Hija','2007/01/06','Femenino','22-47194106-6','60','2025-07-24T21:42:30Z','2025-07-24T21:42:30Z'),('103','Sofia','Castillo','Hija','2021/03/26','Femenino','28-57315470-7','92','2025-07-24T21:42:30Z','2025-07-24T21:42:30Z'),('104','Claudia','Morales','Hija','2023/01/26','Femenino','24-58623276-1','81','2025-07-24T21:42:31Z','2025-07-24T21:42:31Z'),('105','Hildegarda','Ortega','Hija','2017/09/05','Femenino','26-54785616-1','62','2025-07-24T21:42:31Z','2025-07-24T21:42:31Z'),('106','Francisca','Carrasco','Hija','2023/04/27','Femenino','23-58800639-8','28','2025-07-24T21:42:31Z','2025-07-24T21:42:31Z'),('107','Adon','Leon','Hijo','2007/11/19','Masculino','24-47811951-2','49','2025-07-24T21:42:32Z','2025-07-24T21:42:32Z'),('108','Velerio','Sanz','Hijo','2023/11/21','Masculino','24-59206039-2','17','2025-07-24T21:42:32Z','2025-07-24T21:42:32Z'),('109','Fulgencio','Mendez','Hijo','2018/04/03','Masculino','23-55194915-1','65','2025-07-24T21:42:32Z','2025-07-24T21:42:32Z'),('110','Rita','Lorenzo','Hija','2009/05/14','Femenino','20-48868331-1','76','2025-07-24T21:42:33Z','2025-07-24T21:42:33Z'),('111','Liduvina','Moya','Hija','2017/09/27','Femenino','23-54828495-5','32','2025-07-24T21:42:33Z','2025-07-24T21:42:33Z'),('112','Borja','Gallardo','Hija','2011/02/09','Femenino','26-50107920-1','22','2025-07-24T21:42:33Z','2025-07-24T21:42:33Z'),('113','Salome','Ortega','Hija','2008/07/23','Femenino','24-48293364-7','41','2025-07-24T21:42:34Z','2025-07-24T21:42:34Z'),('114','Alfonso','Perez','Hijo','2009/06/21','Masculino','20-48942394-1','18','2025-07-24T21:42:34Z','2025-07-24T21:42:34Z'),('115','Bernarda','Crespo','Hija','2012/07/29','Femenino','25-51152606-7','93','2025-07-24T21:42:34Z','2025-07-24T21:42:34Z'),('116','Purificacion','Esteban','Hija','2004/09/03','Femenino','28-45527676-4','80','2025-07-24T21:42:35Z','2025-07-24T21:42:35Z'),('117','Renato','Bravo','Hijo','2013/06/07','Masculino','25-51762655-2','25','2025-07-24T21:42:35Z','2025-07-24T21:42:35Z'),('118','Ireneo','Lorenzo','Hijo','2019/01/15','Masculino','26-55754289-7','76','2025-07-24T21:42:36Z','2025-07-24T21:42:36Z'),('119','Efren','Moya','Hijo','2021/01/13','Masculino','20-57175139-8','32','2025-07-24T21:42:36Z','2025-07-24T21:42:36Z'),('120','Magdalena','Bravo','Hija','2017/11/04','Femenino','23-54902559-8','29','2025-07-24T21:42:36Z','2025-07-24T21:42:36Z'),('121','Josefina','Perez','Hija','2016/08/19','Femenino','23-54041083-4','75','2025-07-24T21:42:37Z','2025-07-24T21:42:37Z'),('122','Milagros','Ortega','Hija','2009/11/17','Femenino','22-49232801-4','41','2025-07-24T21:42:37Z','2025-07-24T21:42:37Z'),('124','Victor','Ortega','Hijo','2011/08/29','Masculino','25-50499677-4','41','2025-07-24T21:42:38Z','2025-07-24T21:42:38Z'),('125','Pascual','Blesa','Hijo','2013/03/20','Masculino','25-51608681-2','57','2025-07-24T21:42:38Z','2025-07-24T21:42:38Z'),('126','Renato','Gutierrez','Hijo','2019/05/30','Masculino','21-56017410-4','45','2025-07-24T21:42:38Z','2025-07-24T21:42:38Z'),('127','Yolanda','Jimenez','Hija','2009/03/26','Femenino','27-48772828-6','48','2025-07-24T21:42:39Z','2025-07-24T21:42:39Z'),('128','Rita','Cambil','Hija','2004/09/11','Femenino','20-45543269-5','26','2025-07-24T21:42:39Z','2025-07-24T21:42:39Z'),('129','Celina','Saez','Hija','2018/03/26','Femenino','28-55179322-8','53','2025-07-24T21:42:39Z','2025-07-24T21:42:39Z'),('130','Ruben','Sanz','Hijo','2023/04/07','Masculino','25-58761658-7','17','2025-07-24T21:42:40Z','2025-07-24T21:42:40Z'),('131','Alipio','Iglesias','Hijo','2011/07/01','Masculino','22-50384684-6','16','2025-07-24T21:42:40Z','2025-07-24T21:42:40Z'),('132','Edmundo','Santos','Hijo','2018/09/25','Masculino','22-55535997-6','89','2025-07-24T21:42:40Z','2025-07-24T21:42:40Z'),('133','Anselmo','Saez','Hijo','2018/05/22','Masculino','24-55290418-6','53','2025-07-24T21:42:41Z','2025-07-24T21:42:41Z'),('134','Roman','Ortega','Hijo','2017/01/01','Masculino','23-54304204-8','62','2025-07-24T21:42:41Z','2025-07-24T21:42:41Z'),('135','Miriam','Marin','Hija','2020/08/24','Femenino','25-56898376-4','7','2025-07-24T21:42:41Z','2025-07-24T21:42:41Z'),('136','Efren','Esteban','Hijo','2016/10/04','Masculino','24-54130739-1','80','2025-07-24T21:42:42Z','2025-07-24T21:42:42Z'),('137','Clotilde','Carrasco','Hija','2009/03/02','Femenino','24-48726051-1','96','2025-07-24T21:42:42Z','2025-07-24T21:42:42Z'),('139','Aurea','Ortega','Hija','2017/05/09','Femenino','26-54553681-6','62','2025-07-24T21:42:43Z','2025-07-24T21:42:43Z'),('140','Monica','Dominguez','Hija','2000/09/20','Femenino','23-42713263-7','34','2025-07-24T21:42:43Z','2025-07-24T21:42:43Z'),('141','Nazario','Calvo','Hijo','2020/02/19','Masculino','20-56533905-3','30','2025-07-24T21:42:44Z','2025-07-24T21:42:44Z'),('142','Severino','Perez','Hijo','2013/08/18','Masculino','22-51902986-8','75','2025-07-24T21:42:44Z','2025-07-24T21:42:44Z'),('143','Francisca','Carrasco','Hija','2023/09/24','Femenino','21-59092995-4','28','2025-07-24T21:42:44Z','2025-07-24T21:42:44Z'),('144','Aurea','Crespo','Hija','2016/10/24','Femenino','28-54169720-5','5','2025-07-24T21:42:45Z','2025-07-24T21:42:45Z'),('145','Pancracio','Gallardo','Hijo','2014/03/24','Masculino','22-52327877-3','27','2025-07-24T21:42:45Z','2025-07-24T21:42:45Z'),('146','Ana','Dominguez','Hija','2022/09/07','Femenino','26-58348462-1','34','2025-07-24T21:42:45Z','2025-07-24T21:42:45Z'),('147','Tania','Moreno','Hija','2020/05/06','Femenino','25-56683981-8','78','2025-07-24T21:42:46Z','2025-07-24T21:42:46Z'),('148','Ciro','Herrera','Hijo','2016/07/13','Masculino','26-53968969-4','42','2025-07-24T21:42:46Z','2025-07-24T21:42:46Z'),('149','Aurea','Carrasco','Hija','2016/08/07','Femenino','23-54017695-3','73','2025-07-24T21:42:46Z','2025-07-24T21:42:46Z'),('150','Lorena','Herrera','Hija','2020/10/08','Femenino','20-56986083-6','42','2025-07-24T21:42:47Z','2025-07-24T21:42:47Z'),('151','Luz','Blesa','Hijo','2005/06/05','Masculino','25-46063662-1','57','2025-07-24T21:42:47Z','2025-07-24T21:42:47Z'),('153','Josue','Crespo','Hijo','2005/03/20','Masculino','27-45913586-4','5','2025-07-24T21:42:48Z','2025-07-24T21:42:48Z'),('154','Ester','Calvo','Hija','2020/06/09','Femenino','23-56750249-7','30','2025-07-24T21:42:48Z','2025-07-24T21:42:48Z'),('155','Esiquio','Carrasco','Hijo','2023/08/16','Masculino','26-59016982-7','28','2025-07-24T21:42:48Z','2025-07-24T21:42:48Z'),('156','Calixto','Santos','Hijo','2001/06/26','Masculino','21-43257045-1','89','2025-07-24T21:42:49Z','2025-07-24T21:42:49Z'),('157','Clara','Saez','Hija','2018/02/21','Femenino','27-55115004-5','53','2025-07-24T21:42:49Z','2025-07-24T21:42:49Z'),('158','Catalina','Perez','Hija','2009/04/09','Femenino','20-48800115-2','84','2025-07-24T21:42:50Z','2025-07-24T21:42:50Z'),('159','Paula','Perez','Hija','2013/10/21','Femenino','21-52027725-7','75','2025-07-24T21:42:50Z','2025-07-24T21:42:50Z'),('160','Lucia','Iglesias','Hija','2006/10/30','Femenino','23-47061571-8','16','2025-07-24T21:42:50Z','2025-07-24T21:42:50Z'),('161','Tomas','Castillo','Hijo','2017/06/11','Masculino','21-54617999-4','92','2025-07-24T21:42:51Z','2025-07-24T21:42:51Z'),('162','Virginia','Dominguez','Hija','2005/07/24','Femenino','26-46159165-5','34','2025-07-24T21:42:51Z','2025-07-24T21:42:51Z'),('163','Emilia','Leon','Hija','2020/01/07','Femenino','22-56450097-3','49','2025-07-24T21:42:51Z','2025-07-24T21:42:51Z'),('164','Alfredo','Castillo','Hijo','2017/02/06','Masculino','22-54374369-2','92','2025-07-24T21:42:52Z','2025-07-24T21:42:52Z'),('165','Belen','Carrasco','Hija','2023/04/06','Femenino','26-58759709-8','28','2025-07-24T21:42:52Z','2025-07-24T21:42:52Z'),('166','Sara','Gimenez','Hija','2007/04/26','Femenino','22-47408500-5','66','2025-07-24T21:42:52Z','2025-07-24T21:42:52Z'),('168','Benjamin','Carrasco','Hijo','2023/07/14','Masculino','24-58952664-4','28','2025-07-24T21:42:53Z','2025-07-24T21:42:53Z'),('169','Celia','Perez','Hija','2009/07/25','Femenino','22-49008662-6','18','2025-07-24T21:42:53Z','2025-07-24T21:42:53Z'),('170','Guadalupe','Perez','Hija','2010/06/04','Femenino','28-49620660-3','18','2025-07-24T21:42:54Z','2025-07-24T21:42:54Z'),('171','Rosario','Crespo','Hija','2023/03/26','Femenino','21-58738270-3','77','2025-07-24T21:42:54Z','2025-07-24T21:42:54Z'),('172','Araceli','Perez','Hija','2013/04/15','Femenino','27-51659356-8','18','2025-07-24T21:42:54Z','2025-07-24T21:42:54Z'),('173','Fernando','Crespo','Hijo','2023/01/29','Masculino','28-58629123-6','77','2025-07-24T21:42:55Z','2025-07-24T21:42:55Z'),('174','Velerio','Carrasco','Hijo','2003/10/02','Masculino','25-44870850-6','96','2025-07-24T21:42:55Z','2025-07-24T21:42:55Z'),('175','Gertrudis','Santos','Hija','2001/10/25','Femenino','27-43492879-2','89','2025-07-24T21:42:55Z','2025-07-24T21:42:55Z'),('176','Angela','Gimenez','Hija','2013/05/03','Femenino','26-51694439-5','66','2025-07-24T21:42:56Z','2025-07-24T21:42:56Z'),('177','Heliodoro','Carrasco','Hijo','2014/05/27','Masculino','26-52452616-6','96','2025-07-24T21:42:56Z','2025-07-24T21:42:56Z'),('178','Sebastian','Morales','Hijo','2020/06/11','Masculino','28-56754147-4','83','2025-07-24T21:42:57Z','2025-07-24T21:42:57Z'),('179','Encarnacion','Lorenzo','Hijo','2020/09/21','Masculino','27-56952949-1','76','2025-07-24T21:42:57Z','2025-07-24T21:42:57Z'),('180','Acacio','Mendez','Hijo','2018/11/25','Masculino','24-55654888-7','65','2025-07-24T21:42:57Z','2025-07-24T21:42:57Z'),('181','Montserrat','Castillo','Hija','2009/05/01','Femenino','24-48842993-6','92','2025-07-24T21:42:58Z','2025-07-24T21:42:58Z'),('182','Rufo','Mendez','Hijo','2018/02/12','Masculino','25-55097463-3','65','2025-07-24T21:42:58Z','2025-07-24T21:42:58Z'),('183','Jesus','Mendez','Hijo','2018/10/24','Masculino','24-55592519-3','65','2025-07-24T21:42:58Z','2025-07-24T21:42:58Z'),('184','Balduino','Rodriguez','Hijo','2008/08/24','Masculino','21-48355733-1','8','2025-07-24T21:42:59Z','2025-07-24T21:42:59Z'),('185','Constantino','Esteban','Hijo','2018/02/20','Masculino','20-55113055-5','80','2025-07-24T21:42:59Z','2025-07-24T21:42:59Z'),('186','Pascual','Rodriguez','Hijo','2015/02/20','Masculino','27-52976907-7','8','2025-07-24T21:42:59Z','2025-07-24T21:42:59Z'),('187','Irene','Dominguez','Hija','2009/10/12','Femenino','28-49162636-2','34','2025-07-24T21:43:00Z','2025-07-24T21:43:00Z'),('188','Lucas','Castillo','Hijo','2010/09/02','Masculino','23-49796074-6','92','2025-07-24T21:43:00Z','2025-07-24T21:43:00Z'),('189','Colombo','Flores','Hijo','2019/01/22','Masculino','23-55767933-1','98','2025-07-24T21:43:00Z','2025-07-24T21:43:00Z'),('190','Homero','Mendez','Hijo','2018/01/05','Masculino','24-55023399-2','65','2025-07-24T21:43:01Z','2025-07-24T21:43:01Z'),('191','Eulalia','Rodriguez','Hija','2005/05/23','Femenino','25-46038325-7','8','2025-07-24T21:43:01Z','2025-07-24T21:43:01Z'),('192','Barbara','Jimenez','Hija','2012/05/04','Femenino','24-50984988-3','48','2025-07-24T21:43:01Z','2025-07-24T21:43:01Z'),('194','Aurelio','Herrera','Hijo','2020/02/12','Masculino','25-56520262-2','94','2025-07-24T21:43:02Z','2025-07-24T21:43:02Z'),('195','Teofila','Gimenez','Hija','2016/01/17','Femenino','27-53622040-3','66','2025-07-24T21:43:02Z','2025-07-24T21:43:02Z'),('197','Gerardo','Mendez','Hijo','2018/11/05','Masculino','23-55615907-1','65','2025-07-24T21:43:03Z','2025-07-24T21:43:03Z'),('198','Onesimo','Blesa','Hijo','2018/11/22','Masculino','26-55649041-1','57','2025-07-24T21:43:04Z','2025-07-24T21:43:04Z'),('199','Rosalia','Rodriguez','Hija','2014/06/21','Femenino','23-52501342-1','8','2025-07-24T21:43:04Z','2025-07-24T21:43:04Z'),('200','Emilia','Dominguez','Hija','2016/11/22','Femenino','22-54226242-4','34','2025-07-24T21:43:04Z','2025-07-24T21:43:04Z'),('201','Alba','Leon','Hija','2007/01/05','Femenino','21-47192157-8','49','2025-07-24T21:43:05Z','2025-07-24T21:43:05Z'),('202','Barbara','Carrasco','Hija','2023/07/21','Femenino','25-58966307-3','28','2025-07-24T21:43:05Z','2025-07-24T21:43:05Z'),('203','Anastasia','Gutierrez','Hija','2019/01/18','Femenino','25-55760136-4','45','2025-07-24T21:43:05Z','2025-07-24T21:43:05Z'),('204','Esdras','Santos','Hijo','2001/04/02','Masculino','27-43091376-1','89','2025-07-24T21:43:06Z','2025-07-24T21:43:06Z'),('205','Ignacio','Carrasco','Hijo','2023/03/23','Masculino','23-58732422-2','28','2025-07-24T21:43:06Z','2025-07-24T21:43:06Z'),('206','Adalberto','Crespo','Hijo','2023/01/11','Masculino','23-58594041-5','77','2025-07-24T21:43:06Z','2025-07-24T21:43:06Z'),('207','Ester','Jimenez','Hija','2015/09/21','Femenino','25-53392053-5','48','2025-07-24T21:43:07Z','2025-07-24T21:43:07Z'),('208','Aurora','Flores','Hija','2019/01/20','Femenino','24-55764034-4','98','2025-07-24T21:43:07Z','2025-07-24T21:43:07Z'),('209','Montserrat','Moreno','Hija','2022/02/13','Femenino','26-57946959-8','78','2025-07-24T21:43:07Z','2025-07-24T21:43:07Z'),('210','Adon','Esteban','Hijo','2017/01/24','Masculino','24-54349031-2','80','2025-07-24T21:43:08Z','2025-07-24T21:43:08Z'),('211','Concepcion','Castillo','Hija','2012/03/25','Femenino','25-50907027-2','92','2025-07-24T21:43:08Z','2025-07-24T21:43:08Z'),('212','Luisa','Ortega','Hija','2011/01/23','Femenino','23-50074787-6','41','2025-07-24T21:43:08Z','2025-07-24T21:43:08Z'),('213','Mateo','Rodriguez','Hijo','2005/02/07','Masculino','20-45833676-3','8','2025-07-24T21:43:09Z','2025-07-24T21:43:09Z'),('214','Constantino','Ruiz','Hijo','2014/07/07','Masculino','28-52532526-5','68','2025-07-24T21:43:09Z','2025-07-24T21:43:09Z'),('215','Adelaida','Gutierrez','Hija','2019/08/14','Femenino','23-56165537-3','45','2025-07-24T21:43:09Z','2025-07-24T21:43:09Z'),('216','Nieves','Ruiz','Hija','2012/10/29','Femenino','28-51331918-5','68','2025-07-24T21:43:10Z','2025-07-24T21:43:10Z'),('217','Amelia','Ortega','Hija','2012/11/06','Femenino','22-51347510-5','41','2025-07-24T21:43:10Z','2025-07-24T21:43:10Z'),('218','Roberto','Carrasco','Hijo','2010/06/09','Masculino','20-49630406-2','96','2025-07-24T21:43:11Z','2025-07-24T21:43:11Z'),('219','Gertrudis','Ruiz','Hija','2012/02/15','Femenino','22-50831014-1','68','2025-07-24T21:43:11Z','2025-07-24T21:43:11Z'),('220','Sixto','Crespo','Hijo','2023/03/08','Masculino','27-58703187-6','77','2025-07-24T21:43:11Z','2025-07-24T21:43:11Z'),('221','Constancio','Gimenez','Hijo','2012/10/08','Masculino','20-51290988-4','66','2025-07-24T21:43:12Z','2025-07-24T21:43:12Z'),('222','Jonas','Santiago','Hijo','2015/03/30','Masculino','25-53050971-7','72','2025-07-24T21:43:12Z','2025-07-24T21:43:12Z'),('223','Lucrecia','Perez','Hija','2021/02/18','Femenino','21-57245305-2','84','2025-07-24T21:43:12Z','2025-07-24T21:43:12Z'),('224','Gloria','Martinez','Hija','2023/08/19','Femenino','23-59022829-3','21','2025-07-24T21:43:13Z','2025-07-24T21:43:13Z'),('225','Lino','Bravo','Hijo','2018/09/27','Masculino','27-55539895-7','25','2025-07-24T21:43:13Z','2025-07-24T21:43:13Z'),('227','Gertrudis','Lorenzo','Hija','2020/06/27','Femenino','21-56785331-4','70','2025-07-24T21:43:14Z','2025-07-24T21:43:14Z'),('228','Remedios','Gutierrez','Hija','2019/06/12','Femenino','22-56042747-5','45','2025-07-24T21:43:14Z','2025-07-24T21:43:14Z'),('229','Elvira','Ortega','Hija','2007/06/28','Femenino','22-47531290-2','41','2025-07-24T21:43:14Z','2025-07-24T21:43:14Z'),('230','Ubaldo','Moreno','Hijo','2016/04/04','Masculino','28-53774065-8','78','2025-07-24T21:43:15Z','2025-07-24T21:43:15Z'),('231','Irene','Jimenez','Hija','2020/04/12','Femenino','22-56637204-1','48','2025-07-24T21:43:15Z','2025-07-24T21:43:15Z'),('232','Nieves','Sanz','Hija','2008/09/14','Femenino','21-48396663-4','55','2025-07-24T21:43:15Z','2025-07-24T21:43:15Z'),('233','Ursula','Ortega','Hija','2013/07/13','Femenino','20-51832821-1','41','2025-07-24T21:43:16Z','2025-07-24T21:43:16Z'),('234','Alba','Sanz','Hija','2008/04/07','Femenino','20-48084817-7','55','2025-07-24T21:43:16Z','2025-07-24T21:43:16Z'),('235','Jacob','Carrasco','Hijo','2023/02/11','Masculino','24-58654461-8','28','2025-07-24T21:43:17Z','2025-07-24T21:43:17Z'),('236','Marcial','Martin','Hijo','2013/05/13','Masculino','20-51713929-2','90','2025-07-24T21:43:17Z','2025-07-24T21:43:17Z'),('237','Gloria','Gallardo','Hija','2014/10/06','Femenino','23-52709889-4','27','2025-07-24T21:43:17Z','2025-07-24T21:43:17Z'),('238','Clara','Moya','Hija','2017/10/07','Femenino','25-54847986-6','32','2025-07-24T21:43:18Z','2025-07-24T21:43:18Z'),('239','Fatima','Gallardo','Hija','2011/05/26','Femenino','23-50314519-8','22','2025-07-24T21:43:18Z','2025-07-24T21:43:18Z'),('240','Ambrosio','Moya','Hijo','2017/03/08','Masculino','23-54432840-1','32','2025-07-24T21:43:18Z','2025-07-24T21:43:18Z'),('241','Asuncion','Ortega','Hija','2007/06/03','Femenino','23-47482564-6','41','2025-07-24T21:43:19Z','2025-07-24T21:43:19Z'),('242','Teofila','Lorenzo','Hija','2020/05/29','Femenino','26-56728809-4','70','2025-07-24T21:43:19Z','2025-07-24T21:43:19Z'),('243','Candida','Bravo','Hija','2013/09/26','Femenino','24-51978999-1','25','2025-07-24T21:43:19Z','2025-07-24T21:43:19Z'),('244','Aquiles','Blesa','Hijo','2005/08/15','Masculino','21-46202044-4','57','2025-07-24T21:43:20Z','2025-07-24T21:43:20Z'),('245','Vidal','Marin','Hija','2020/05/02','Femenino','26-56676185-8','7','2025-07-24T21:43:20Z','2025-07-24T21:43:20Z'),('246','Miguel','Moreno','Hijo','2013/09/22','Masculino','26-51971203-5','36','2025-07-24T21:43:20Z','2025-07-24T21:43:20Z'),('247','Felipe','Santos','Hijo','2021/08/15','Masculino','23-57592234-8','89','2025-07-24T21:43:21Z','2025-07-24T21:43:21Z'),('248','Rita','Moreno','Hija','2016/05/23','Femenino','26-53869568-8','78','2025-07-24T21:43:21Z','2025-07-24T21:43:21Z'),('249','Javier','Carrasco','Hijo','2023/08/30','Masculino','24-59044269-6','28','2025-07-24T21:43:21Z','2025-07-24T21:43:21Z'),('250','Albina','Reyes','Hija','2022/06/22','Femenino','28-58198385-4','10','2025-07-24T21:43:22Z','2025-07-24T21:43:22Z'),('251','Manuel','Santos','Hijo','2019/06/10','Masculino','23-56038849-8','89','2025-07-24T21:43:22Z','2025-07-24T21:43:22Z'),('252','Victorio','Martin','Hijo','2013/01/02','Masculino','25-51458605-4','90','2025-07-24T21:43:22Z','2025-07-24T21:43:22Z'),('253','Benito','Leon','Hijo','2016/07/06','Masculino','20-53955325-1','49','2025-07-24T21:43:23Z','2025-07-24T21:43:23Z'),('254','Manuel','Ortega','Hijo','2017/01/20','Masculino','28-54341235-6','62','2025-07-24T21:43:23Z','2025-07-24T21:43:23Z'),('255','Olga','Reyes','Hija','2002/11/29','Femenino','27-44272495-2','10','2025-07-24T21:43:24Z','2025-07-24T21:43:24Z'),('256','Conrado','Soler','Hijo','2010/10/01','Masculino','25-49852596-3','2','2025-07-24T21:43:24Z','2025-07-24T21:43:24Z'),('257','Natalia','Santos','Hija','2020/07/13','Femenino','28-56816516-2','89','2025-07-24T21:43:24Z','2025-07-24T21:43:24Z'),('258','Martin','Morales','Hijo','2010/06/17','Masculino','24-49645998-2','83','2025-07-24T21:43:25Z','2025-07-24T21:43:25Z'),('259','Yolanda','Martinez','Hija','2023/01/08','Femenino','24-58588193-8','21','2025-07-24T21:43:25Z','2025-07-24T21:43:25Z'),('260','Josefina','Ortega','Hija','2015/09/05','Femenino','24-53360868-1','60','2025-07-24T21:43:25Z','2025-07-24T21:43:25Z'),('261','Virginia','Carrasco','Hija','2023/10/12','Femenino','27-59128078-1','28','2025-07-24T21:43:26Z','2025-07-24T21:43:26Z'),('262','Abdon','Ortega','Hijo','2017/09/26','Masculino','23-54826546-4','62','2025-07-24T21:43:26Z','2025-07-24T21:43:26Z'),('263','Rosalia','Crespo','Hija','2020/04/01','Femenino','25-56615765-2','5','2025-07-24T21:43:26Z','2025-07-24T21:43:26Z'),('264','Edgar','Martin','Hijo','2001/02/21','Masculino','24-43013415-6','90','2025-07-24T21:43:27Z','2025-07-24T21:43:27Z'),('265','Laureano','Carrasco','Hijo','2016/01/29','Masculino','25-53645428-2','73','2025-07-24T21:43:27Z','2025-07-24T21:43:27Z'),('266','Abel','Crespo','Hijo','2018/11/25','Masculino','28-55654888-7','5','2025-07-24T21:43:27Z','2025-07-24T21:43:27Z'),('267','Raquel','Ortega','Hija','2017/04/05','Femenino','28-54487413-4','62','2025-07-24T21:43:28Z','2025-07-24T21:43:28Z'),('268','Anna','Moreno','Hijo','2009/08/14','Masculino','26-49047643-8','36','2025-07-24T21:43:28Z','2025-07-24T21:43:28Z'),('269','Adolfo','Herrera','Hijo','2020/08/12','Masculino','24-56874987-5','94','2025-07-24T21:43:28Z','2025-07-24T21:43:28Z'),('270','Ascension','Reyes','Hija','2000/04/03','Femenino','21-42381926-2','10','2025-07-24T21:43:29Z','2025-07-24T21:43:29Z'),('272','Rosalia','Ortega','Hija','2018/02/08','Femenino','27-55089667-4','60','2025-07-24T21:43:29Z','2025-07-24T21:43:29Z'),('274','Liduvina','Moya','Hija','2017/11/15','Femenino','28-54923998-2','32','2025-07-24T21:43:30Z','2025-07-24T21:43:30Z'),('275','Esiquio','Crespo','Hijo','2012/02/09','Masculino','21-50819320-1','93','2025-07-24T21:43:31Z','2025-07-24T21:43:31Z'),('277','Ursula','Herrera','Hija','2016/01/27','Femenino','24-53641530-1','42','2025-07-24T21:43:31Z','2025-07-24T21:43:31Z'),('278','Aristides','Moreno','Hijo','2021/05/12','Masculino','22-57407075-1','36','2025-07-24T21:43:32Z','2025-07-24T21:43:32Z'),('279','Otilia','Bravo','Hija','2017/05/17','Femenino','27-54569273-5','29','2025-07-24T21:43:32Z','2025-07-24T21:43:32Z'),('280','Olga','Perez','Hija','2003/09/01','Femenino','20-44810430-4','75','2025-07-24T21:43:32Z','2025-07-24T21:43:32Z'),('281','Abdon','Gallardo','Hijo','2020/06/04','Masculino','27-56740504-4','22','2025-07-24T21:43:33Z','2025-07-24T21:43:33Z'),('282','Raimundo','Saez','Hijo','2020/11/28','Masculino','23-57085484-6','53','2025-07-24T21:43:33Z','2025-07-24T21:43:33Z'),('283','Salome','Lorenzo','Hija','2012/04/28','Femenino','25-50973294-5','76','2025-07-24T21:43:33Z','2025-07-24T21:43:33Z'),('284','Anastasia','Perez','Hija','2003/04/11','Femenino','24-44531717-2','75','2025-07-24T21:43:34Z','2025-07-24T21:43:34Z'),('285','Rosalia','Gimenez','Hija','2017/03/06','Femenino','24-54428942-3','66','2025-07-24T21:43:34Z','2025-07-24T21:43:34Z'),('286','Otilia','Vicente','Hija','2021/10/06','Femenino','25-57693584-4','40','2025-07-24T21:43:34Z','2025-07-24T21:43:34Z'),('287','German','Jimenez','Hijo','2009/09/26','Masculino','28-49131451-4','48','2025-07-24T21:43:35Z','2025-07-24T21:43:35Z'),('288','Josefina','Santiago','Hija','2016/06/05','Femenino','26-53894905-4','72','2025-07-24T21:43:35Z','2025-07-24T21:43:35Z'),('289','Eva','Morales','Hija','2023/07/02','Femenino','28-58929275-8','81','2025-07-24T21:43:35Z','2025-07-24T21:43:35Z'),('290','Enrique','Morales','Hijo','2023/03/26','Masculino','25-58738270-1','81','2025-07-24T21:43:36Z','2025-07-24T21:43:36Z'),('291','Cristina','Lorenzo','Hija','2009/08/26','Femenino','20-49071031-2','76','2025-07-24T21:43:36Z','2025-07-24T21:43:36Z'),('292','Laura','Dominguez','Hija','2019/07/17','Femenino','20-56110964-4','34','2025-07-24T21:43:36Z','2025-07-24T21:43:36Z'),('293','Josue','Marin','Hijo','2020/07/01','Masculino','20-56793128-3','7','2025-07-24T21:43:37Z','2025-07-24T21:43:37Z'),('294','Claudio','Ruiz','Hijo','2015/10/13','Masculino','24-53434932-7','68','2025-07-24T21:43:37Z','2025-07-24T21:43:37Z'),('295','Alicia','Moreno','Hijo','2016/05/04','Masculino','23-53832536-4','78','2025-07-24T21:43:38Z','2025-07-24T21:43:38Z'),('296','Francisca','Carrasco','Hija','2022/01/10','Femenino','25-57880692-7','73','2025-07-24T21:43:38Z','2025-07-24T21:43:38Z'),('297','Esther','Moreno','Hija','2009/09/07','Femenino','25-49094420-5','36','2025-07-24T21:43:38Z','2025-07-24T21:43:38Z'),('298','Arcadio','Iglesias','Hijo','2021/02/12','Masculino','21-57233611-4','16','2025-07-24T21:43:39Z','2025-07-24T21:43:39Z'),('299','Gema','Santos','Hija','2016/02/14','Femenino','20-53676613-5','89','2025-07-24T21:43:39Z','2025-07-24T21:43:39Z'),('300','Luisa','Bravo','Hija','2013/11/25','Femenino','24-52095941-6','25','2025-07-24T21:43:39Z','2025-07-24T21:43:39Z'),('301','Consuelo','Pascual','Hija','2018/01/18','Femenino','21-55048737-4','79','2025-07-24T21:43:40Z','2025-07-24T21:43:40Z'),('302','Mercedes','Iglesias','Hija','2004/06/25','Femenino','26-45391244-1','16','2025-07-24T21:43:40Z','2025-07-24T21:43:40Z'),('303','Petronila','Santos','Hija','2001/02/09','Femenino','24-42990026-4','89','2025-07-24T21:43:40Z','2025-07-24T21:43:40Z'),('304','Eliseo','Ortega','Hijo','2007/08/03','Masculino','23-47601455-5','41','2025-07-24T21:43:41Z','2025-07-24T21:43:41Z'),('305','Tania','Gallardo','Hija','2011/06/13','Femenino','28-50349601-6','22','2025-07-24T21:43:41Z','2025-07-24T21:43:41Z'),('306','Irene','Saez','Hija','2022/04/09','Femenino','27-58054156-7','53','2025-07-24T21:43:41Z','2025-07-24T21:43:41Z'),('307','Ana','Carrasco','Hija','2007/04/10','Femenino','28-47377315-7','96','2025-07-24T21:43:42Z','2025-07-24T21:43:42Z'),('308','Gerardo','Santos','Hijo','2015/03/12','Masculino','27-53015888-5','89','2025-07-24T21:43:42Z','2025-07-24T21:43:42Z'),('310','Benjamin','Lorenzo','Hijo','2013/03/22','Masculino','21-51612579-4','76','2025-07-24T21:43:43Z','2025-07-24T21:43:43Z'),('311','Fatima','Marin','Hija','2020/05/10','Femenino','20-56691778-6','7','2025-07-24T21:43:43Z','2025-07-24T21:43:43Z'),('312','Jorge','Crespo','Hijo','2023/11/27','Masculino','21-59217733-2','77','2025-07-24T21:43:43Z','2025-07-24T21:43:43Z'),('313','Francisco','Herrera','Hijo','2020/06/16','Masculino','22-56763892-6','94','2025-07-24T21:43:44Z','2025-07-24T21:43:44Z'),('314','Damaso','Moya','Hijo','2017/10/16','Masculino','24-54865527-6','32','2025-07-24T21:43:44Z','2025-07-24T21:43:44Z'),('315','Marina','Reyes','Hija','2010/06/29','Femenino','26-49669386-5','10','2025-07-24T21:43:45Z','2025-07-24T21:43:45Z'),('317','Nuria','Martinez','Hija','2023/06/23','Femenino','20-58911734-8','21','2025-07-24T21:43:45Z','2025-07-24T21:43:45Z'),('318','Teodosia','Crespo','Hijo','2022/10/11','Masculino','27-58414729-4','5','2025-07-24T21:43:46Z','2025-07-24T21:43:46Z'),('319','Amadeo','Sanz','Hijo','2008/07/01','Masculino','22-48250485-7','55','2025-07-24T21:43:46Z','2025-07-24T21:43:46Z'),('320','Bernarda','Santiago','Hija','2010/08/08','Femenino','20-49747348-5','72','2025-07-24T21:43:46Z','2025-07-24T21:43:46Z'),('321','Abelardo','Calvo','Hijo','2020/10/17','Masculino','22-57003624-3','30','2025-07-24T21:43:47Z','2025-07-24T21:43:47Z'),('322','Angel','Morales','Hijo','2023/11/07','Masculino','22-59178753-3','81','2025-07-24T21:43:47Z','2025-07-24T21:43:47Z'),('323','Nieves','Vicente','Hija','2019/06/04','Femenino','25-56027155-4','40','2025-07-24T21:43:47Z','2025-07-24T21:43:47Z'),('324','Jeremias','Reyes','Hijo','2000/10/20','Masculino','28-42771734-5','10','2025-07-24T21:43:48Z','2025-07-24T21:43:48Z'),('325','Vidal','Gallardo','Hija','2014/07/25','Femenino','21-52567609-5','27','2025-07-24T21:43:48Z','2025-07-24T21:43:48Z'),('326','Benedicto','Leon','Hijo','2007/02/19','Masculino','26-47279863-3','49','2025-07-24T21:43:48Z','2025-07-24T21:43:48Z'),('327','Albina','Morales','Hija','2004/02/06','Femenino','27-45118378-1','83','2025-07-24T21:43:49Z','2025-07-24T21:43:49Z'),('328','Araceli','Ruiz','Hija','2012/06/02','Femenino','22-51041511-7','68','2025-07-24T21:43:49Z','2025-07-24T21:43:49Z'),('329','Marcelino','Sanz','Hijo','2023/01/17','Masculino','24-58605735-1','17','2025-07-24T21:43:49Z','2025-07-24T21:43:49Z'),('330','Leonardo','Esteban','Hijo','2004/09/21','Masculino','23-45562759-8','80','2025-07-24T21:43:50Z','2025-07-24T21:43:50Z'),('331','Laura','Santiago','Hija','2010/08/27','Femenino','22-49784380-4','72','2025-07-24T21:43:50Z','2025-07-24T21:43:50Z'),('332','Epifania','Crespo','Hija','2023/05/04','Femenino','26-58814282-3','77','2025-07-24T21:43:50Z','2025-07-24T21:43:50Z'),('334','Odon','Flores','Hijo','2019/08/15','Masculino','26-56167486-3','98','2025-07-24T21:43:51Z','2025-07-24T21:43:51Z'),('335','Jaime','Marin','Hijo','2021/06/12','Masculino','24-57467495-2','7','2025-07-24T21:43:52Z','2025-07-24T21:43:52Z'),('336','Andrea','Blesa','Hija','2018/10/08','Femenino','20-55561334-2','57','2025-07-24T21:43:52Z','2025-07-24T21:43:52Z'),('337','Ceferino','Leon','Hijo','2021/01/12','Masculino','27-57173190-3','49','2025-07-24T21:43:52Z','2025-07-24T21:43:52Z'),('338','Margarita','Jimenez','Hija','2016/10/30','Femenino','21-54181414-2','48','2025-07-24T21:43:53Z','2025-07-24T21:43:53Z'),('339','Concepcion','Gallardo','Hija','2021/09/17','Femenino','24-57656552-7','27','2025-07-24T21:43:53Z','2025-07-24T21:43:53Z'),('340','Dorotea','Ruiz','Hija','2012/01/04','Femenino','23-50749155-3','68','2025-07-24T21:43:53Z','2025-07-24T21:43:53Z'),('341','Federico','Moreno','Hijo','2022/08/20','Masculino','26-58313379-3','78','2025-07-24T21:43:54Z','2025-07-24T21:43:54Z'),('342','Guadalupe','Gallardo','Hija','2011/11/27','Femenino','28-50675091-4','22','2025-07-24T21:43:54Z','2025-07-24T21:43:54Z'),('343','Fidel','Herrera','Hijo','2016/01/01','Masculino','27-53590855-8','42','2025-07-24T21:43:54Z','2025-07-24T21:43:54Z'),('344','Salomon','Martinez','Hijo','2023/06/11','Masculino','20-58888346-2','21','2025-07-24T21:43:55Z','2025-07-24T21:43:55Z'),('345','Rocio','Soler','Hijo','2016/11/11','Masculino','26-54204802-2','2','2025-07-24T21:43:55Z','2025-07-24T21:43:55Z'),('346','Victorio','Lorenzo','Hijo','2009/09/01','Masculino','23-49082725-1','76','2025-07-24T21:43:55Z','2025-07-24T21:43:55Z'),('347','Joaquim','Perez','Hijo','2009/06/23','Masculino','28-48946293-2','18','2025-07-24T21:43:56Z','2025-07-24T21:43:56Z'),('348','Margarita','Gallardo','Hija','2014/02/13','Femenino','25-52251864-7','27','2025-07-24T21:43:56Z','2025-07-24T21:43:56Z'),('349','Ireneo','Perez','Hijo','2012/01/02','Masculino','25-50745256-1','75','2025-07-24T21:43:56Z','2025-07-24T21:43:56Z'),('350','Susana','Cambil','Hija','2010/07/18','Femenino','26-49706418-4','26','2025-07-24T21:43:57Z','2025-07-24T21:43:57Z'),('351','Cesareo','Herrera','Hijo','2016/09/13','Masculino','25-54089809-6','42','2025-07-24T21:43:57Z','2025-07-24T21:43:57Z'),('352','Josefina','Perez','Hija','2003/01/22','Femenino','25-44377743-4','75','2025-07-24T21:43:57Z','2025-07-24T21:43:57Z'),('353','Laura','Jimenez','Hija','2009/08/16','Femenino','28-49051541-8','48','2025-07-24T21:43:58Z','2025-07-24T21:43:58Z'),('354','Jacinto','Esteban','Hijo','2018/01/08','Masculino','25-55029246-5','80','2025-07-24T21:43:58Z','2025-07-24T21:43:58Z'),('355','Zaqueo','Castillo','Hijo','2005/05/11','Masculino','24-46014936-1','92','2025-07-24T21:43:59Z','2025-07-24T21:43:59Z'),('356','Ester','Ortega','Hija','2019/01/02','Femenino','21-55728952-4','62','2025-07-24T21:43:59Z','2025-07-24T21:43:59Z'),('357','Fausto','Martin','Hijo','2001/04/02','Masculino','24-43091376-3','90','2025-07-24T21:43:59Z','2025-07-24T21:43:59Z'),('358','Laura','Carrasco','Hija','2016/04/22','Femenino','20-53809147-6','73','2025-07-24T21:44:00Z','2025-07-24T21:44:00Z'),('359','Marcelino','Crespo','Hijo','2023/07/12','Masculino','27-58948766-8','77','2025-07-24T21:44:00Z','2025-07-24T21:44:00Z'),('361','Dorotea','Perez','Hija','2008/04/08','Femenino','28-48086766-8','75','2025-07-24T21:44:01Z','2025-07-24T21:44:01Z'),('362','Damaso','Bravo','Hijo','2013/01/13','Masculino','22-51480045-8','25','2025-07-24T21:44:01Z','2025-07-24T21:44:01Z'),('363','Ramon','Carrasco','Hijo','2016/09/29','Masculino','28-54120994-6','73','2025-07-24T21:44:01Z','2025-07-24T21:44:01Z'),('364','Edgar','Gallardo','Hijo','2014/01/10','Masculino','22-52185597-7','27','2025-07-24T21:44:02Z','2025-07-24T21:44:02Z'),('365','Carmen','Gimenez','Hija','2007/07/12','Femenino','21-47558576-7','66','2025-07-24T21:44:02Z','2025-07-24T21:44:02Z'),('366','Otilia','Blesa','Hija','2012/02/20','Femenino','27-50840759-1','57','2025-07-24T21:44:02Z','2025-07-24T21:44:02Z'),('367','Baltasar','Mendez','Hijo','2018/07/20','Masculino','21-55405411-2','65','2025-07-24T21:44:03Z','2025-07-24T21:44:03Z'),('368','Emilio','Reyes','Hijo','2009/09/24','Masculino','28-49127553-8','10','2025-07-24T21:44:03Z','2025-07-24T21:44:03Z'),('369','Vicenta','Lorenzo','Hija','2017/02/25','Femenino','22-54411401-5','76','2025-07-24T21:44:03Z','2025-07-24T21:44:03Z'),('370','Facundo','Ortega','Hijo','2007/09/08','Masculino','21-47671620-7','41','2025-07-24T21:44:04Z','2025-07-24T21:44:04Z'),('371','Soledad','Moreno','Hija','2009/09/09','Femenino','21-49098318-3','36','2025-07-24T21:44:04Z','2025-07-24T21:44:04Z'),('372','Sixto','Jimenez','Hijo','2012/06/08','Masculino','22-51053205-3','48','2025-07-24T21:44:04Z','2025-07-24T21:44:04Z'),('373','Cecilia','Bravo','Hija','2014/09/10','Femenino','23-52659214-7','25','2025-07-24T21:44:05Z','2025-07-24T21:44:05Z'),('374','Isidro','Gimenez','Hijo','2007/09/16','Masculino','28-47687213-6','66','2025-07-24T21:44:05Z','2025-07-24T21:44:05Z'),('375','Concepcion','Perez','Hija','2009/01/28','Femenino','22-48661733-3','18','2025-07-24T21:44:06Z','2025-07-24T21:44:06Z'),('376','Ariadna','Santiago','Hija','2017/03/17','Femenino','23-54450382-5','72','2025-07-24T21:44:06Z','2025-07-24T21:44:06Z'),('377','Juana','Flores','Hija','2021/07/13','Femenino','23-57527916-1','98','2025-07-24T21:44:06Z','2025-07-24T21:44:06Z'),('378','Eugenia','Santiago','Hija','2018/06/07','Femenino','27-55321602-2','72','2025-07-24T21:44:07Z','2025-07-24T21:44:07Z'),('379','Rigoberto','Ortega','Hijo','2007/04/20','Masculino','25-47396806-6','41','2025-07-24T21:44:07Z','2025-07-24T21:44:07Z'),('381','Renato','Santos','Hijo','2010/07/06','Masculino','24-49683030-5','89','2025-07-24T21:44:08Z','2025-07-24T21:44:08Z'),('383','Jacob','Rodriguez','Hijo','2005/08/30','Masculino','26-46231280-1','8','2025-07-24T21:44:08Z','2025-07-24T21:44:08Z'),('384','Ester','Esteban','Hija','2006/04/12','Femenino','22-46669814-1','80','2025-07-24T21:44:09Z','2025-07-24T21:44:09Z'),('386','Manuel','Iglesias','Hijo','2002/05/20','Masculino','26-43896330-3','16','2025-07-24T21:44:09Z','2025-07-24T21:44:09Z'),('387','Eva','Herrera','Hija','2020/02/12','Femenino','27-56520262-2','94','2025-07-24T21:44:10Z','2025-07-24T21:44:10Z'),('388','Claudia','Moreno','Hija','2009/09/26','Femenino','23-49131451-8','36','2025-07-24T21:44:10Z','2025-07-24T21:44:10Z'),('389','Jacinto','Vicente','Hijo','2019/03/22','Masculino','24-55882926-4','40','2025-07-24T21:44:10Z','2025-07-24T21:44:10Z'),('390','Anastasia','Iglesias','Hija','2017/09/06','Femenino','21-54787565-7','16','2025-07-24T21:44:11Z','2025-07-24T21:44:11Z'),('391','Teofila','Soler','Hija','2010/04/02','Femenino','21-49497871-7','2','2025-07-24T21:44:11Z','2025-07-24T21:44:11Z'),('392','Salvio','Santos','Hijo','2015/02/10','Masculino','25-52957417-4','89','2025-07-24T21:44:12Z','2025-07-24T21:44:12Z'),('393','Luisa','Pascual','Hija','2018/11/25','Femenino','24-55654888-6','79','2025-07-24T21:44:12Z','2025-07-24T21:44:12Z'),('394','Casimiro','Bravo','Hijo','2017/03/21','Masculino','20-54458178-4','29','2025-07-24T21:44:12Z','2025-07-24T21:44:12Z'),('395','Elena','Carrasco','Hija','2023/10/04','Femenino','28-59112485-1','28','2025-07-24T21:44:13Z','2025-07-24T21:44:13Z'),('396','Asuncion','Gutierrez','Hija','2022/09/05','Femenino','22-58344563-2','45','2025-07-24T21:44:13Z','2025-07-24T21:44:13Z'),('397','Laura','Sanz','Hija','2008/09/21','Femenino','20-48410307-7','55','2025-07-24T21:44:13Z','2025-07-24T21:44:13Z'),('398','Nicomedes','Perez','Hijo','2009/10/10','Masculino','21-49158738-7','18','2025-07-24T21:44:14Z','2025-07-24T21:44:14Z'),('399','Ruperto','Ortega','Hijo','2015/08/28','Masculino','28-53345276-7','60','2025-07-24T21:44:14Z','2025-07-24T21:44:14Z'),('400','Inmaculada','Carrasco','Hija','2016/04/17','Femenino','22-53799402-3','73','2025-07-24T21:44:14Z','2025-07-24T21:44:14Z'),('401','Gisela','Pascual','Hija','2018/03/05','Femenino','21-55138393-1','79','2025-07-24T21:44:15Z','2025-07-24T21:44:15Z'),('402','Bernarda','Morales','Hija','2011/07/30','Femenino','27-50441206-5','83','2025-07-24T21:44:15Z','2025-07-24T21:44:15Z'),('403','Aurea','Rodriguez','Hija','2005/06/14','Femenino','22-46081204-1','8','2025-07-24T21:44:15Z','2025-07-24T21:44:15Z'),('404','Ramon','Moreno','Hijo','2009/08/21','Masculino','28-49061286-5','36','2025-07-24T21:44:16Z','2025-07-24T21:44:16Z'),('405','Antonio','Cambil','Hijo','1998/02/27','Masculino','23-40888961-5','26','2025-07-24T21:44:16Z','2025-07-24T21:44:16Z'),('406','Adolfo','Moreno','Hijo','2009/03/28','Masculino','21-48776726-2','36','2025-07-24T21:44:16Z','2025-07-24T21:44:16Z'),('407','Timoteo','Soler','Hijo','2010/03/18','Masculino','22-49468635-6','2','2025-07-24T21:44:17Z','2025-07-24T21:44:17Z'),('408','Benigno','Crespo','Hijo','2010/11/01','Masculino','21-49913016-4','5','2025-07-24T21:44:17Z','2025-07-24T21:44:17Z'),('409','Heliodoro','Soler','Hijo','2022/10/19','Masculino','26-58430321-8','2','2025-07-24T21:44:17Z','2025-07-24T21:44:17Z'),('410','Manuela','Esteban','Hija','2009/03/04','Femenino','26-48729949-2','80','2025-07-24T21:44:18Z','2025-07-24T21:44:18Z'),('411','Gloria','Moreno','Hija','2013/01/21','Femenino','27-51495637-1','36','2025-07-24T21:44:18Z','2025-07-24T21:44:18Z'),('412','Arturo','Calvo','Hijo','2020/04/01','Masculino','25-56615765-3','30','2025-07-24T21:44:19Z','2025-07-24T21:44:19Z'),('413','Ceferino','Martin','Hijo','2009/03/03','Masculino','20-48728000-7','90','2025-07-24T21:44:19Z','2025-07-24T21:44:19Z'),('414','Arnaldo','Flores','Hijo','2019/06/25','Masculino','21-56068085-8','98','2025-07-24T21:44:19Z','2025-07-24T21:44:19Z'),('415','Purificacion','Ortega','Hija','2020/05/11','Femenino','22-56693727-4','62','2025-07-24T21:44:20Z','2025-07-24T21:44:20Z'),('416','Gonzalo','Pascual','Hijo','2018/07/11','Masculino','22-55387870-6','79','2025-07-24T21:44:20Z','2025-07-24T21:44:20Z'),('417','Artemio','Martinez','Hijo','2023/03/15','Masculino','22-58716830-3','21','2025-07-24T21:44:20Z','2025-07-24T21:44:20Z'),('418','Venancio','Pascual','Hijo','2018/03/15','Masculino','20-55157883-6','79','2025-07-24T21:44:21Z','2025-07-24T21:44:21Z'),('419','Emilia','Ortega','Hija','2017/08/03','Femenino','24-54721298-1','62','2025-07-24T21:44:21Z','2025-07-24T21:44:21Z'),('420','Fidel','Moya','Hijo','2017/01/15','Masculino','23-54331490-2','32','2025-07-24T21:44:21Z','2025-07-24T21:44:21Z'),('421','Leon','Perez','Hijo','2006/06/13','Masculino','28-46790654-1','75','2025-07-24T21:44:22Z','2025-07-24T21:44:22Z'),('422','Abel','Rodriguez','Hijo','2019/11/13','Masculino','26-56342899-3','8','2025-07-24T21:44:22Z','2025-07-24T21:44:22Z'),('423','Teofila','Marin','Hija','2022/08/18','Femenino','22-58309481-2','7','2025-07-24T21:44:22Z','2025-07-24T21:44:22Z'),('424','Vidal','Sanz','Hija','2023/05/17','Femenino','20-58839620-3','17','2025-07-24T21:44:23Z','2025-07-24T21:44:23Z'),('425','Dolores','Ortega','Hijo','2009/06/11','Masculino','25-48922904-3','60','2025-07-24T21:44:23Z','2025-07-24T21:44:23Z'),('426','Sandra','Gallardo','Hija','2022/02/04','Femenino','26-57929418-4','22','2025-07-24T21:44:23Z','2025-07-24T21:44:23Z'),('427','Benedicto','Martin','Hijo','2005/01/03','Masculino','22-45765459-5','90','2025-07-24T21:44:24Z','2025-07-24T21:44:24Z'),('428','Barbara','Carrasco','Hija','2023/10/24','Femenino','22-59151466-8','28','2025-07-24T21:44:24Z','2025-07-24T21:44:24Z'),('429','Venancio','Gimenez','Hijo','2015/08/10','Masculino','22-53310193-4','66','2025-07-24T21:44:24Z','2025-07-24T21:44:24Z'),('430','Casimiro','Blesa','Hijo','2018/08/17','Masculino','26-55459984-3','57','2025-07-24T21:44:25Z','2025-07-24T21:44:25Z'),('431','Rosalia','Morales','Hija','2023/01/12','Femenino','26-58595990-2','81','2025-07-24T21:44:25Z','2025-07-24T21:44:25Z'),('432','Ascension','Morales','Hija','1999/06/05','Femenino','22-41791367-5','83','2025-07-24T21:44:26Z','2025-07-24T21:44:26Z'),('433','Beatriz','Herrera','Hija','2016/01/08','Femenino','25-53604498-5','42','2025-07-24T21:44:26Z','2025-07-24T21:44:26Z'),('434','Alba','Esteban','Hija','2012/08/03','Femenino','22-51162351-3','80','2025-07-24T21:44:26Z','2025-07-24T21:44:26Z'),('435','Manuel','Vicente','Hijo','2019/01/07','Masculino','20-55738697-3','40','2025-07-24T21:44:27Z','2025-07-24T21:44:27Z'),('436','Lourdes','Carrasco','Hijo','2023/01/21','Masculino','25-58613531-4','28','2025-07-24T21:44:27Z','2025-07-24T21:44:27Z'),('437','Liduvina','Cambil','Hija','2022/01/29','Femenino','24-57917724-4','26','2025-07-24T21:44:27Z','2025-07-24T21:44:27Z'),('440','Efren','Bravo','Hijo','2017/09/22','Masculino','27-54818750-4','29','2025-07-24T21:44:28Z','2025-07-24T21:44:28Z'),('441','Albina','Leon','Hija','2011/11/20','Femenino','27-50661448-1','49','2025-07-24T21:44:29Z','2025-07-24T21:44:29Z'),('442','Jaume','Lorenzo','Hijo','2020/07/29','Masculino','22-56847701-6','70','2025-07-24T21:44:29Z','2025-07-24T21:44:29Z'),('443','Priscila','Carrasco','Hija','2018/04/17','Femenino','22-55222201-3','73','2025-07-24T21:44:29Z','2025-07-24T21:44:29Z'),('444','Javier','Rodriguez','Hijo','2021/07/10','Masculino','28-57522069-6','8','2025-07-24T21:44:30Z','2025-07-24T21:44:30Z'),('445','Maximiliano','Martin','Hijo','2019/02/22','Masculino','24-55828353-5','90','2025-07-24T21:44:30Z','2025-07-24T21:44:30Z'),('446','Francesc','Saez','Hijo','2018/02/25','Masculino','24-55122800-4','53','2025-07-24T21:44:30Z','2025-07-24T21:44:30Z'),('447','Dimas','Lorenzo','Hijo','2009/11/16','Masculino','21-49230852-2','76','2025-07-24T21:44:31Z','2025-07-24T21:44:31Z'),('448','Genoveva','Gallardo','Hija','2011/07/25','Femenino','25-50431461-4','22','2025-07-24T21:44:31Z','2025-07-24T21:44:31Z'),('449','Eva','Perez','Hija','2009/06/01','Femenino','24-48903414-5','18','2025-07-24T21:44:31Z','2025-07-24T21:44:31Z'),('450','Remedios','Cambil','Hija','2005/09/27','Femenino','25-46285853-4','26','2025-07-24T21:44:32Z','2025-07-24T21:44:32Z'),('451','Carina','Morales','Hija','2006/09/18','Femenino','22-46979711-7','83','2025-07-24T21:44:32Z','2025-07-24T21:44:32Z'),('452','Felix','Esteban','Hijo','2010/07/27','Masculino','26-49723960-3','80','2025-07-24T21:44:33Z','2025-07-24T21:44:33Z'),('453','Carina','Reyes','Hija','2016/03/11','Femenino','26-53727288-5','10','2025-07-24T21:44:33Z','2025-07-24T21:44:33Z'),('454','Marina','Carrasco','Hija','2023/03/04','Femenino','25-58695391-3','28','2025-07-24T21:44:33Z','2025-07-24T21:44:33Z'),('455','Belen','Gallardo','Hija','2012/05/09','Femenino','25-50994734-5','22','2025-07-24T21:44:34Z','2025-07-24T21:44:34Z'),('456','Sonia','Gimenez','Hija','2007/04/27','Femenino','21-47410449-4','66','2025-07-24T21:44:34Z','2025-07-24T21:44:34Z'),('457','Elvira','Morales','Hija','2023/05/07','Femenino','21-58820129-5','81','2025-07-24T21:44:34Z','2025-07-24T21:44:34Z'),('458','Nicodemo','Lorenzo','Hijo','2017/05/15','Masculino','26-54565375-7','76','2025-07-24T21:44:35Z','2025-07-24T21:44:35Z'),('459','Genoveva','Martinez','Hija','2023/07/09','Femenino','25-58942919-1','21','2025-07-24T21:44:35Z','2025-07-24T21:44:35Z'),('460','Gloria','Marin','Hija','2020/03/02','Femenino','26-56557294-5','7','2025-07-24T21:44:35Z','2025-07-24T21:44:35Z'),('461','Celina','Lorenzo','Hija','2020/04/17','Femenino','28-56646950-3','70','2025-07-24T21:44:36Z','2025-07-24T21:44:36Z'),('462','Concepcion','Ortega','Hija','2017/01/04','Femenino','27-54310051-4','62','2025-07-24T21:44:36Z','2025-07-24T21:44:36Z'),('463','Alonso','Iglesias','Hijo','2006/11/09','Masculino','24-47081061-2','16','2025-07-24T21:44:36Z','2025-07-24T21:44:36Z'),('464','Calixto','Castillo','Hijo','2022/02/03','Masculino','23-57927469-3','92','2025-07-24T21:44:37Z','2025-07-24T21:44:37Z'),('465','Carmelo','Esteban','Hijo','2015/05/05','Masculino','23-53121136-1','80','2025-07-24T21:44:37Z','2025-07-24T21:44:37Z'),('466','Trinidad','Blesa','Hija','2017/08/17','Femenino','28-54748585-5','57','2025-07-24T21:44:37Z','2025-07-24T21:44:37Z'),('467','Lourdes','Saez','Hijo','2018/01/09','Masculino','24-55031195-1','53','2025-07-24T21:44:38Z','2025-07-24T21:44:38Z'),('468','Claudia','Martin','Hija','2001/11/27','Femenino','21-43557197-4','90','2025-07-24T21:44:38Z','2025-07-24T21:44:38Z'),('469','Reinaldo','Leon','Hijo','2020/03/07','Masculino','21-56567039-3','49','2025-07-24T21:44:38Z','2025-07-24T21:44:38Z'),('470','Beltran','Vicente','Hijo','2019/05/14','Masculino','23-55986225-1','40','2025-07-24T21:44:39Z','2025-07-24T21:44:39Z'),('472','Eugenia','Sanz','Hija','2011/06/17','Femenino','28-50357398-5','55','2025-07-24T21:44:40Z','2025-07-24T21:44:40Z'),('473','Dimas','Jimenez','Hijo','2020/08/07','Masculino','20-56865242-8','48','2025-07-24T21:44:40Z','2025-07-24T21:44:40Z'),('474','Josefa','Gallardo','Hija','2011/04/02','Femenino','28-50209270-4','22','2025-07-24T21:44:40Z','2025-07-24T21:44:40Z'),('476','Gonzalo','Rodriguez','Hijo','2015/11/12','Masculino','27-53493403-7','8','2025-07-24T21:44:41Z','2025-07-24T21:44:41Z'),('477','Noelia','Perez','Hija','2007/09/17','Femenino','26-47689162-6','75','2025-07-24T21:44:41Z','2025-07-24T21:44:41Z'),('478','Gema','Ortega','Hija','2009/05/26','Femenino','25-48891719-5','60','2025-07-24T21:44:42Z','2025-07-24T21:44:42Z'),('479','Urbano','Marin','Hijo','2020/04/17','Masculino','28-56646950-4','7','2025-07-24T21:44:42Z','2025-07-24T21:44:42Z'),('480','Mateo','Morales','Hijo','2023/06/11','Masculino','24-58888346-2','81','2025-07-24T21:44:42Z','2025-07-24T21:44:42Z'),('481','Nemesio','Gallardo','Hijo','2011/08/23','Masculino','25-50487983-7','22','2025-07-24T21:44:43Z','2025-07-24T21:44:43Z'),('482','Moises','Marin','Hijo','2020/07/04','Masculino','26-56798975-5','7','2025-07-24T21:44:43Z','2025-07-24T21:44:43Z'),('483','Luz','Morales','Hijo','2023/02/20','Masculino','22-58672002-2','81','2025-07-24T21:44:43Z','2025-07-24T21:44:43Z'),('484','Baltasar','Iglesias','Hijo','2019/04/09','Masculino','20-55918009-6','16','2025-07-24T21:44:44Z','2025-07-24T21:44:44Z'),('485','Godofredo','Sanz','Hijo','2008/02/27','Masculino','24-48006855-7','55','2025-07-24T21:44:44Z','2025-07-24T21:44:44Z'),('486','Damaso','Jimenez','Hijo','2022/11/13','Masculino','20-58479047-6','48','2025-07-24T21:44:44Z','2025-07-24T21:44:44Z'),('487','Ester','Saez','Hija','2018/10/28','Femenino','26-55600315-5','53','2025-07-24T21:44:45Z','2025-07-24T21:44:45Z'),('488','Aaron','Saez','Hijo','2018/01/25','Masculino','20-55062380-4','53','2025-07-24T21:44:45Z','2025-07-24T21:44:45Z'),('489','Nuria','Gallardo','Hija','2011/07/20','Femenino','22-50421716-8','22','2025-07-24T21:44:46Z','2025-07-24T21:44:46Z'),('490','Efren','Gallardo','Hijo','2014/08/21','Masculino','26-52620233-3','27','2025-07-24T21:44:46Z','2025-07-24T21:44:46Z'),('491','Marcos','Lorenzo','Hijo','2020/07/18','Masculino','25-56826261-8','70','2025-07-24T21:44:46Z','2025-07-24T21:44:46Z'),('492','Celina','Vicente','Hija','2019/04/23','Femenino','26-55945295-8','40','2025-07-24T21:44:47Z','2025-07-24T21:44:47Z'),('493','Manuel','Mendez','Hijo','2018/09/25','Masculino','25-55535997-6','65','2025-07-24T21:44:47Z','2025-07-24T21:44:47Z'),('494','Claudio','Dominguez','Hijo','2003/10/01','Masculino','20-44868901-2','34','2025-07-24T21:44:47Z','2025-07-24T21:44:47Z'),('495','Ariadna','Martin','Hija','2012/08/08','Femenino','28-51172096-4','90','2025-07-24T21:44:48Z','2025-07-24T21:44:48Z'),('497','Clotilde','Reyes','Hija','2003/06/04','Femenino','24-44636965-8','10','2025-07-24T21:44:48Z','2025-07-24T21:44:48Z'),('498','Daniel','Vicente','Hijo','2019/11/16','Masculino','25-56348746-8','40','2025-07-24T21:44:49Z','2025-07-24T21:44:49Z'),('499','Inmaculada','Perez','Hija','2015/10/26','Femenino','24-53460269-4','84','2025-07-24T21:44:49Z','2025-07-24T21:44:49Z'),('500','Ubaldo','Martin','Hijo','2007/08/25','Masculino','24-47644334-6','90','2025-07-24T21:44:49Z','2025-07-24T21:44:49Z'),('503','holaaaaa','asdasda','asddsa','1950/01/16','Masculino','28-30270591-7','57','2025-07-24T22:49:21Z','2025-07-24T22:49:21Z');

/*!40000 ALTER TABLE ParentTable ENABLE KEYS */;
UNLOCK TABLES;

--
-- Table structure for table PaymentTable
--

DROP TABLE IF EXISTS PaymentTable;
/*!40101 SET @saved_cs_client     = @@character_set_client */;
/*!40101 SET character_set_client = utf8 */;
CREATE TABLE `PaymentTable` (
  `IdPayment` int NOT NULL AUTO_INCREMENT,
  `Month` varchar(2) CHARACTER SET utf8mb4 COLLATE utf8mb4_general_ci NOT NULL,
  `Year` varchar(4) CHARACTER SET utf8mb4 COLLATE utf8mb4_general_ci NOT NULL,
  `Status` tinyint(1) NOT NULL DEFAULT '1',
  `Amount` int DEFAULT NULL,
  `PaymentDate` varchar(20) CHARACTER SET utf8mb4 COLLATE utf8mb4_general_ci DEFAULT NULL,
  `Observations` varchar(1000) CHARACTER SET utf8mb4 COLLATE utf8mb4_general_ci DEFAULT NULL,
  `IdEnterprise` int NOT NULL,
  `CreatedAt` timestamp NULL DEFAULT CURRENT_TIMESTAMP,
  `UpdatedAt` timestamp NULL DEFAULT CURRENT_TIMESTAMP ON UPDATE CURRENT_TIMESTAMP,
  PRIMARY KEY (`IdPayment`),
  KEY `IdEnterprise` (`IdEnterprise`),
  CONSTRAINT `PaymentTable_ibfk_1` FOREIGN KEY (`IdEnterprise`) REFERENCES `EnterpriseTable` (`IdEnterprise`) ON DELETE CASCADE
) ENGINE=InnoDB AUTO_INCREMENT=611 DEFAULT CHARSET=utf8mb4 COLLATE=utf8mb4_general_ci;
/*!40101 SET character_set_client = @saved_cs_client */;
--
-- Dumping data for table PaymentTable
--

LOCK TABLES PaymentTable WRITE;
/*!40000 ALTER TABLE PaymentTable DISABLE KEYS */;

INSERT INTO PaymentTable VALUES ('1','01','2024','1','61592','05/01/2024','','1','2025-07-24T21:45:55Z','2025-07-24T21:45:55Z'),('2','02','2024','1','73714','05/02/2024','','1','2025-07-24T21:45:56Z','2025-07-24T21:45:56Z'),('3','03','2024','1','64947','05/03/2024','','1','2025-07-24T21:45:56Z','2025-07-24T21:45:56Z'),('4','04','2024','1','97579','05/04/2024','','1','2025-07-24T21:45:56Z','2025-07-24T21:45:56Z'),('5','05','2024','1','89473','05/05/2024','','1','2025-07-24T21:45:57Z','2025-07-24T21:45:57Z'),('6','06','2024','1','76724','05/06/2024','','1','2025-07-24T21:45:57Z','2025-07-24T21:45:57Z'),('7','07','2024','1','75821','05/07/2024','','1','2025-07-24T21:45:57Z','2025-07-24T21:45:57Z'),('8','08','2024','1','73533','05/08/2024','','1','2025-07-24T21:45:58Z','2025-07-24T21:45:58Z'),('9','09','2024','1','74041','05/09/2024','','1','2025-07-24T21:45:58Z','2025-07-24T21:45:58Z'),('10','10','2024','1','72702','05/10/2024','','1','2025-07-24T21:45:58Z','2025-07-24T21:45:58Z'),('11','11','2024','1','79628','05/11/2024','','1','2025-07-24T21:45:59Z','2025-07-24T21:45:59Z'),('12','12','2024','1','94243','05/12/2024','','1','2025-07-24T21:45:59Z','2025-07-24T21:45:59Z'),('13','01','2024','1','82845','05/01/2024','','2','2025-07-24T21:45:59Z','2025-07-24T21:45:59Z'),('14','02','2024','1','78169','05/02/2024','','2','2025-07-24T21:46:00Z','2025-07-24T21:46:00Z'),('15','03','2024','1','74747','05/03/2024','','2','2025-07-24T21:46:00Z','2025-07-24T21:46:00Z'),('16','04','2024','1','50967','05/04/2024','','2','2025-07-24T21:46:00Z','2025-07-24T21:46:00Z'),('17','05','2024','0','69368','','','2','2025-07-24T21:46:01Z','2025-07-24T21:46:01Z'),('18','06','2024','1','58281','05/06/2024','','2','2025-07-24T21:46:01Z','2025-07-24T21:46:01Z'),('19','07','2024','1','51248','05/07/2024','','2','2025-07-24T21:46:02Z','2025-07-24T21:46:02Z'),('20','08','2024','1','93051','05/08/2024','','2','2025-07-24T21:46:02Z','2025-07-24T21:46:02Z'),('21','09','2024','1','57872','05/09/2024','','2','2025-07-24T21:46:02Z','2025-07-24T21:46:02Z'),('22','10','2024','1','71636','05/10/2024','','2','2025-07-24T21:46:03Z','2025-07-24T21:46:03Z'),('23','11','2024','1','52871','05/11/2024','','2','2025-07-24T21:46:03Z','2025-07-24T21:46:03Z'),('24','12','2024','1','53236','05/12/2024','','2','2025-07-24T21:46:03Z','2025-07-24T21:46:03Z'),('25','01','2024','1','74639','05/01/2024','','3','2025-07-24T21:46:04Z','2025-07-24T21:46:04Z'),('26','02','2024','1','60316','05/02/2024','','3','2025-07-24T21:46:04Z','2025-07-24T21:46:04Z'),('27','03','2024','1','92652','05/03/2024','','3','2025-07-24T21:46:04Z','2025-07-24T21:46:04Z'),('28','04','2024','1','69521','05/04/2024','','3','2025-07-24T21:46:05Z','2025-07-24T21:46:05Z'),('29','05','2024','1','84877','05/05/2024','','3','2025-07-24T21:46:05Z','2025-07-24T21:46:05Z'),('30','06','2024','1','89854','05/06/2024','','3','2025-07-24T21:46:05Z','2025-07-24T21:46:05Z'),('31','07','2024','1','97014','05/07/2024','','3','2025-07-24T21:46:06Z','2025-07-24T21:46:06Z'),('32','08','2024','1','59170','05/08/2024','','3','2025-07-24T21:46:06Z','2025-07-24T21:46:06Z'),('33','09','2024','1','76262','05/09/2024','','3','2025-07-24T21:46:06Z','2025-07-24T21:46:06Z'),('34','10','2024','1','71224','05/10/2024','','3','2025-07-24T21:46:07Z','2025-07-24T21:46:07Z'),('35','11','2024','1','99133','05/11/2024','','3','2025-07-24T21:46:07Z','2025-07-24T21:46:07Z'),('36','12','2024','1','98274','05/12/2024','','3','2025-07-24T21:46:08Z','2025-07-24T21:46:08Z'),('37','01','2024','1','82825','05/01/2024','','4','2025-07-24T21:46:08Z','2025-07-24T21:46:08Z'),('38','02','2024','0','51250','','','4','2025-07-24T21:46:08Z','2025-07-24T21:46:08Z'),('39','03','2024','1','91214','05/03/2024','','4','2025-07-24T21:46:09Z','2025-07-24T21:46:09Z'),('40','04','2024','1','98646','05/04/2024','','4','2025-07-24T21:46:09Z','2025-07-24T21:46:09Z'),('41','05','2024','1','72031','05/05/2024','','4','2025-07-24T21:46:09Z','2025-07-24T21:46:09Z'),('42','06','2024','1','62191','05/06/2024','','4','2025-07-24T21:46:10Z','2025-07-24T21:46:10Z'),('43','07','2024','1','55958','05/07/2024','','4','2025-07-24T21:46:10Z','2025-07-24T21:46:10Z'),('44','08','2024','1','76472','05/08/2024','','4','2025-07-24T21:46:10Z','2025-07-24T21:46:10Z'),('45','09','2024','0','51172','','','4','2025-07-24T21:46:11Z','2025-07-24T21:46:11Z'),('46','10','2024','1','80074','05/10/2024','','4','2025-07-24T21:46:11Z','2025-07-24T21:46:11Z'),('47','11','2024','1','76904','05/11/2024','','4','2025-07-24T21:46:11Z','2025-07-24T21:46:11Z'),('48','12','2024','1','89413','05/12/2024','','4','2025-07-24T21:46:12Z','2025-07-24T21:46:12Z'),('49','01','2024','1','68558','05/01/2024','','5','2025-07-24T21:46:12Z','2025-07-24T21:46:12Z'),('50','02','2024','1','61800','05/02/2024','','5','2025-07-24T21:46:12Z','2025-07-24T21:46:12Z'),('51','03','2024','1','97427','05/03/2024','','5','2025-07-24T21:46:13Z','2025-07-24T21:46:13Z'),('52','04','2024','1','78389','05/04/2024','','5','2025-07-24T21:46:13Z','2025-07-24T21:46:13Z'),('53','05','2024','1','99092','05/05/2024','','5','2025-07-24T21:46:13Z','2025-07-24T21:46:13Z'),('54','06','2024','1','84723','05/06/2024','','5','2025-07-24T21:46:14Z','2025-07-24T21:46:14Z'),('55','07','2024','1','72628','05/07/2024','','5','2025-07-24T21:46:14Z','2025-07-24T21:46:14Z'),('56','08','2024','1','63520','05/08/2024','','5','2025-07-24T21:46:15Z','2025-07-24T21:46:15Z'),('57','09','2024','1','57720','05/09/2024','','5','2025-07-24T21:46:15Z','2025-07-24T21:46:15Z'),('58','10','2024','0','79225','','','5','2025-07-24T21:46:15Z','2025-07-24T21:46:15Z'),('59','11','2024','1','50208','05/11/2024','','5','2025-07-24T21:46:16Z','2025-07-24T21:46:16Z'),('60','12','2024','1','91538','05/12/2024','','5','2025-07-24T21:46:16Z','2025-07-24T21:46:16Z'),('61','01','2024','0','64567','','','6','2025-07-24T21:46:16Z','2025-07-24T21:46:16Z'),('62','02','2024','1','89494','05/02/2024','','6','2025-07-24T21:46:17Z','2025-07-24T21:46:17Z'),('63','03','2024','1','98838','05/03/2024','','6','2025-07-24T21:46:17Z','2025-07-24T21:46:17Z'),('64','04','2024','1','98091','05/04/2024','','6','2025-07-24T21:46:17Z','2025-07-24T21:46:17Z'),('65','05','2024','1','92864','05/05/2024','','6','2025-07-24T21:46:18Z','2025-07-24T21:46:18Z'),('66','06','2024','1','65971','05/06/2024','','6','2025-07-24T21:46:18Z','2025-07-24T21:46:18Z'),('67','07','2024','1','96014','05/07/2024','','6','2025-07-24T21:46:18Z','2025-07-24T21:46:18Z'),('68','08','2024','1','97186','05/08/2024','','6','2025-07-24T21:46:19Z','2025-07-24T21:46:19Z'),('69','09','2024','0','79057','','','6','2025-07-24T21:46:19Z','2025-07-24T21:46:19Z'),('70','10','2024','1','69383','05/10/2024','','6','2025-07-24T21:46:19Z','2025-07-24T21:46:19Z'),('71','11','2024','1','69458','05/11/2024','','6','2025-07-24T21:46:20Z','2025-07-24T21:46:20Z'),('72','12','2024','0','97248','05/12/2024','','6','2025-07-24T21:46:20Z','2025-07-25T02:22:43Z'),('73','01','2024','1','51172','05/01/2024','','7','2025-07-24T21:46:20Z','2025-07-24T21:46:20Z'),('74','02','2024','1','79227','05/02/2024','','7','2025-07-24T21:46:21Z','2025-07-24T21:46:21Z'),('75','03','2024','1','63167','05/03/2024','','7','2025-07-24T21:46:21Z','2025-07-24T21:46:21Z'),('76','04','2024','1','77648','05/04/2024','','7','2025-07-24T21:46:22Z','2025-07-24T21:46:22Z'),('77','05','2024','1','53012','05/05/2024','','7','2025-07-24T21:46:22Z','2025-07-24T21:46:22Z'),('78','06','2024','1','53297','05/06/2024','','7','2025-07-24T21:46:22Z','2025-07-24T21:46:22Z'),('79','07','2024','1','63071','05/07/2024','','7','2025-07-24T21:46:23Z','2025-07-24T21:46:23Z'),('80','08','2024','1','74115','05/08/2024','','7','2025-07-24T21:46:23Z','2025-07-24T21:46:23Z'),('81','09','2024','1','83771','05/09/2024','','7','2025-07-24T21:46:23Z','2025-07-24T21:46:23Z'),('82','10','2024','1','63474','05/10/2024','','7','2025-07-24T21:46:24Z','2025-07-24T21:46:24Z'),('83','11','2024','1','86444','05/11/2024','','7','2025-07-24T21:46:24Z','2025-07-24T21:46:24Z'),('84','12','2024','0','58797','','','7','2025-07-24T21:46:24Z','2025-07-24T21:46:24Z'),('85','01','2024','1','95781','05/01/2024','','8','2025-07-24T21:46:25Z','2025-07-24T21:46:25Z'),('86','02','2024','1','74366','05/02/2024','','8','2025-07-24T21:46:25Z','2025-07-24T21:46:25Z'),('87','03','2024','1','50796','05/03/2024','','8','2025-07-24T21:46:25Z','2025-07-24T21:46:25Z'),('88','04','2024','1','52999','05/04/2024','','8','2025-07-24T21:46:26Z','2025-07-24T21:46:26Z'),('89','05','2024','1','53808','05/05/2024','','8','2025-07-24T21:46:26Z','2025-07-24T21:46:26Z'),('90','06','2024','1','84358','05/06/2024','','8','2025-07-24T21:46:26Z','2025-07-24T21:46:26Z'),('91','07','2024','0','73032','','','8','2025-07-24T21:46:27Z','2025-07-24T21:46:27Z'),('92','08','2024','1','86284','05/08/2024','','8','2025-07-24T21:46:27Z','2025-07-24T21:46:27Z'),('93','09','2024','1','64583','05/09/2024','','8','2025-07-24T21:46:28Z','2025-07-24T21:46:28Z'),('94','10','2024','1','90994','05/10/2024','','8','2025-07-24T21:46:28Z','2025-07-24T21:46:28Z'),('95','11','2024','1','76359','05/11/2024','','8','2025-07-24T21:46:28Z','2025-07-24T21:46:28Z'),('96','12','2024','1','95638','05/12/2024','','8','2025-07-24T21:46:29Z','2025-07-24T21:46:29Z'),('97','01','2024','1','71857','05/01/2024','','9','2025-07-24T21:46:29Z','2025-07-24T21:46:29Z'),('98','02','2024','1','88892','05/02/2024','','9','2025-07-24T21:46:29Z','2025-07-24T21:46:29Z'),('99','03','2024','1','73153','05/03/2024','','9','2025-07-24T21:46:30Z','2025-07-24T21:46:30Z'),('100','04','2024','1','58253','05/04/2024','','9','2025-07-24T21:46:30Z','2025-07-24T21:46:30Z'),('101','05','2024','1','52850','05/05/2024','','9','2025-07-24T21:46:30Z','2025-07-24T21:46:30Z'),('102','06','2024','1','91097','05/06/2024','','9','2025-07-24T21:46:31Z','2025-07-24T21:46:31Z'),('103','07','2024','1','51762','05/07/2024','','9','2025-07-24T21:46:31Z','2025-07-24T21:46:31Z'),('104','08','2024','1','98424','05/08/2024','','9','2025-07-24T21:46:31Z','2025-07-24T21:46:31Z'),('105','09','2024','1','56114','05/09/2024','','9','2025-07-24T21:46:32Z','2025-07-24T21:46:32Z'),('106','10','2024','1','79245','05/10/2024','','9','2025-07-24T21:46:32Z','2025-07-24T21:46:32Z'),('107','11','2024','0','95216','','','9','2025-07-24T21:46:32Z','2025-07-24T21:46:32Z'),('108','12','2024','1','58179','05/12/2024','','9','2025-07-24T21:46:33Z','2025-07-24T21:46:33Z'),('109','01','2024','1','51859','05/01/2024','','10','2025-07-24T21:46:33Z','2025-07-24T21:46:33Z'),('110','02','2024','1','80033','05/02/2024','','10','2025-07-24T21:46:33Z','2025-07-24T21:46:33Z'),('111','03','2024','1','65702','05/03/2024','','10','2025-07-24T21:46:34Z','2025-07-24T21:46:34Z'),('112','04','2024','1','81904','05/04/2024','','10','2025-07-24T21:46:34Z','2025-07-24T21:46:34Z'),('113','05','2024','1','60400','05/05/2024','','10','2025-07-24T21:46:35Z','2025-07-24T21:46:35Z'),('114','06','2024','1','72211','05/06/2024','','10','2025-07-24T21:46:35Z','2025-07-24T21:46:35Z'),('115','07','2024','1','83765','05/07/2024','','10','2025-07-24T21:46:35Z','2025-07-24T21:46:35Z'),('116','08','2024','1','80115','05/08/2024','','10','2025-07-24T21:46:36Z','2025-07-24T21:46:36Z'),('117','09','2024','1','74118','05/09/2024','','10','2025-07-24T21:46:36Z','2025-07-24T21:46:36Z'),('118','10','2024','0','58762','','','10','2025-07-24T21:46:36Z','2025-07-24T21:46:36Z'),('119','11','2024','1','87918','05/11/2024','','10','2025-07-24T21:46:37Z','2025-07-24T21:46:37Z'),('120','12','2024','1','93139','05/12/2024','','10','2025-07-24T21:46:37Z','2025-07-24T21:46:37Z'),('121','01','2024','1','57595','05/01/2024','','11','2025-07-24T21:46:37Z','2025-07-24T21:46:37Z'),('122','02','2024','1','67069','05/02/2024','','11','2025-07-24T21:46:38Z','2025-07-24T21:46:38Z'),('123','03','2024','1','83826','05/03/2024','','11','2025-07-24T21:46:38Z','2025-07-24T21:46:38Z'),('124','04','2024','1','87527','05/04/2024','','11','2025-07-24T21:46:38Z','2025-07-24T21:46:38Z'),('125','05','2024','0','75960','','','11','2025-07-24T21:46:39Z','2025-07-24T21:46:39Z'),('126','06','2024','1','64456','05/06/2024','','11','2025-07-24T21:46:39Z','2025-07-24T21:46:39Z'),('127','07','2024','1','69229','05/07/2024','','11','2025-07-24T21:46:39Z','2025-07-24T21:46:39Z'),('128','08','2024','1','72562','05/08/2024','','11','2025-07-24T21:46:40Z','2025-07-24T21:46:40Z'),('129','09','2024','0','95603','','','11','2025-07-24T21:46:40Z','2025-07-24T21:46:40Z'),('130','10','2024','1','72453','05/10/2024','','11','2025-07-24T21:46:40Z','2025-07-24T21:46:40Z'),('131','11','2024','1','76430','05/11/2024','','11','2025-07-24T21:46:41Z','2025-07-24T21:46:41Z'),('132','12','2024','1','93507','05/12/2024','','11','2025-07-24T21:46:41Z','2025-07-24T21:46:41Z'),('133','01','2024','1','54806','05/01/2024','','12','2025-07-24T21:46:42Z','2025-07-24T21:46:42Z'),('134','02','2024','1','65403','05/02/2024','','12','2025-07-24T21:46:42Z','2025-07-24T21:46:42Z'),('135','03','2024','1','61947','05/03/2024','','12','2025-07-24T21:46:42Z','2025-07-24T21:46:42Z'),('136','04','2024','1','53296','05/04/2024','','12','2025-07-24T21:46:43Z','2025-07-24T21:46:43Z'),('137','05','2024','1','67498','05/05/2024','','12','2025-07-24T21:46:43Z','2025-07-24T21:46:43Z'),('138','06','2024','1','61343','05/06/2024','','12','2025-07-24T21:46:43Z','2025-07-24T21:46:43Z'),('139','07','2024','1','85032','05/07/2024','','12','2025-07-24T21:46:44Z','2025-07-24T21:46:44Z'),('140','08','2024','1','55511','05/08/2024','','12','2025-07-24T21:46:44Z','2025-07-24T21:46:44Z'),('141','09','2024','1','99292','05/09/2024','','12','2025-07-24T21:46:44Z','2025-07-24T21:46:44Z'),('142','10','2024','1','52438','05/10/2024','','12','2025-07-24T21:46:45Z','2025-07-24T21:46:45Z'),('143','11','2024','1','69290','05/11/2024','','12','2025-07-24T21:46:45Z','2025-07-24T21:46:45Z'),('144','12','2024','0','70828','','','12','2025-07-24T21:46:45Z','2025-07-24T21:46:45Z'),('145','01','2024','1','60435','05/01/2024','','13','2025-07-24T21:46:46Z','2025-07-24T21:46:46Z'),('146','02','2024','1','80478','05/02/2024','','13','2025-07-24T21:46:46Z','2025-07-24T21:46:46Z'),('147','03','2024','1','64521','05/03/2024','','13','2025-07-24T21:46:46Z','2025-07-24T21:46:46Z'),('148','04','2024','1','74111','05/04/2024','','13','2025-07-24T21:46:47Z','2025-07-24T21:46:47Z'),('149','05','2024','1','69022','05/05/2024','','13','2025-07-24T21:46:47Z','2025-07-24T21:46:47Z'),('150','06','2024','0','50088','','','13','2025-07-24T21:46:47Z','2025-07-24T21:46:47Z'),('151','07','2024','1','87004','05/07/2024','','13','2025-07-24T21:46:48Z','2025-07-24T21:46:48Z'),('152','08','2024','1','61023','05/08/2024','','13','2025-07-24T21:46:48Z','2025-07-24T21:46:48Z'),('153','09','2024','1','57378','05/09/2024','','13','2025-07-24T21:46:49Z','2025-07-24T21:46:49Z'),('154','10','2024','1','75562','05/10/2024','','13','2025-07-24T21:46:49Z','2025-07-24T21:46:49Z'),('155','11','2024','1','98551','05/11/2024','','13','2025-07-24T21:46:49Z','2025-07-24T21:46:49Z'),('156','12','2024','1','83311','05/12/2024','','13','2025-07-24T21:46:50Z','2025-07-24T21:46:50Z'),('157','01','2024','1','81802','05/01/2024','','14','2025-07-24T21:46:50Z','2025-07-24T21:46:50Z'),('158','02','2024','1','55040','05/02/2024','','14','2025-07-24T21:46:50Z','2025-07-24T21:46:50Z'),('159','03','2024','1','71071','05/03/2024','','14','2025-07-24T21:46:51Z','2025-07-24T21:46:51Z'),('160','04','2024','1','54858','05/04/2024','','14','2025-07-24T21:46:51Z','2025-07-24T21:46:51Z'),('161','05','2024','1','70436','05/05/2024','','14','2025-07-24T21:46:51Z','2025-07-24T21:46:51Z'),('162','06','2024','1','57879','05/06/2024','','14','2025-07-24T21:46:52Z','2025-07-24T21:46:52Z'),('163','07','2024','1','66460','05/07/2024','','14','2025-07-24T21:46:52Z','2025-07-24T21:46:52Z'),('164','08','2024','1','67097','05/08/2024','','14','2025-07-24T21:46:52Z','2025-07-24T21:46:52Z'),('165','09','2024','1','64578','05/09/2024','','14','2025-07-24T21:46:53Z','2025-07-24T21:46:53Z'),('166','10','2024','1','71519','05/10/2024','','14','2025-07-24T21:46:53Z','2025-07-24T21:46:53Z'),('167','11','2024','1','85467','05/11/2024','','14','2025-07-24T21:46:53Z','2025-07-24T21:46:53Z'),('168','12','2024','1','59427','05/12/2024','','14','2025-07-24T21:46:54Z','2025-07-24T21:46:54Z'),('169','01','2024','1','90637','05/01/2024','','15','2025-07-24T21:46:54Z','2025-07-24T21:46:54Z'),('170','02','2024','1','96331','05/02/2024','','15','2025-07-24T21:46:54Z','2025-07-24T21:46:54Z'),('171','03','2024','1','70584','05/03/2024','','15','2025-07-24T21:46:55Z','2025-07-24T21:46:55Z'),('172','04','2024','1','82610','05/04/2024','','15','2025-07-24T21:46:55Z','2025-07-24T21:46:55Z'),('173','05','2024','1','83252','05/05/2024','','15','2025-07-24T21:46:56Z','2025-07-24T21:46:56Z'),('174','06','2024','1','51032','05/06/2024','','15','2025-07-24T21:46:56Z','2025-07-24T21:46:56Z'),('175','07','2024','1','53575','05/07/2024','','15','2025-07-24T21:46:56Z','2025-07-24T21:46:56Z'),('176','08','2024','1','55261','05/08/2024','','15','2025-07-24T21:46:57Z','2025-07-24T21:46:57Z'),('177','09','2024','1','85770','05/09/2024','','15','2025-07-24T21:46:57Z','2025-07-24T21:46:57Z'),('178','10','2024','1','80590','05/10/2024','','15','2025-07-24T21:46:57Z','2025-07-24T21:46:57Z'),('179','11','2024','1','64413','05/11/2024','','15','2025-07-24T21:46:58Z','2025-07-24T21:46:58Z'),('180','12','2024','0','80948','','','15','2025-07-24T21:46:58Z','2025-07-24T21:46:58Z'),('181','01','2024','1','50526','05/01/2024','','16','2025-07-24T21:46:58Z','2025-07-24T21:46:58Z'),('182','02','2024','1','99472','05/02/2024','','16','2025-07-24T21:46:59Z','2025-07-24T21:46:59Z'),('183','03','2024','1','79621','05/03/2024','','16','2025-07-24T21:46:59Z','2025-07-24T21:46:59Z'),('184','04','2024','1','88974','05/04/2024','','16','2025-07-24T21:46:59Z','2025-07-24T21:46:59Z'),('185','05','2024','1','72932','05/05/2024','','16','2025-07-24T21:47:00Z','2025-07-24T21:47:00Z'),('186','06','2024','1','50357','05/06/2024','','16','2025-07-24T21:47:00Z','2025-07-24T21:47:00Z'),('187','07','2024','0','53793','','','16','2025-07-24T21:47:00Z','2025-07-24T21:47:00Z'),('188','08','2024','1','83816','05/08/2024','','16','2025-07-24T21:47:01Z','2025-07-24T21:47:01Z'),('189','09','2024','1','55848','05/09/2024','','16','2025-07-24T21:47:01Z','2025-07-24T21:47:01Z'),('190','10','2024','1','62344','05/10/2024','','16','2025-07-24T21:47:01Z','2025-07-24T21:47:01Z'),('191','11','2024','0','83898','','','16','2025-07-24T21:47:02Z','2025-07-24T21:47:02Z'),('192','12','2024','1','78626','05/12/2024','','16','2025-07-24T21:47:02Z','2025-07-24T21:47:02Z'),('193','01','2024','1','54062','05/01/2024','','17','2025-07-24T21:47:03Z','2025-07-24T21:47:03Z'),('194','02','2024','1','91439','05/02/2024','','17','2025-07-24T21:47:03Z','2025-07-24T21:47:03Z'),('195','03','2024','0','82936','','','17','2025-07-24T21:47:03Z','2025-07-24T21:47:03Z'),('196','04','2024','1','90409','05/04/2024','','17','2025-07-24T21:47:04Z','2025-07-24T21:47:04Z'),('197','05','2024','1','61184','05/05/2024','','17','2025-07-24T21:47:04Z','2025-07-24T21:47:04Z'),('198','06','2024','1','92256','05/06/2024','','17','2025-07-24T21:47:04Z','2025-07-24T21:47:04Z'),('199','07','2024','1','73578','05/07/2024','','17','2025-07-24T21:47:05Z','2025-07-24T21:47:05Z'),('200','08','2024','1','91386','05/08/2024','','17','2025-07-24T21:47:05Z','2025-07-24T21:47:05Z'),('201','09','2024','1','52374','05/09/2024','','17','2025-07-24T21:47:05Z','2025-07-24T21:47:05Z'),('202','10','2024','1','89079','05/10/2024','','17','2025-07-24T21:47:06Z','2025-07-24T21:47:06Z'),('203','11','2024','0','93862','','','17','2025-07-24T21:47:06Z','2025-07-24T21:47:06Z'),('204','12','2024','1','68725','05/12/2024','','17','2025-07-24T21:47:06Z','2025-07-24T21:47:06Z'),('205','01','2024','1','63901','05/01/2024','','18','2025-07-24T21:47:07Z','2025-07-24T21:47:07Z'),('206','02','2024','1','62126','05/02/2024','','18','2025-07-24T21:47:07Z','2025-07-24T21:47:07Z'),('207','03','2024','1','99129','05/03/2024','','18','2025-07-24T21:47:07Z','2025-07-24T21:47:07Z'),('208','04','2024','1','94793','05/04/2024','','18','2025-07-24T21:47:08Z','2025-07-24T21:47:08Z'),('209','05','2024','1','81927','05/05/2024','','18','2025-07-24T21:47:08Z','2025-07-24T21:47:08Z'),('210','06','2024','1','58592','05/06/2024','','18','2025-07-24T21:47:08Z','2025-07-24T21:47:08Z'),('211','07','2024','1','62209','05/07/2024','','18','2025-07-24T21:47:09Z','2025-07-24T21:47:09Z'),('212','08','2024','1','75695','05/08/2024','','18','2025-07-24T21:47:09Z','2025-07-24T21:47:09Z'),('213','09','2024','1','64397','05/09/2024','','18','2025-07-24T21:47:10Z','2025-07-24T21:47:10Z'),('214','10','2024','1','58995','05/10/2024','','18','2025-07-24T21:47:10Z','2025-07-24T21:47:10Z'),('215','11','2024','1','87125','05/11/2024','','18','2025-07-24T21:47:10Z','2025-07-24T21:47:10Z'),('216','12','2024','0','90182','','','18','2025-07-24T21:47:11Z','2025-07-24T21:47:11Z'),('217','01','2024','1','90984','05/01/2024','','19','2025-07-24T21:47:11Z','2025-07-24T21:47:11Z'),('218','02','2024','1','87016','05/02/2024','','19','2025-07-24T21:47:11Z','2025-07-24T21:47:11Z'),('219','03','2024','0','99198','','','19','2025-07-24T21:47:12Z','2025-07-24T21:47:12Z'),('220','04','2024','1','73144','05/04/2024','','19','2025-07-24T21:47:12Z','2025-07-24T21:47:12Z'),('221','05','2024','1','73767','05/05/2024','','19','2025-07-24T21:47:12Z','2025-07-24T21:47:12Z'),('222','06','2024','1','69017','05/06/2024','','19','2025-07-24T21:47:13Z','2025-07-24T21:47:13Z'),('223','07','2024','1','78261','05/07/2024','','19','2025-07-24T21:47:13Z','2025-07-24T21:47:13Z'),('224','08','2024','1','62549','05/08/2024','','19','2025-07-24T21:47:13Z','2025-07-24T21:47:13Z'),('225','09','2024','1','61164','05/09/2024','','19','2025-07-24T21:47:14Z','2025-07-24T21:47:14Z'),('226','10','2024','1','81178','05/10/2024','','19','2025-07-24T21:47:14Z','2025-07-24T21:47:14Z'),('227','11','2024','1','87764','05/11/2024','','19','2025-07-24T21:47:14Z','2025-07-24T21:47:14Z'),('228','12','2024','1','64144','05/12/2024','','19','2025-07-24T21:47:15Z','2025-07-24T21:47:15Z'),('241','01','2024','1','65481','05/01/2024','','21','2025-07-24T21:47:19Z','2025-07-24T21:47:19Z'),('242','02','2024','1','63437','05/02/2024','','21','2025-07-24T21:47:20Z','2025-07-24T21:47:20Z'),('243','03','2024','1','88288','05/03/2024','','21','2025-07-24T21:47:20Z','2025-07-24T21:47:20Z'),('244','04','2024','1','72736','05/04/2024','','21','2025-07-24T21:47:20Z','2025-07-24T21:47:20Z'),('245','05','2024','1','84813','05/05/2024','','21','2025-07-24T21:47:21Z','2025-07-24T21:47:21Z'),('246','06','2024','1','82280','05/06/2024','','21','2025-07-24T21:47:21Z','2025-07-24T21:47:21Z'),('247','07','2024','1','57279','05/07/2024','','21','2025-07-24T21:47:21Z','2025-07-24T21:47:21Z'),('248','08','2024','1','64337','05/08/2024','','21','2025-07-24T21:47:22Z','2025-07-24T21:47:22Z'),('249','09','2024','1','87452','05/09/2024','','21','2025-07-24T21:47:22Z','2025-07-24T21:47:22Z'),('250','10','2024','1','67751','05/10/2024','','21','2025-07-24T21:47:22Z','2025-07-24T21:47:22Z'),('251','11','2024','1','99909','05/11/2024','','21','2025-07-24T21:47:23Z','2025-07-24T21:47:23Z'),('252','12','2024','1','63229','05/12/2024','','21','2025-07-24T21:47:23Z','2025-07-24T21:47:23Z'),('253','01','2024','1','83016','05/01/2024','','22','2025-07-24T21:47:24Z','2025-07-24T21:47:24Z'),('254','02','2024','1','87349','05/02/2024','','22','2025-07-24T21:47:24Z','2025-07-24T21:47:24Z'),('255','03','2024','1','80274','05/03/2024','','22','2025-07-24T21:47:24Z','2025-07-24T21:47:24Z'),('256','04','2024','1','73485','05/04/2024','','22','2025-07-24T21:47:25Z','2025-07-24T21:47:25Z'),('257','05','2024','1','73720','05/05/2024','','22','2025-07-24T21:47:25Z','2025-07-24T21:47:25Z'),('258','06','2024','1','71712','05/06/2024','','22','2025-07-24T21:47:25Z','2025-07-24T21:47:25Z'),('259','07','2024','1','67617','05/07/2024','','22','2025-07-24T21:47:26Z','2025-07-24T21:47:26Z'),('260','08','2024','1','89277','05/08/2024','','22','2025-07-24T21:47:26Z','2025-07-24T21:47:26Z'),('261','09','2024','1','96067','05/09/2024','','22','2025-07-24T21:47:26Z','2025-07-24T21:47:26Z'),('262','10','2024','1','87609','05/10/2024','','22','2025-07-24T21:47:27Z','2025-07-24T21:47:27Z'),('263','11','2024','1','69502','05/11/2024','','22','2025-07-24T21:47:27Z','2025-07-24T21:47:27Z'),('264','12','2024','1','97442','05/12/2024','','22','2025-07-24T21:47:27Z','2025-07-24T21:47:27Z'),('265','01','2024','1','84984','05/01/2024','','23','2025-07-24T21:47:28Z','2025-07-24T21:47:28Z'),('266','02','2024','1','68412','05/02/2024','','23','2025-07-24T21:47:28Z','2025-07-24T21:47:28Z'),('267','03','2024','0','87448','','','23','2025-07-24T21:47:28Z','2025-07-24T21:47:28Z'),('268','04','2024','1','79888','05/04/2024','','23','2025-07-24T21:47:29Z','2025-07-24T21:47:29Z'),('269','05','2024','1','63133','05/05/2024','','23','2025-07-24T21:47:29Z','2025-07-24T21:47:29Z'),('270','06','2024','0','61156','','','23','2025-07-24T21:47:29Z','2025-07-24T21:47:29Z'),('271','07','2024','1','80200','05/07/2024','','23','2025-07-24T21:47:30Z','2025-07-24T21:47:30Z'),('272','08','2024','1','78026','05/08/2024','','23','2025-07-24T21:47:30Z','2025-07-24T21:47:30Z'),('273','09','2024','1','90879','05/09/2024','','23','2025-07-24T21:47:31Z','2025-07-24T21:47:31Z'),('274','10','2024','0','89018','','','23','2025-07-24T21:47:31Z','2025-07-24T21:47:31Z'),('275','11','2024','1','79454','05/11/2024','','23','2025-07-24T21:47:31Z','2025-07-24T21:47:31Z'),('276','12','2024','1','53513','05/12/2024','','23','2025-07-24T21:47:32Z','2025-07-24T21:47:32Z'),('277','01','2024','1','66871','05/01/2024','','24','2025-07-24T21:47:32Z','2025-07-24T21:47:32Z'),('278','02','2024','1','68390','05/02/2024','','24','2025-07-24T21:47:32Z','2025-07-24T21:47:32Z'),('279','03','2024','1','53159','05/03/2024','','24','2025-07-24T21:47:33Z','2025-07-24T21:47:33Z'),('280','04','2024','0','57416','','','24','2025-07-24T21:47:33Z','2025-07-24T21:47:33Z'),('281','05','2024','1','95107','05/05/2024','','24','2025-07-24T21:47:33Z','2025-07-24T21:47:33Z'),('282','06','2024','1','79536','05/06/2024','','24','2025-07-24T21:47:34Z','2025-07-24T21:47:34Z'),('283','07','2024','1','84473','05/07/2024','','24','2025-07-24T21:47:34Z','2025-07-24T21:47:34Z'),('284','08','2024','1','76758','05/08/2024','','24','2025-07-24T21:47:34Z','2025-07-24T21:47:34Z'),('285','09','2024','1','99157','05/09/2024','','24','2025-07-24T21:47:35Z','2025-07-24T21:47:35Z'),('286','10','2024','1','71581','05/10/2024','','24','2025-07-24T21:47:35Z','2025-07-24T21:47:35Z'),('287','11','2024','1','65053','05/11/2024','','24','2025-07-24T21:47:35Z','2025-07-24T21:47:35Z'),('288','12','2024','1','99204','05/12/2024','','24','2025-07-24T21:47:36Z','2025-07-24T21:47:36Z'),('289','01','2024','1','58971','05/01/2024','','25','2025-07-24T21:47:36Z','2025-07-24T21:47:36Z'),('290','02','2024','1','82802','05/02/2024','','25','2025-07-24T21:47:37Z','2025-07-24T21:47:37Z'),('291','03','2024','1','82450','05/03/2024','','25','2025-07-24T21:47:37Z','2025-07-24T21:47:37Z'),('292','04','2024','1','90559','05/04/2024','','25','2025-07-24T21:47:37Z','2025-07-24T21:47:37Z'),('293','05','2024','1','77203','05/05/2024','','25','2025-07-24T21:47:38Z','2025-07-24T21:47:38Z'),('294','06','2024','1','95229','05/06/2024','','25','2025-07-24T21:47:38Z','2025-07-24T21:47:38Z'),('295','07','2024','1','93745','05/07/2024','','25','2025-07-24T21:47:38Z','2025-07-24T21:47:38Z'),('296','08','2024','1','70323','05/08/2024','','25','2025-07-24T21:47:39Z','2025-07-24T21:47:39Z'),('297','09','2024','1','56492','05/09/2024','','25','2025-07-24T21:47:39Z','2025-07-24T21:47:39Z'),('298','10','2024','1','62520','05/10/2024','','25','2025-07-24T21:47:39Z','2025-07-24T21:47:39Z'),('299','11','2024','1','66593','05/11/2024','','25','2025-07-24T21:47:40Z','2025-07-24T21:47:40Z'),('300','12','2024','1','98602','05/12/2024','','25','2025-07-24T21:47:40Z','2025-07-24T21:47:40Z'),('301','01','2024','1','93129','05/01/2024','','26','2025-07-24T21:47:40Z','2025-07-24T21:47:40Z'),('302','02','2024','1','85735','05/02/2024','','26','2025-07-24T21:47:41Z','2025-07-24T21:47:41Z'),('303','03','2024','1','79119','05/03/2024','','26','2025-07-24T21:47:41Z','2025-07-24T21:47:41Z'),('304','04','2024','1','62260','05/04/2024','','26','2025-07-24T21:47:41Z','2025-07-24T21:47:41Z'),('305','05','2024','1','69087','05/05/2024','','26','2025-07-24T21:47:42Z','2025-07-24T21:47:42Z'),('306','06','2024','1','97164','05/06/2024','','26','2025-07-24T21:47:42Z','2025-07-24T21:47:42Z'),('307','07','2024','1','84664','05/07/2024','','26','2025-07-24T21:47:42Z','2025-07-24T21:47:42Z'),('308','08','2024','1','96876','05/08/2024','','26','2025-07-24T21:47:43Z','2025-07-24T21:47:43Z'),('309','09','2024','1','85120','05/09/2024','','26','2025-07-24T21:47:43Z','2025-07-24T21:47:43Z'),('310','10','2024','1','56711','05/10/2024','','26','2025-07-24T21:47:44Z','2025-07-24T21:47:44Z'),('311','11','2024','1','70568','05/11/2024','','26','2025-07-24T21:47:44Z','2025-07-24T21:47:44Z'),('312','12','2024','0','75961','','','26','2025-07-24T21:47:44Z','2025-07-24T21:47:44Z'),('313','01','2024','1','54400','05/01/2024','','27','2025-07-24T21:47:45Z','2025-07-24T21:47:45Z'),('314','02','2024','1','56932','05/02/2024','','27','2025-07-24T21:47:45Z','2025-07-24T21:47:45Z'),('315','03','2024','1','98166','05/03/2024','','27','2025-07-24T21:47:45Z','2025-07-24T21:47:45Z'),('316','04','2024','1','68671','05/04/2024','','27','2025-07-24T21:47:46Z','2025-07-24T21:47:46Z'),('317','05','2024','1','61795','05/05/2024','','27','2025-07-24T21:47:46Z','2025-07-24T21:47:46Z'),('318','06','2024','1','60739','05/06/2024','','27','2025-07-24T21:47:46Z','2025-07-24T21:47:46Z'),('319','07','2024','1','73400','05/07/2024','','27','2025-07-24T21:47:47Z','2025-07-24T21:47:47Z'),('320','08','2024','0','75552','','','27','2025-07-24T21:47:47Z','2025-07-24T21:47:47Z'),('321','09','2024','1','81909','05/09/2024','','27','2025-07-24T21:47:47Z','2025-07-24T21:47:47Z'),('322','10','2024','1','73049','05/10/2024','','27','2025-07-24T21:47:48Z','2025-07-24T21:47:48Z'),('323','11','2024','1','71867','05/11/2024','','27','2025-07-24T21:47:48Z','2025-07-24T21:47:48Z'),('324','12','2024','1','97005','05/12/2024','','27','2025-07-24T21:47:48Z','2025-07-24T21:47:48Z'),('325','01','2024','1','73477','05/01/2024','','28','2025-07-24T21:47:49Z','2025-07-24T21:47:49Z'),('326','02','2024','1','96499','05/02/2024','','28','2025-07-24T21:47:49Z','2025-07-24T21:47:49Z'),('327','03','2024','1','61866','05/03/2024','','28','2025-07-24T21:47:49Z','2025-07-24T21:47:49Z'),('328','04','2024','1','51666','05/04/2024','','28','2025-07-24T21:47:50Z','2025-07-24T21:47:50Z'),('329','05','2024','1','66654','05/05/2024','','28','2025-07-24T21:47:50Z','2025-07-24T21:47:50Z'),('330','06','2024','1','84955','05/06/2024','','28','2025-07-24T21:47:50Z','2025-07-24T21:47:50Z'),('331','07','2024','1','65157','05/07/2024','','28','2025-07-24T21:47:51Z','2025-07-24T21:47:51Z'),('332','08','2024','1','75005','05/08/2024','','28','2025-07-24T21:47:51Z','2025-07-24T21:47:51Z'),('333','09','2024','1','59038','05/09/2024','','28','2025-07-24T21:47:52Z','2025-07-24T21:47:52Z'),('334','10','2024','1','51443','05/10/2024','','28','2025-07-24T21:47:52Z','2025-07-24T21:47:52Z'),('335','11','2024','1','99442','05/11/2024','','28','2025-07-24T21:47:52Z','2025-07-24T21:47:52Z'),('336','12','2024','1','65248','05/12/2024','','28','2025-07-24T21:47:53Z','2025-07-24T21:47:53Z'),('337','01','2024','1','77689','05/01/2024','','29','2025-07-24T21:47:53Z','2025-07-24T21:47:53Z'),('338','02','2024','1','92333','05/02/2024','','29','2025-07-24T21:47:53Z','2025-07-24T21:47:53Z'),('339','03','2024','1','86325','05/03/2024','','29','2025-07-24T21:47:54Z','2025-07-24T21:47:54Z'),('340','04','2024','1','63482','05/04/2024','','29','2025-07-24T21:47:54Z','2025-07-24T21:47:54Z'),('341','05','2024','1','66754','05/05/2024','','29','2025-07-24T21:47:54Z','2025-07-24T21:47:54Z'),('342','06','2024','1','85860','05/06/2024','','29','2025-07-24T21:47:55Z','2025-07-24T21:47:55Z'),('343','07','2024','1','62761','05/07/2024','','29','2025-07-24T21:47:55Z','2025-07-24T21:47:55Z'),('344','08','2024','1','64370','05/08/2024','','29','2025-07-24T21:47:55Z','2025-07-24T21:47:55Z'),('345','09','2024','1','77782','05/09/2024','','29','2025-07-24T21:47:56Z','2025-07-24T21:47:56Z'),('346','10','2024','1','95409','05/10/2024','','29','2025-07-24T21:47:56Z','2025-07-24T21:47:56Z'),('347','11','2024','1','97778','05/11/2024','','29','2025-07-24T21:47:56Z','2025-07-24T21:47:56Z'),('348','12','2024','1','83729','05/12/2024','','29','2025-07-24T21:47:57Z','2025-07-24T21:47:57Z'),('349','01','2024','0','66973','','','30','2025-07-24T21:47:57Z','2025-07-24T21:47:57Z'),('350','02','2024','0','60258','','','30','2025-07-24T21:47:57Z','2025-07-24T21:47:57Z'),('351','03','2024','1','93995','05/03/2024','','30','2025-07-24T21:47:58Z','2025-07-24T21:47:58Z'),('352','04','2024','1','91693','05/04/2024','','30','2025-07-24T21:47:58Z','2025-07-24T21:47:58Z'),('353','05','2024','1','65763','05/05/2024','','30','2025-07-24T21:47:59Z','2025-07-24T21:47:59Z'),('354','06','2024','1','69956','05/06/2024','','30','2025-07-24T21:47:59Z','2025-07-24T21:47:59Z'),('355','07','2024','1','84405','05/07/2024','','30','2025-07-24T21:47:59Z','2025-07-24T21:47:59Z'),('356','08','2024','1','88507','05/08/2024','','30','2025-07-24T21:48:00Z','2025-07-24T21:48:00Z'),('357','09','2024','1','86942','05/09/2024','','30','2025-07-24T21:48:00Z','2025-07-24T21:48:00Z'),('358','10','2024','1','88145','05/10/2024','','30','2025-07-24T21:48:00Z','2025-07-24T21:48:00Z'),('359','11','2024','0','83002','','','30','2025-07-24T21:48:01Z','2025-07-24T21:48:01Z'),('360','12','2024','0','96721','','','30','2025-07-24T21:48:01Z','2025-07-24T21:48:01Z'),('361','01','2024','1','64236','05/01/2024','','31','2025-07-24T21:48:01Z','2025-07-24T21:48:01Z'),('362','02','2024','0','56473','','','31','2025-07-24T21:48:02Z','2025-07-24T21:48:02Z'),('363','03','2024','1','74862','05/03/2024','','31','2025-07-24T21:48:02Z','2025-07-24T21:48:02Z'),('364','04','2024','1','67471','05/04/2024','','31','2025-07-24T21:48:02Z','2025-07-24T21:48:02Z'),('365','05','2024','0','68746','','','31','2025-07-24T21:48:03Z','2025-07-24T21:48:03Z'),('366','06','2024','1','93682','05/06/2024','','31','2025-07-24T21:48:03Z','2025-07-24T21:48:03Z'),('367','07','2024','1','62650','05/07/2024','','31','2025-07-24T21:48:03Z','2025-07-24T21:48:03Z'),('368','08','2024','1','91626','05/08/2024','','31','2025-07-24T21:48:04Z','2025-07-24T21:48:04Z'),('369','09','2024','1','66502','05/09/2024','','31','2025-07-24T21:48:04Z','2025-07-24T21:48:04Z'),('370','10','2024','1','93865','05/10/2024','','31','2025-07-24T21:48:04Z','2025-07-24T21:48:04Z'),('371','11','2024','1','62361','05/11/2024','','31','2025-07-24T21:48:05Z','2025-07-24T21:48:05Z'),('372','12','2024','1','89868','05/12/2024','','31','2025-07-24T21:48:05Z','2025-07-24T21:48:05Z'),('373','01','2024','1','52366','05/01/2024','','32','2025-07-24T21:48:06Z','2025-07-24T21:48:06Z'),('374','02','2024','1','84245','05/02/2024','','32','2025-07-24T21:48:06Z','2025-07-24T21:48:06Z'),('375','03','2024','1','94677','05/03/2024','','32','2025-07-24T21:48:06Z','2025-07-24T21:48:06Z'),('376','04','2024','1','50587','05/04/2024','','32','2025-07-24T21:48:07Z','2025-07-24T21:48:07Z'),('377','05','2024','1','56643','05/05/2024','','32','2025-07-24T21:48:07Z','2025-07-24T21:48:07Z'),('378','06','2024','1','96186','05/06/2024','','32','2025-07-24T21:48:07Z','2025-07-24T21:48:07Z'),('379','07','2024','1','53940','05/07/2024','','32','2025-07-24T21:48:08Z','2025-07-24T21:48:08Z'),('380','08','2024','1','70605','05/08/2024','','32','2025-07-24T21:48:08Z','2025-07-24T21:48:08Z'),('381','09','2024','1','81469','05/09/2024','','32','2025-07-24T21:48:08Z','2025-07-24T21:48:08Z'),('382','10','2024','1','88533','05/10/2024','','32','2025-07-24T21:48:09Z','2025-07-24T21:48:09Z'),('383','11','2024','1','51679','05/11/2024','','32','2025-07-24T21:48:09Z','2025-07-24T21:48:09Z'),('384','12','2024','1','52671','05/12/2024','','32','2025-07-24T21:48:09Z','2025-07-24T21:48:09Z'),('385','01','2024','1','58028','05/01/2024','','33','2025-07-24T21:48:10Z','2025-07-24T21:48:10Z'),('386','02','2024','0','55429','','','33','2025-07-24T21:48:10Z','2025-07-24T21:48:10Z'),('387','03','2024','1','79964','05/03/2024','','33','2025-07-24T21:48:10Z','2025-07-24T21:48:10Z'),('388','04','2024','1','78144','05/04/2024','','33','2025-07-24T21:48:11Z','2025-07-24T21:48:11Z'),('389','05','2024','1','91023','05/05/2024','','33','2025-07-24T21:48:11Z','2025-07-24T21:48:11Z'),('390','06','2024','1','58341','05/06/2024','','33','2025-07-24T21:48:12Z','2025-07-24T21:48:12Z'),('391','07','2024','0','57591','','','33','2025-07-24T21:48:12Z','2025-07-24T21:48:12Z'),('392','08','2024','1','61236','05/08/2024','','33','2025-07-24T21:48:12Z','2025-07-24T21:48:12Z'),('393','09','2024','1','94892','05/09/2024','','33','2025-07-24T21:48:13Z','2025-07-24T21:48:13Z'),('394','10','2024','1','96757','05/10/2024','','33','2025-07-24T21:48:13Z','2025-07-24T21:48:13Z'),('395','11','2024','1','88178','05/11/2024','','33','2025-07-24T21:48:13Z','2025-07-24T21:48:13Z'),('396','12','2024','1','67988','05/12/2024','','33','2025-07-24T21:48:14Z','2025-07-24T21:48:14Z'),('409','01','2024','1','51744','05/01/2024','','35','2025-07-24T21:48:18Z','2025-07-24T21:48:18Z'),('410','02','2024','0','66227','','','35','2025-07-24T21:48:19Z','2025-07-24T21:48:19Z'),('411','03','2024','1','77424','05/03/2024','','35','2025-07-24T21:48:19Z','2025-07-24T21:48:19Z'),('412','04','2024','1','74818','05/04/2024','','35','2025-07-24T21:48:19Z','2025-07-24T21:48:19Z'),('413','05','2024','1','55861','05/05/2024','','35','2025-07-24T21:48:20Z','2025-07-24T21:48:20Z'),('414','06','2024','1','95562','05/06/2024','','35','2025-07-24T21:48:20Z','2025-07-24T21:48:20Z'),('415','07','2024','1','99967','05/07/2024','','35','2025-07-24T21:48:20Z','2025-07-24T21:48:20Z'),('416','08','2024','1','85876','05/08/2024','','35','2025-07-24T21:48:21Z','2025-07-24T21:48:21Z'),('417','09','2024','1','67292','05/09/2024','','35','2025-07-24T21:48:21Z','2025-07-24T21:48:21Z'),('418','10','2024','1','85599','05/10/2024','','35','2025-07-24T21:48:21Z','2025-07-24T21:48:21Z'),('419','11','2024','1','79866','05/11/2024','','35','2025-07-24T21:48:22Z','2025-07-24T21:48:22Z'),('420','12','2024','1','79652','05/12/2024','','35','2025-07-24T21:48:22Z','2025-07-24T21:48:22Z'),('433','01','2024','1','95241','05/01/2024','','37','2025-07-24T21:48:27Z','2025-07-24T21:48:27Z'),('434','02','2024','1','58421','05/02/2024','','37','2025-07-24T21:48:27Z','2025-07-24T21:48:27Z'),('435','03','2024','1','84885','05/03/2024','','37','2025-07-24T21:48:27Z','2025-07-24T21:48:27Z'),('436','04','2024','1','65247','05/04/2024','','37','2025-07-24T21:48:28Z','2025-07-24T21:48:28Z'),('437','05','2024','1','86393','05/05/2024','','37','2025-07-24T21:48:28Z','2025-07-24T21:48:28Z'),('438','06','2024','1','65301','05/06/2024','','37','2025-07-24T21:48:28Z','2025-07-24T21:48:28Z'),('439','07','2024','1','76383','05/07/2024','','37','2025-07-24T21:48:29Z','2025-07-24T21:48:29Z'),('440','08','2024','1','78436','05/08/2024','','37','2025-07-24T21:48:29Z','2025-07-24T21:48:29Z'),('441','09','2024','1','77232','05/09/2024','','37','2025-07-24T21:48:29Z','2025-07-24T21:48:29Z'),('442','10','2024','1','76988','05/10/2024','','37','2025-07-24T21:48:30Z','2025-07-24T21:48:30Z'),('443','11','2024','1','87789','05/11/2024','','37','2025-07-24T21:48:30Z','2025-07-24T21:48:30Z'),('444','12','2024','1','80198','05/12/2024','','37','2025-07-24T21:48:30Z','2025-07-24T21:48:30Z'),('445','01','2024','1','52899','05/01/2024','','38','2025-07-24T21:48:31Z','2025-07-24T21:48:31Z'),('446','02','2024','0','85569','','','38','2025-07-24T21:48:31Z','2025-07-24T21:48:31Z'),('447','03','2024','1','79228','05/03/2024','','38','2025-07-24T21:48:31Z','2025-07-24T21:48:31Z'),('448','04','2024','0','99421','','','38','2025-07-24T21:48:32Z','2025-07-24T21:48:32Z'),('449','05','2024','1','92253','05/05/2024','','38','2025-07-24T21:48:32Z','2025-07-24T21:48:32Z'),('450','06','2024','0','85882','','','38','2025-07-24T21:48:33Z','2025-07-24T21:48:33Z'),('451','07','2024','1','54711','05/07/2024','','38','2025-07-24T21:48:33Z','2025-07-24T21:48:33Z'),('452','08','2024','1','61987','05/08/2024','','38','2025-07-24T21:48:33Z','2025-07-24T21:48:33Z'),('453','09','2024','0','56919','','','38','2025-07-24T21:48:34Z','2025-07-24T21:48:34Z'),('454','10','2024','1','90717','05/10/2024','','38','2025-07-24T21:48:34Z','2025-07-24T21:48:34Z'),('455','11','2024','1','95847','05/11/2024','','38','2025-07-24T21:48:34Z','2025-07-24T21:48:34Z'),('456','12','2024','1','73834','05/12/2024','','38','2025-07-24T21:48:35Z','2025-07-24T21:48:35Z'),('457','01','2024','1','90790','05/01/2024','','39','2025-07-24T21:48:35Z','2025-07-24T21:48:35Z'),('458','02','2024','1','81008','05/02/2024','','39','2025-07-24T21:48:35Z','2025-07-24T21:48:35Z'),('459','03','2024','1','50158','05/03/2024','','39','2025-07-24T21:48:36Z','2025-07-24T21:48:36Z'),('460','04','2024','0','88860','','','39','2025-07-24T21:48:36Z','2025-07-24T21:48:36Z'),('461','05','2024','1','74182','05/05/2024','','39','2025-07-24T21:48:36Z','2025-07-24T21:48:36Z'),('462','06','2024','1','74653','05/06/2024','','39','2025-07-24T21:48:37Z','2025-07-24T21:48:37Z'),('463','07','2024','1','79185','05/07/2024','','39','2025-07-24T21:48:37Z','2025-07-24T21:48:37Z'),('464','08','2024','1','86262','05/08/2024','','39','2025-07-24T21:48:37Z','2025-07-24T21:48:37Z'),('465','09','2024','1','89827','05/09/2024','','39','2025-07-24T21:48:38Z','2025-07-24T21:48:38Z'),('466','10','2024','1','83872','05/10/2024','','39','2025-07-24T21:48:38Z','2025-07-24T21:48:38Z'),('467','11','2024','1','82090','05/11/2024','','39','2025-07-24T21:48:38Z','2025-07-24T21:48:38Z'),('468','12','2024','1','68505','05/12/2024','','39','2025-07-24T21:48:39Z','2025-07-24T21:48:39Z'),('469','01','2024','1','92212','05/01/2024','','40','2025-07-24T21:48:39Z','2025-07-24T21:48:39Z'),('470','02','2024','1','84720','05/02/2024','','40','2025-07-24T21:48:40Z','2025-07-24T21:48:40Z'),('471','03','2024','1','67150','05/03/2024','','40','2025-07-24T21:48:40Z','2025-07-24T21:48:40Z'),('472','04','2024','1','67738','05/04/2024','','40','2025-07-24T21:48:40Z','2025-07-24T21:48:40Z'),('473','05','2024','1','83294','05/05/2024','','40','2025-07-24T21:48:41Z','2025-07-24T21:48:41Z'),('474','06','2024','1','84801','05/06/2024','','40','2025-07-24T21:48:41Z','2025-07-24T21:48:41Z'),('475','07','2024','1','67948','05/07/2024','','40','2025-07-24T21:48:41Z','2025-07-24T21:48:41Z'),('476','08','2024','1','87659','05/08/2024','','40','2025-07-24T21:48:42Z','2025-07-24T21:48:42Z'),('477','09','2024','1','76956','05/09/2024','','40','2025-07-24T21:48:42Z','2025-07-24T21:48:42Z'),('478','10','2024','1','81043','05/10/2024','','40','2025-07-24T21:48:42Z','2025-07-24T21:48:42Z'),('479','11','2024','1','94637','05/11/2024','','40','2025-07-24T21:48:43Z','2025-07-24T21:48:43Z'),('480','12','2024','1','74734','05/12/2024','','40','2025-07-24T21:48:43Z','2025-07-24T21:48:43Z'),('481','01','2024','1','56105','05/01/2024','','41','2025-07-24T21:48:43Z','2025-07-24T21:48:43Z'),('482','02','2024','1','77761','05/02/2024','','41','2025-07-24T21:48:44Z','2025-07-24T21:48:44Z'),('483','03','2024','1','56617','05/03/2024','','41','2025-07-24T21:48:44Z','2025-07-24T21:48:44Z'),('484','04','2024','1','91764','05/04/2024','','41','2025-07-24T21:48:44Z','2025-07-24T21:48:44Z'),('485','05','2024','1','53887','05/05/2024','','41','2025-07-24T21:48:45Z','2025-07-24T21:48:45Z'),('486','06','2024','0','60445','','','41','2025-07-24T21:48:45Z','2025-07-24T21:48:45Z'),('487','07','2024','1','52409','05/07/2024','','41','2025-07-24T21:48:45Z','2025-07-24T21:48:45Z'),('488','08','2024','1','76233','05/08/2024','','41','2025-07-24T21:48:46Z','2025-07-24T21:48:46Z'),('489','09','2024','1','90239','05/09/2024','','41','2025-07-24T21:48:46Z','2025-07-24T21:48:46Z'),('490','10','2024','1','94215','05/10/2024','','41','2025-07-24T21:48:47Z','2025-07-24T21:48:47Z'),('491','11','2024','1','58774','05/11/2024','','41','2025-07-24T21:48:47Z','2025-07-24T21:48:47Z'),('492','12','2024','1','94148','05/12/2024','','41','2025-07-24T21:48:47Z','2025-07-24T21:48:47Z'),('493','01','2024','1','55442','05/01/2024','','42','2025-07-24T21:48:48Z','2025-07-24T21:48:48Z'),('494','02','2024','1','61130','05/02/2024','','42','2025-07-24T21:48:48Z','2025-07-24T21:48:48Z'),('495','03','2024','1','67237','05/03/2024','','42','2025-07-24T21:48:48Z','2025-07-24T21:48:48Z'),('496','04','2024','1','65214','05/04/2024','','42','2025-07-24T21:48:49Z','2025-07-24T21:48:49Z'),('497','05','2024','1','55162','05/05/2024','','42','2025-07-24T21:48:49Z','2025-07-24T21:48:49Z'),('498','06','2024','1','90474','05/06/2024','','42','2025-07-24T21:48:49Z','2025-07-24T21:48:49Z'),('499','07','2024','1','83739','05/07/2024','','42','2025-07-24T21:48:50Z','2025-07-24T21:48:50Z'),('500','08','2024','1','76929','05/08/2024','','42','2025-07-24T21:48:50Z','2025-07-24T21:48:50Z'),('501','09','2024','1','55749','05/09/2024','','42','2025-07-24T21:48:50Z','2025-07-24T21:48:50Z'),('502','10','2024','1','63779','05/10/2024','','42','2025-07-24T21:48:51Z','2025-07-24T21:48:51Z'),('503','11','2024','1','84151','05/11/2024','','42','2025-07-24T21:48:51Z','2025-07-24T21:48:51Z'),('504','12','2024','1','51896','05/12/2024','','42','2025-07-24T21:48:51Z','2025-07-24T21:48:51Z'),('505','01','2024','1','85535','05/01/2024','','43','2025-07-24T21:48:52Z','2025-07-24T21:48:52Z'),('506','02','2024','1','99672','05/02/2024','','43','2025-07-24T21:48:52Z','2025-07-24T21:48:52Z'),('507','03','2024','1','85504','05/03/2024','','43','2025-07-24T21:48:52Z','2025-07-24T21:48:52Z'),('508','04','2024','0','54920','','','43','2025-07-24T21:48:53Z','2025-07-24T21:48:53Z'),('509','05','2024','1','73867','05/05/2024','','43','2025-07-24T21:48:53Z','2025-07-24T21:48:53Z'),('510','06','2024','0','85481','','','43','2025-07-24T21:48:54Z','2025-07-24T21:48:54Z'),('511','07','2024','1','67866','05/07/2024','','43','2025-07-24T21:48:54Z','2025-07-24T21:48:54Z'),('512','08','2024','1','88390','05/08/2024','','43','2025-07-24T21:48:54Z','2025-07-24T21:48:54Z'),('513','09','2024','1','60850','05/09/2024','','43','2025-07-24T21:48:55Z','2025-07-24T21:48:55Z'),('514','10','2024','1','80958','05/10/2024','','43','2025-07-24T21:48:55Z','2025-07-24T21:48:55Z'),('515','11','2024','1','94594','05/11/2024','','43','2025-07-24T21:48:55Z','2025-07-24T21:48:55Z'),('516','12','2024','1','67584','05/12/2024','','43','2025-07-24T21:48:56Z','2025-07-24T21:48:56Z'),('517','01','2024','1','92788','05/01/2024','','44','2025-07-24T21:48:56Z','2025-07-24T21:48:56Z'),('518','02','2024','1','97175','05/02/2024','','44','2025-07-24T21:48:56Z','2025-07-24T21:48:56Z'),('519','03','2024','1','50661','05/03/2024','','44','2025-07-24T21:48:57Z','2025-07-24T21:48:57Z'),('520','04','2024','1','85529','05/04/2024','','44','2025-07-24T21:48:57Z','2025-07-24T21:48:57Z'),('521','05','2024','1','53457','05/05/2024','','44','2025-07-24T21:48:57Z','2025-07-24T21:48:57Z'),('522','06','2024','1','53390','05/06/2024','','44','2025-07-24T21:48:58Z','2025-07-24T21:48:58Z'),('523','07','2024','1','86079','05/07/2024','','44','2025-07-24T21:48:58Z','2025-07-24T21:48:58Z'),('524','08','2024','1','61180','05/08/2024','','44','2025-07-24T21:48:58Z','2025-07-24T21:48:58Z'),('525','09','2024','1','71468','05/09/2024','','44','2025-07-24T21:48:59Z','2025-07-24T21:48:59Z'),('526','10','2024','1','50049','05/10/2024','','44','2025-07-24T21:48:59Z','2025-07-24T21:48:59Z'),('527','11','2024','0','84379','','','44','2025-07-24T21:48:59Z','2025-07-24T21:48:59Z'),('528','12','2024','1','51716','05/12/2024','','44','2025-07-24T21:49:00Z','2025-07-24T21:49:00Z'),('529','01','2024','1','97520','05/01/2024','','45','2025-07-24T21:49:00Z','2025-07-24T21:49:00Z'),('530','02','2024','1','67793','05/02/2024','','45','2025-07-24T21:49:01Z','2025-07-24T21:49:01Z'),('531','03','2024','1','63784','05/03/2024','','45','2025-07-24T21:49:01Z','2025-07-24T21:49:01Z'),('532','04','2024','1','78665','05/04/2024','','45','2025-07-24T21:49:01Z','2025-07-24T21:49:01Z'),('533','05','2024','1','58726','05/05/2024','','45','2025-07-24T21:49:02Z','2025-07-24T21:49:02Z'),('534','06','2024','1','76621','05/06/2024','','45','2025-07-24T21:49:02Z','2025-07-24T21:49:02Z'),('535','07','2024','1','70685','05/07/2024','','45','2025-07-24T21:49:02Z','2025-07-24T21:49:02Z'),('536','08','2024','1','56232','05/08/2024','','45','2025-07-24T21:49:03Z','2025-07-24T21:49:03Z'),('537','09','2024','1','53090','05/09/2024','','45','2025-07-24T21:49:03Z','2025-07-24T21:49:03Z'),('538','10','2024','1','76685','05/10/2024','','45','2025-07-24T21:49:03Z','2025-07-24T21:49:03Z'),('539','11','2024','1','88639','05/11/2024','','45','2025-07-24T21:49:04Z','2025-07-24T21:49:04Z'),('540','12','2024','1','54828','05/12/2024','','45','2025-07-24T21:49:04Z','2025-07-24T21:49:04Z'),('541','01','2024','1','96590','05/01/2024','','46','2025-07-24T21:49:04Z','2025-07-24T21:49:04Z'),('542','02','2024','1','91809','05/02/2024','','46','2025-07-24T21:49:05Z','2025-07-24T21:49:05Z'),('543','03','2024','1','78434','05/03/2024','','46','2025-07-24T21:49:05Z','2025-07-24T21:49:05Z'),('544','04','2024','1','63872','05/04/2024','','46','2025-07-24T21:49:05Z','2025-07-24T21:49:05Z'),('545','05','2024','1','55773','05/05/2024','','46','2025-07-24T21:49:06Z','2025-07-24T21:49:06Z'),('546','06','2024','1','77720','05/06/2024','','46','2025-07-24T21:49:06Z','2025-07-24T21:49:06Z'),('547','07','2024','1','67738','05/07/2024','','46','2025-07-24T21:49:06Z','2025-07-24T21:49:06Z'),('548','08','2024','1','53464','05/08/2024','','46','2025-07-24T21:49:07Z','2025-07-24T21:49:07Z'),('549','09','2024','1','72041','05/09/2024','','46','2025-07-24T21:49:07Z','2025-07-24T21:49:07Z'),('550','10','2024','1','83606','05/10/2024','','46','2025-07-24T21:49:08Z','2025-07-24T21:49:08Z'),('551','11','2024','1','89205','05/11/2024','','46','2025-07-24T21:49:08Z','2025-07-24T21:49:08Z'),('552','12','2024','1','91005','05/12/2024','','46','2025-07-24T21:49:08Z','2025-07-24T21:49:08Z'),('553','01','2024','1','95437','05/01/2024','','47','2025-07-24T21:49:09Z','2025-07-24T21:49:09Z'),('554','02','2024','1','72359','05/02/2024','','47','2025-07-24T21:49:09Z','2025-07-24T21:49:09Z'),('555','03','2024','1','86275','05/03/2024','','47','2025-07-24T21:49:09Z','2025-07-24T21:49:09Z'),('556','04','2024','1','51919','05/04/2024','','47','2025-07-24T21:49:10Z','2025-07-24T21:49:10Z'),('557','05','2024','1','71866','05/05/2024','','47','2025-07-24T21:49:10Z','2025-07-24T21:49:10Z'),('558','06','2024','1','75159','05/06/2024','','47','2025-07-24T21:49:10Z','2025-07-24T21:49:10Z'),('559','07','2024','1','52618','05/07/2024','','47','2025-07-24T21:49:11Z','2025-07-24T21:49:11Z'),('560','08','2024','1','65838','05/08/2024','','47','2025-07-24T21:49:11Z','2025-07-24T21:49:11Z'),('561','09','2024','1','92666','05/09/2024','','47','2025-07-24T21:49:11Z','2025-07-24T21:49:11Z'),('562','10','2024','1','77135','05/10/2024','','47','2025-07-24T21:49:12Z','2025-07-24T21:49:12Z'),('563','11','2024','1','79217','05/11/2024','','47','2025-07-24T21:49:12Z','2025-07-24T21:49:12Z'),('564','12','2024','1','76441','05/12/2024','','47','2025-07-24T21:49:12Z','2025-07-24T21:49:12Z'),('565','01','2024','1','67276','05/01/2024','','48','2025-07-24T21:49:13Z','2025-07-24T21:49:13Z'),('566','02','2024','1','72505','05/02/2024','','48','2025-07-24T21:49:13Z','2025-07-24T21:49:13Z'),('567','03','2024','1','57971','05/03/2024','','48','2025-07-24T21:49:13Z','2025-07-24T21:49:13Z'),('568','04','2024','1','81761','05/04/2024','','48','2025-07-24T21:49:14Z','2025-07-24T21:49:14Z'),('569','05','2024','1','54906','05/05/2024','','48','2025-07-24T21:49:14Z','2025-07-24T21:49:14Z'),('570','06','2024','1','81951','05/06/2024','','48','2025-07-24T21:49:15Z','2025-07-24T21:49:15Z'),('571','07','2024','1','53337','05/07/2024','','48','2025-07-24T21:49:15Z','2025-07-24T21:49:15Z'),('572','08','2024','0','57014','','','48','2025-07-24T21:49:15Z','2025-07-24T21:49:15Z'),('573','09','2024','1','54772','05/09/2024','','48','2025-07-24T21:49:16Z','2025-07-24T21:49:16Z'),('574','10','2024','1','72099','05/10/2024','','48','2025-07-24T21:49:16Z','2025-07-24T21:49:16Z'),('575','11','2024','1','74652','05/11/2024','','48','2025-07-24T21:49:16Z','2025-07-24T21:49:16Z'),('576','12','2024','1','67324','05/12/2024','','48','2025-07-24T21:49:17Z','2025-07-24T21:49:17Z'),('577','01','2024','1','50652','05/01/2024','','49','2025-07-24T21:49:17Z','2025-07-24T21:49:17Z'),('578','02','2024','0','85763','','','49','2025-07-24T21:49:17Z','2025-07-24T21:49:17Z'),('579','03','2024','1','80197','05/03/2024','','49','2025-07-24T21:49:18Z','2025-07-24T21:49:18Z'),('580','04','2024','1','86821','05/04/2024','','49','2025-07-24T21:49:18Z','2025-07-24T21:49:18Z'),('581','05','2024','1','53142','05/05/2024','','49','2025-07-24T21:49:18Z','2025-07-24T21:49:18Z'),('582','06','2024','1','99922','05/06/2024','','49','2025-07-24T21:49:19Z','2025-07-24T21:49:19Z'),('583','07','2024','1','95789','05/07/2024','','49','2025-07-24T21:49:19Z','2025-07-24T21:49:19Z'),('584','08','2024','1','93418','05/08/2024','','49','2025-07-24T21:49:19Z','2025-07-24T21:49:19Z'),('585','09','2024','1','68545','05/09/2024','','49','2025-07-24T21:49:20Z','2025-07-24T21:49:20Z'),('586','10','2024','1','98118','05/10/2024','','49','2025-07-24T21:49:20Z','2025-07-24T21:49:20Z'),('587','11','2024','1','56511','05/11/2024','','49','2025-07-24T21:49:20Z','2025-07-24T21:49:20Z'),('588','12','2024','1','85052','05/12/2024','','49','2025-07-24T21:49:21Z','2025-07-24T21:49:21Z'),('589','01','2024','1','55613','05/01/2024','','50','2025-07-24T21:49:21Z','2025-07-24T21:49:21Z'),('590','02','2024','1','84321','05/02/2024','','50','2025-07-24T21:49:22Z','2025-07-24T21:49:22Z'),('591','03','2024','1','55674','05/03/2024','','50','2025-07-24T21:49:22Z','2025-07-24T21:49:22Z'),('592','04','2024','1','94586','05/04/2024','','50','2025-07-24T21:49:22Z','2025-07-24T21:49:22Z'),('593','05','2024','1','50849','05/05/2024','','50','2025-07-24T21:49:23Z','2025-07-24T21:49:23Z'),('594','06','2024','1','66698','05/06/2024','','50','2025-07-24T21:49:23Z','2025-07-24T21:49:23Z'),('595','07','2024','1','91731','05/07/2024','','50','2025-07-24T21:49:23Z','2025-07-24T21:49:23Z'),('596','08','2024','1','61782','05/08/2024','','50','2025-07-24T21:49:24Z','2025-07-24T21:49:24Z'),('597','09','2024','1','76245','05/09/2024','','50','2025-07-24T21:49:24Z','2025-07-24T21:49:24Z'),('598','10','2024','1','63066','05/10/2024','','50','2025-07-24T21:49:24Z','2025-07-24T21:49:24Z'),('599','11','2024','1','98469','05/11/2024','','50','2025-07-24T21:49:25Z','2025-07-24T21:49:25Z'),('600','12','2024','1','55571','05/12/2024','','50','2025-07-24T21:49:25Z','2025-07-24T21:49:25Z'),('601','01','2005','1','123123','12/01/2008','klasdjlkajdslkasjlkads','52','2025-07-25T02:00:23Z','2025-07-25T02:08:56Z'),('602','03','2005','0','31312','05/01/2024','asddas','52','2025-07-25T02:00:35Z','2025-07-25T02:00:35Z'),('604','02','2015','0','1233','12/01/2004','texto aleatorio numero 3101','51','2025-07-25T02:25:30Z','2025-07-25T02:25:30Z'),('610','01','2015','0','1','','','12','2025-08-08T01:53:21Z','2025-08-08T01:53:21Z');

/*!40000 ALTER TABLE PaymentTable ENABLE KEYS */;
UNLOCK TABLES;

--
-- Table structure for table UserTable
--

DROP TABLE IF EXISTS UserTable;
/*!40101 SET @saved_cs_client     = @@character_set_client */;
/*!40101 SET character_set_client = utf8 */;
CREATE TABLE `UserTable` (
  `IdUser` int NOT NULL AUTO_INCREMENT,
  `Username` varchar(20) CHARACTER SET utf8mb4 COLLATE utf8mb4_general_ci DEFAULT NULL,
  `Hash` varchar(100) CHARACTER SET utf8mb4 COLLATE utf8mb4_general_ci DEFAULT NULL,
  `Admin` tinyint(1) DEFAULT NULL,
  `WriteMember` tinyint(1) DEFAULT NULL,
  `DeleteMember` tinyint(1) DEFAULT NULL,
  `WriteEnterprise` tinyint(1) DEFAULT NULL,
  `DeleteEnterprise` tinyint(1) DEFAULT NULL,
  `WriteParent` tinyint(1) DEFAULT NULL,
  `DeleteParent` tinyint(1) DEFAULT NULL,
  `WritePayment` tinyint(1) DEFAULT NULL,
  `DeletePayment` tinyint(1) DEFAULT NULL,
  PRIMARY KEY (`IdUser`)
) ENGINE=InnoDB AUTO_INCREMENT=2 DEFAULT CHARSET=utf8mb4 COLLATE=utf8mb4_general_ci;
/*!40101 SET character_set_client = @saved_cs_client */;
--
-- Dumping data for table UserTable
--

LOCK TABLES UserTable WRITE;
/*!40000 ALTER TABLE UserTable DISABLE KEYS */;

INSERT INTO UserTable VALUES ('1','admin','$2a$14$1M33Z.4EY.lp9nC.unDGmeedJ3vTMVTUdCyObErcY1ofhoT7jKFUy','1','1','1','1','1','1','1','1','1');

/*!40000 ALTER TABLE UserTable ENABLE KEYS */;
UNLOCK TABLES;

-- Dump completed on 2025-08-11 22:08:46.8183463 -0300 -03 m=+64.689565501
