-- Go SQL Dump 0.2.2
--
-- ------------------------------------------------------
-- Server version	8.0.36-28

/*!40101 SET @OLD_CHARACTER_SET_CLIENT=@@CHARACTER_SET_CLIENT */;
/*!40101 SET @OLD_CHARACTER_SET_RESULTS=@@CHARACTER_SET_RESULTS */;
/*!40101 SET @OLD_COLLATION_CONNECTION=@@COLLATION_CONNECTION */;
/*!40101 SET NAMES utf8 */;
/*!40103 SET @OLD_TIME_ZONE=@@TIME_ZONE */;
/*!40103 SET TIME_ZONE='+00:00' */;
/*!40014 SET @OLD_UNIQUE_CHECKS=@@UNIQUE_CHECKS, UNIQUE_CHECKS=0 */;
/*!40014 SET @OLD_FOREIGN_KEY_CHECKS=@@FOREIGN_KEY_CHECKS, FOREIGN_KEY_CHECKS=0 */;
/*!40101 SET @OLD_SQL_MODE=@@SQL_MODE, SQL_MODE='NO_AUTO_VALUE_ON_ZERO' */;
/*!40111 SET @OLD_SQL_NOTES=@@SQL_NOTES, SQL_NOTES=0 */;



--
-- Table structure for table EnterpriseTable
--

DROP TABLE IF EXISTS EnterpriseTable;
/*!40101 SET @saved_cs_client     = @@character_set_client */;
/*!40101 SET character_set_client = utf8 */;
CREATE TABLE `EnterpriseTable` (
  `IdEnterprise` int NOT NULL AUTO_INCREMENT,
  `Name` varchar(255) COLLATE utf8mb4_general_ci DEFAULT NULL,
  `EnterpriseNumber` varchar(50) COLLATE utf8mb4_general_ci DEFAULT NULL,
  `Address` varchar(50) COLLATE utf8mb4_general_ci DEFAULT NULL,
  `Contact` varchar(200) COLLATE utf8mb4_general_ci DEFAULT NULL,
  `CUIT` varchar(50) COLLATE utf8mb4_general_ci DEFAULT NULL,
  `District` varchar(50) COLLATE utf8mb4_general_ci DEFAULT NULL,
  `PostalCode` varchar(10) COLLATE utf8mb4_general_ci DEFAULT NULL,
  `Phone` varchar(50) COLLATE utf8mb4_general_ci DEFAULT NULL,
  `Observations` varchar(1000) COLLATE utf8mb4_general_ci DEFAULT NULL,
  `Created_At` timestamp NULL DEFAULT CURRENT_TIMESTAMP,
  `Updated_At` timestamp NULL DEFAULT CURRENT_TIMESTAMP ON UPDATE CURRENT_TIMESTAMP,
  PRIMARY KEY (`IdEnterprise`),
  UNIQUE KEY `EnterpriseNumber` (`EnterpriseNumber`)
) ENGINE=InnoDB AUTO_INCREMENT=52 DEFAULT CHARSET=utf8mb4 COLLATE=utf8mb4_general_ci;
/*!40101 SET character_set_client = @saved_cs_client */;
--
-- Dumping data for table EnterpriseTable
--

LOCK TABLES EnterpriseTable WRITE;
/*!40000 ALTER TABLE EnterpriseTable DISABLE KEYS */;

INSERT INTO EnterpriseTable VALUES ('1','SIN EMPRESA','POR DEFECTO','POR DEFECTO','POR DEFECTO','POR DEFECTO','POR DEFECTO','0000','POR DEFECTO','POR DEFECTO','2025-06-05T23:20:34Z','2025-06-06T22:12:31Z'),('2','Financiera del Noroeste  S.A.','8950','El Gramillal 4871','1566121946','23-7248387-7','Las Ovejas','5907','1562713199','texto aleatorio numero 631','2025-06-05T23:20:34Z','2025-06-05T23:20:34Z'),('3','FICREA  S.A. de C.V.  S.F.P','1795','Sta. Rosa 4224','1565551309','21-3255958-4','Amaicha del Valle','6843','156738221','texto aleatorio numero 801','2025-06-05T23:20:35Z','2025-06-05T23:20:35Z'),('4','Hospitales del Valle  S.A. de C.V. Forma parte de INCOBIT','8014','Falda del Carmen 4868','1566914890','26-7770350-7','Cervantes','2067','1568034112','texto aleatorio numero 520','2025-06-05T23:20:35Z','2025-06-05T23:20:35Z'),('5','Financiera de Industrias y Construcciones  S.A.','4087','Agustoni 8605','1565131046','27-6040271-7','Villa Udaondo','3594','1562470126','texto aleatorio numero 250','2025-06-05T23:20:35Z','2025-06-05T23:20:35Z'),('6','Jack de Baja  S.A. de C.V.','1503','La Lucila 9493','1564494431','23-4151992-4','Valle Grande','3201','156582565','texto aleatorio numero 832','2025-06-05T23:20:36Z','2025-06-05T23:20:36Z'),('7','Jib Tijuana  S.A. de C.V.','5273','Gral. Pizarro 9125','156458509','21-9884939-4','Tomas M. de Anchorena','2316','1567652051','texto aleatorio numero 302','2025-06-05T23:20:36Z','2025-06-05T23:20:36Z'),('8','Unión de Crédito Empresarial del Bajio  S.A. de C.V.','1289','Cdte. Guacurarí 6552','1563253916','20-4503674-1','San Gregorio','7740','1566173367','texto aleatorio numero 129','2025-06-05T23:20:37Z','2025-06-05T23:20:37Z'),('9','Unión de Crédito Mixta de Zapotlanejo  S.A. de C.V.','3907','Mauá 4043','15624887','23-9924898-5','Lapachito','3216','1561481478','texto aleatorio numero 228','2025-06-05T23:20:37Z','2025-06-05T23:20:37Z'),('10','Unión de Crédito de Empresarios de Tlaxcala  S.A. de C.V.','6767','Cuchillo-Có 6887','1565999','27-1751285-2','Irazusta','7576','1564981650','texto aleatorio numero 724','2025-06-05T23:20:37Z','2025-06-05T23:20:37Z'),('11','Unión de Crédito Mixto de Importadores y Exportadores  S.A. de C.V.','7319','Tupungato 7823','1568826008','26-3610507-6','Itatí','4356','1565953177','texto aleatorio numero 644','2025-06-05T23:20:38Z','2025-06-05T23:20:38Z'),('12','Financiera de León  S.A.','5299','Comodoro Rivadavia 9477','156342349','23-9762159-7','Real Sayana','2285','1568522966','texto aleatorio numero 27','2025-06-05T23:20:38Z','2025-06-05T23:20:38Z'),('13','Unión de Crédito para la Mujer Empresaria  S.A. de C.V.','2867','Reducción 460','156477071','28-3476825-4','Animaná','1886','156653859','texto aleatorio numero 648','2025-06-05T23:20:38Z','2025-06-05T23:20:38Z'),('14','Autobuses Urbanos Unión de Crédito  S.A .de C.V.','1554','Valle de Anisacate 8280','1562598929','26-2591112-6','Mar del Tuyú','5456','1569145082','texto aleatorio numero 747','2025-06-05T23:20:39Z','2025-06-05T23:20:39Z'),('15','Banco de Crédito Rural del Pacífico Sur  S.N.C.','4066','Villa Trinidad 8134','1567900364','23-7603768-8','El Arazá','7607','156566515','texto aleatorio numero 786','2025-06-05T23:20:39Z','2025-06-05T23:20:39Z'),('16','Unión de Crédito del Estado de Michoacán  S.A. de C.V.','1412','Nueve de Julio 8048','1569056708','21-3156137-8','Yerba Buena (S)','4972','1567660653','texto aleatorio numero 952','2025-06-05T23:20:39Z','2025-06-05T23:20:39Z'),('17','Sociedad Financiera Mercantil  S.A.','4026','Gdor. Mansilla 2294','1565948792','22-6602930-1','Aldea Asunción','2637','1562024138','texto aleatorio numero 412','2025-06-05T23:20:40Z','2025-06-05T23:20:40Z'),('18','Grupo Financiero Asemex Banpaís  S.A. de C.V.','2668','Villa Ballester 6349','1561925257','21-6019057-8','Villa de Soto','2944','1564506950','texto aleatorio numero 59','2025-06-05T23:20:40Z','2025-06-05T23:20:40Z'),('19','Factormex  S.A. de C.V.','7811','Distrito 6º 7761','1568482994','23-7381086-3','Ing. Luiggi','1565','1564067066','texto aleatorio numero 996','2025-06-05T23:20:40Z','2025-06-05T23:20:40Z'),('20','Establo Lechero Puerto Rico','6574','Payogasta 2866','1566188771','25-2688355-6','La Criolla','1789','1561090766','texto aleatorio numero 543','2025-06-05T23:20:41Z','2025-06-05T23:20:41Z'),('21','Mexicana de Tecnología S.A. de C.V.','3880','Hugentobler 1051','1561078487','23-6712787-4','Balvanera','6667','1567284746','texto aleatorio numero 616','2025-06-05T23:20:41Z','2025-06-05T23:20:41Z'),('22','Crédito Central Mexicano  S.A.','8513','Frontera 4164','1566699000','28-9418261-4','Arroyo Palo Seco','2318','1568551511','texto aleatorio numero 975','2025-06-05T23:20:41Z','2025-06-05T23:20:41Z'),('23','Distribuidora Auto Centro  S.A. de C.V.','7067','Chamical 445','1568841845','23-4649545-8','Potrero de Los Funes','6194','156990369','texto aleatorio numero 894','2025-06-05T23:20:42Z','2025-06-05T23:20:42Z'),('24','Banco Nacional de Crédito Rural  S.N.C.','4717','La Reforma 4568','1565862602','28-8209891-4','Tortuguitas','3337','15613114','texto aleatorio numero 105','2025-06-05T23:20:42Z','2025-06-05T23:20:42Z'),('26','Unión de Crédito Comercial del Caribe  S.A. de C.V.','8131','Pascanas 487','1564308968','28-4155240-8','Dorrego','1174','1567619895','texto aleatorio numero 766','2025-06-05T23:20:43Z','2025-06-05T23:20:43Z'),('27','Unión de Crédito Mixta del Norte de Zacatecas  S.A. de C.V.','1855','Col. Oficial Nº13 8074','1569993334','22-1570683-5','Bustinza','8268','1562676576','texto aleatorio numero 156','2025-06-05T23:20:43Z','2025-06-05T23:20:43Z'),('28','Unión de Crédito de Cuautitlan Izcalli  S.A. de C.V.','1661','Los Altos 1664','1569517925','26-6073246-8','Gral. Rodríguez','6033','1567403029','texto aleatorio numero 404','2025-06-05T23:20:44Z','2025-06-05T23:20:44Z'),('29','Unión de Crédito Desarrollo Inmobiliario del Pacífico  S.A. de C.V.','8850','El Jagüel 7457','1564257283','26-3262384-1','Mojones N.','8651','15699299','texto aleatorio numero 88','2025-06-05T23:20:44Z','2025-06-05T23:20:44Z'),('30','Financiera del Noroeste  S.A.','4348','Capital 3844','1565995665','24-9007295-6','Alta Gracia','3686','15675031','texto aleatorio numero 701','2025-06-05T23:20:44Z','2025-06-05T23:20:44Z'),('31','Unión de Crédito Ganadera e Industrial de Nayarit  S.A. de C.V.','5773','Puerta de Corral 8122','156744112','26-6068341-2','Juan de Garay','2025','1569216086','texto aleatorio numero 245','2025-06-05T23:20:45Z','2025-06-05T23:20:45Z'),('32','Unión de Crédito de la Industria y el Comercio  S.A. de C.V.','3052','Pozo del Molle 7662','1569720559','22-7284789-4','Pacheco De Melo','4763','1563504280','texto aleatorio numero 339','2025-06-05T23:20:45Z','2025-06-05T23:20:45Z'),('33','Credicaja  Sociedad de Ahorro y Préstamo','3344','Villa Huidobro 3730','1564403253','28-6055132-8','Villa Domínguez','5057','1565548201','texto aleatorio numero 259','2025-06-05T23:20:45Z','2025-06-05T23:20:45Z'),('34','Sociedad Financiera Mercantil  S.A.','7917','Villa Centenario 2736','1569891058','23-9610093-7','Perugorría','2980','1562413384','texto aleatorio numero 642','2025-06-05T23:20:46Z','2025-06-05T23:20:46Z'),('35','Unión de Crédito del Noroeste S.A. de C.V.','5300','La Cumbrecita 2930','1563961957','23-2227950-7','Albardón','1264','1561026050','texto aleatorio numero 768','2025-06-05T23:20:46Z','2025-06-05T23:20:46Z'),('36','Unión de Crédito Mixta del Istmo  S.A. de C.V.','2526','Rincón del Gato 4557','1568182899','27-7360461-8','La Punilla','3963','1567937052','texto aleatorio numero 665','2025-06-05T23:20:46Z','2025-06-05T23:20:46Z'),('37','Lualti  S.A de C.V.','4786','Gato Colorado 3680','1566873515','21-1852351-1','Corralito','7567','1567149598','texto aleatorio numero 955','2025-06-05T23:20:47Z','2025-06-05T23:20:47Z'),('38','La Chula de México  S.A. de C.V.','3663','Dr. R. Rojas 2809','1569214299','23-8098856-7','Alcaraz N.','6957','1568826420','texto aleatorio numero 121','2025-06-05T23:20:47Z','2025-06-05T23:20:47Z'),('39','Caja Mexicana de Fomento CANAFO','3997','Laprida 7930','1567842080','22-5932739-2','Almafuerte','5658','1566966332','texto aleatorio numero 174','2025-06-05T23:20:47Z','2025-06-05T23:20:47Z'),('40','Espectáculos Olimpia  S.A. de C.V.','5712','Villa Larca 9497','1563060072','21-2960906-7','Sta. Clara de Buena Vista','6383','1569533502','texto aleatorio numero 780','2025-06-05T23:20:48Z','2025-06-05T23:20:48Z'),('41','Unión de Crédito de Zihuatanejo Ixtapa  S.A. de C.V.','4000','Ministro Rivadavia 9582','1566919796','21-9068020-1','Aldo Bonzi','8905','1568749687','texto aleatorio numero 744','2025-06-05T23:20:48Z','2025-06-05T23:20:48Z'),('42','Centro Cambiario Morleg  S.A. de C.V.','5766','Perito Moreno 5246','1565321682','20-3000406-1','Los Molles','5181','1569180869','texto aleatorio numero 956','2025-06-05T23:20:49Z','2025-06-05T23:20:49Z'),('43','Unión de Crédito Mixta Plan Puebla  S.A. de C.V.','2523','El Trébol 1090','1561351610','20-4775635-6','Sagrada Familia','4643','1562483371','texto aleatorio numero 326','2025-06-05T23:20:49Z','2025-06-05T23:20:49Z'),('44','Unión de Crédito Crediyama  S.A. de C.V.','3807','Pereyra 8831','1563190250','26-8476539-4','Trenel','7101','1562541416','texto aleatorio numero 453','2025-06-05T23:20:49Z','2025-06-05T23:20:49Z'),('45','Laboratorios Ttokkyo  S.A. de C.V.','4196','Pozo del Molle 5449','1564131611','21-2128202-1','Humberto 1º','6601','1561708463','texto aleatorio numero 572','2025-06-05T23:20:50Z','2025-06-05T23:20:50Z'),('46','Unión de Crédito Mixta De Pinos  S.A. de C.V.','4448','Sagrada Familia 1562','1564895449','25-5799161-1','Selva','1019','1564584607','texto aleatorio numero 825','2025-06-05T23:20:50Z','2025-06-05T23:20:50Z'),('47','Unión de Crédito del Noroeste S.A. de C.V.','2227','Quimilí 4858','1566602207','24-8407362-6','Río Bamba','3469','1568465395','texto aleatorio numero 929','2025-06-05T23:20:50Z','2025-06-05T23:20:50Z'),('48','Doricor  S.A. de C.V.','8854','Paso del Rey 1215','1569420957','23-9231404-5','Río Piedras','5572','156857054','texto aleatorio numero 277','2025-06-05T23:20:51Z','2025-06-05T23:20:51Z'),('49','Cooperativa de Producción Rural Emmanuel  S.C. de R.L. Grupo JOV','1631','Villa La Bolsa 4837','1567606055','28-8759495-3','Costa Uruguay N.','7755','1565197235','texto aleatorio numero 461','2025-06-05T23:20:51Z','2025-06-05T23:20:51Z'),('50','Unión de Crédito Desarrollo Inmobiliario del Pacífico  S.A. de C.V.','4601','Arroyo Barú 1176','1569697216','23-1590059-8','Bouquet','8909','1568795886','texto aleatorio numero 134','2025-06-05T23:20:51Z','2025-06-05T23:20:51Z'),('51','Unión de Crédito de Fomento Latinoamericano  S.A. de C.V.','1357','Huinganco 1777','1563711240','28-4643549-7','Nueva 7','5634','1566303948','texto aleatorio numero 479','2025-06-05T23:20:52Z','2025-06-05T23:20:52Z');

/*!40000 ALTER TABLE EnterpriseTable ENABLE KEYS */;
UNLOCK TABLES;

--
-- Table structure for table MemberTable
--

DROP TABLE IF EXISTS MemberTable;
/*!40101 SET @saved_cs_client     = @@character_set_client */;
/*!40101 SET character_set_client = utf8 */;
CREATE TABLE `MemberTable` (
  `IdMember` int NOT NULL AUTO_INCREMENT,
  `Name` varchar(100) COLLATE utf8mb4_general_ci NOT NULL,
  `LastName` varchar(50) COLLATE utf8mb4_general_ci NOT NULL,
  `DNI` varchar(50) COLLATE utf8mb4_general_ci NOT NULL,
  `Birthday` varchar(50) COLLATE utf8mb4_general_ci NOT NULL,
  `Gender` varchar(50) COLLATE utf8mb4_general_ci NOT NULL,
  `MaritalStatus` varchar(50) COLLATE utf8mb4_general_ci NOT NULL,
  `Phone` varchar(50) COLLATE utf8mb4_general_ci NOT NULL,
  `Email` varchar(50) COLLATE utf8mb4_general_ci DEFAULT NULL,
  `Address` varchar(50) COLLATE utf8mb4_general_ci NOT NULL,
  `PostalCode` varchar(10) COLLATE utf8mb4_general_ci NOT NULL,
  `District` varchar(50) COLLATE utf8mb4_general_ci NOT NULL,
  `MemberNumber` varchar(50) COLLATE utf8mb4_general_ci NOT NULL,
  `Affiliated` tinyint(1) NOT NULL DEFAULT '1',
  `CUIL` varchar(50) COLLATE utf8mb4_general_ci NOT NULL,
  `IdEnterprise` int DEFAULT NULL,
  `Category` varchar(100) COLLATE utf8mb4_general_ci NOT NULL,
  `EntryDate` varchar(50) COLLATE utf8mb4_general_ci NOT NULL,
  `Observations` varchar(1000) COLLATE utf8mb4_general_ci DEFAULT NULL,
  `CreatedAt` timestamp NULL DEFAULT CURRENT_TIMESTAMP,
  `UpdatedAt` timestamp NULL DEFAULT CURRENT_TIMESTAMP ON UPDATE CURRENT_TIMESTAMP,
  PRIMARY KEY (`IdMember`),
  KEY `IdEnterprise` (`IdEnterprise`),
  CONSTRAINT `MemberTable_ibfk_1` FOREIGN KEY (`IdEnterprise`) REFERENCES `EnterpriseTable` (`IdEnterprise`) ON DELETE SET NULL
) ENGINE=InnoDB AUTO_INCREMENT=201 DEFAULT CHARSET=utf8mb4 COLLATE=utf8mb4_general_ci;
/*!40101 SET character_set_client = @saved_cs_client */;
--
-- Dumping data for table MemberTable
--

LOCK TABLES MemberTable WRITE;
/*!40000 ALTER TABLE MemberTable DISABLE KEYS */;

INSERT INTO MemberTable VALUES ('1','Lucas','Lozano','17327017','1965/01/22','Masculino','Viudo','1562804223','LucasLozano65@gmail.com','Carolina 7621','5320','Faustino M. Parera','2301534369','1','20-17327017-6','17','Nivel 2: Oficial Especializado','1995/09/05','texto aleatorio numero 993','2025-06-05T23:37:11Z','2025-06-05T23:37:11Z'),('2','Remedios','Ortega','7211499','1950/11/07','Femenino','Separado','1562688029','RemediosOrtega50@gmail.com','Arteaga 3595','7282','Godoy','2225101212','1','27-7211499-7','24','Nivel 1: Oficial Múltiple','1983/02/10','texto aleatorio numero 522','2025-06-05T23:37:12Z','2025-06-05T23:37:12Z'),('3','Hildegarda','Cruz','20593608','1969/08/25','Femenino','Viudo','1566618870','HildegardaCruz69@gmail.com','Quitilipi 4065','3782','Capitan Gral B. O´Higgins','6151799625','1','25-20593608-1','37','Nivel 2: Oficial Especializado','2003/06/01','texto aleatorio numero 898','2025-06-05T23:37:12Z','2025-06-05T23:37:12Z'),('4','Oriol','Roman','34061474','1988/07/26','Masculino','Soltero','1569632902','OriolRoman88@gmail.com','Las Bandurrias 8777','3257','Maipú','8535667083','1','26-34061474-4','34','Nivel 4: Medio Oficial','2024/05/18','texto aleatorio numero 311','2025-06-05T23:37:12Z','2025-06-05T23:37:12Z'),('5','Cesareo','Blanco','13082008','1959/02/05','Masculino','Separado','1567236015','CesareoBlanco59@gmail.com','José Ingenieros 3406','8778','Betbeder','8179300548','1','28-13082008-3','31','Nivel 1: Oficial Múltiple','1989/11/20','texto aleatorio numero 58','2025-06-05T23:37:13Z','2025-06-05T23:37:13Z'),('6','Clotilde','Herrero','27514649','1979/05/16','Femenino','Soltero','1563126474','ClotildeHerrero79@gmail.com','Ramos Mejía 4225','7869','Pueblo Esther','3173628336','1','22-27514649-1','34','Nivel 3: Oficial General','2024/11/17','texto aleatorio numero 241','2025-06-05T23:37:13Z','2025-06-05T23:37:13Z'),('7','Miguel','Vicente','26633683','1978/02/18','Masculino','Divorciado','1562395360','MiguelVicente78@gmail.com','Chuña 7001','3382','Las Flores','2806258810','1','20-26633683-4','36','Nivel 3: Oficial General','2018/05/07','texto aleatorio numero 191','2025-06-05T23:37:13Z','2025-06-05T23:37:13Z'),('8','Norberto','Cabrera','27421095','1979/03/29','Masculino','Separado','1562022739','NorbertoCabrera79@gmail.com','Caspala 2289','7101','La Candelaria','6122116151','1','20-27421095-4','41','Nivel 3: Oficial General','2006/05/04','texto aleatorio numero 18','2025-06-05T23:37:14Z','2025-06-05T23:37:14Z'),('9','Ascension','Alvarez','9764741','1954/06/09','Femenino','Soltero','1564493404','AscensionAlvarez54@gmail.com','A. Saravia 7647','5784','Luque','3647353693','0','24-9764741-3','44','Nivel 1: Oficial Múltiple','1981/02/26','texto aleatorio numero 496','2025-06-05T23:37:14Z','2025-06-05T23:37:14Z'),('10','Alejandra','Suarez','17907831','1965/11/16','Femenino','Casado','1565957275','AlejandraSuarez65@gmail.com','El Polear 4102','8493','Silvio Pellico','1075028639','1','25-17907831-6','26','Nivel 2: Oficial Especializado','2009/03/25','texto aleatorio numero 416','2025-06-05T23:37:14Z','2025-06-05T23:37:14Z'),('11','Eulalia','Alonso','20780716','1969/11/29','Femenino','Divorciado','1567148970','EulaliaAlonso69@gmail.com','Col. Durán 5067','8016','El Bolsón','174581717','1','21-20780716-6','35','Nivel 2: Oficial Especializado','1995/03/24','texto aleatorio numero 368','2025-06-05T23:37:15Z','2025-06-05T23:37:15Z'),('12','Vicenta','Gallego','37626268','1993/07/29','Femenino','Viudo','1565081518','VicentaGallego93@gmail.com','El Cercado 8785','3997','Aldea Grapschental','5339864818','0','28-37626268-7','26','Nivel 5: Ayudante','2013/01/24','texto aleatorio numero 190','2025-06-05T23:37:15Z','2025-06-05T23:37:15Z'),('13','Anastasia','Cambil','39967065','1996/11/11','Femenino','Separado','1562388125','AnastasiaCambil96@gmail.com','Padre Monti 622','2299','Plaza Huincul','3883021310','1','20-39967065-2','35','Nivel 5: Ayudante','2022/05/02','texto aleatorio numero 677','2025-06-05T23:37:15Z','2025-06-05T23:37:15Z'),('14','Raquel','Pastor','11974953','1957/07/17','Femenino','Viudo','1561799952','RaquelPastor57@gmail.com','Peñas Blancas 2824','1631','Cruz de Los Milagros','9977700690','1','20-11974953-8','47','Nivel 1: Oficial Múltiple','1978/02/27','texto aleatorio numero 720','2025-06-05T23:37:16Z','2025-06-05T23:37:16Z'),('15','Juana','Iglesias','45691396','2004/11/26','Femenino','Separado','1561068859','JuanaIglesias04@gmail.com','Villaguay 4656','8603','Margarita Belén','8713079859','1','28-45691396-3','46','Nivel 6: Operario Act. Industrial','2024/07/21','texto aleatorio numero 146','2025-06-05T23:37:16Z','2025-06-05T23:37:16Z'),('16','Aaron','Medina','24971152','1975/10/19','Masculino','Soltero','1569543120','AaronMedina75@gmail.com','Primero de Mayo 8131','1037','Guardia Mitre','5833298974','1','21-24971152-7','46','Nivel 3: Oficial General','2012/05/11','texto aleatorio numero 271','2025-06-05T23:37:17Z','2025-06-05T23:37:17Z'),('17','Sonia','Bravo','26197098','1977/07/09','Femenino','Divorciado','156152469','SoniaBravo77@gmail.com','Gaboto 4687','5763','Lomas de Zamora','2927749595','1','24-26197098-7','23','Nivel 3: Oficial General','2014/10/23','texto aleatorio numero 553','2025-06-05T23:37:17Z','2025-06-05T23:37:17Z'),('18','Paula','Morales','35468681','1990/07/18','Femenino','Soltero','1567065944','PaulaMorales90@gmail.com','San Carlos N. 6787','1342','San Ignacio','6721801523','1','23-35468681-4','2','Nivel 4: Medio Oficial','2024/05/18','texto aleatorio numero 847','2025-06-05T23:37:17Z','2025-06-05T23:37:17Z'),('19','Matilde','Caballero','18145613','1966/03/18','Femenino','Viudo','1561089697','MatildeCaballero66@gmail.com','Gral. Pico 6655','1401','Sta. Cruz','2772252280','1','25-18145613-1','40','Nivel 2: Oficial Especializado','2006/08/20','texto aleatorio numero 151','2025-06-05T23:37:18Z','2025-06-05T23:37:18Z'),('20','Leon','Molina','27493209','1979/05/05','Masculino','Casado','1569750772','LeonMolina79@gmail.com','Tunuyán 5764','6987','Estanislao Del Campo','7633654884','1','24-27493209-5','32','Nivel 3: Oficial General','2006/08/06','texto aleatorio numero 765','2025-06-05T23:37:18Z','2025-06-05T23:37:18Z'),('21','Alfredo','Hernandez','11503285','1956/11/17','Masculino','Soltero','1562438224','AlfredoHernandez56@gmail.com','Saavedra 4494','1961','Vista Alegre','4369878680','1','26-11503285-4','39','Nivel 1: Oficial Múltiple','1998/03/28','texto aleatorio numero 450','2025-06-05T23:37:18Z','2025-06-05T23:37:18Z'),('22','Lucia','Santos','16755948','1964/04/04','Femenino','Casado','1567260024','LuciaSantos64@gmail.com','San José de Feliciano 5867','2189','Costa San Antonio','8950083365','1','24-16755948-3','9','Nivel 2: Oficial Especializado','1997/08/10','texto aleatorio numero 972','2025-06-05T23:37:19Z','2025-06-05T23:37:19Z'),('23','Celina','Cano','26801300','1978/05/15','Femenino','Divorciado','1565407333','CelinaCano78@gmail.com','Billinghurst 1780','5904','Tapso','7381413450','1','27-26801300-8','7','Nivel 3: Oficial General','2022/07/02','texto aleatorio numero 792','2025-06-05T23:37:19Z','2025-06-05T23:37:19Z'),('24','Zacarias','Marin','19519687','1968/02/21','Masculino','Viudo','1563447756','ZacariasMarin68@gmail.com','Corral Quemado 54','8843','H. Yrigoyen','334481904','1','20-19519687-2','31','Nivel 2: Oficial Especializado','1997/09/10','texto aleatorio numero 745','2025-06-05T23:37:19Z','2025-06-05T23:37:19Z'),('25','Alberto','Martin','7094557','1950/09/08','Masculino','Casado','1567051649','AlbertoMartin50@gmail.com','Tabay 8321','5333','Desvio Arijón','5291219429','1','25-7094557-6','7','Nivel 1: Oficial Múltiple','1983/06/25','texto aleatorio numero 613','2025-06-05T23:37:20Z','2025-06-05T23:37:20Z'),('26','Camilo','Vidal','33502100','1987/10/13','Masculino','Soltero','1563728937','CamiloVidal87@gmail.com','Villa Fiorito 3239','8283','El Rastreador','8837699443','1','23-33502100-8','11','Nivel 4: Medio Oficial','2020/08/28','texto aleatorio numero 99','2025-06-05T23:37:20Z','2025-06-05T23:37:20Z'),('27','Marcial','Rodriguez','8850642','1953/02/25','Masculino','Separado','1561125233','MarcialRodriguez53@gmail.com','Francisco Álvarez 506','5503','Villa Dos Trece','2898487644','1','20-8850642-2','3','Nivel 1: Oficial Múltiple','1980/10/05','texto aleatorio numero 432','2025-06-05T23:37:20Z','2025-06-05T23:37:20Z'),('28','Emilia','Vicente','32282001','1986/01/25','Femenino','Soltero','1567278571','EmiliaVicente86@gmail.com','Quilino 9089','8798','Constitución','2901447921','1','22-32282001-2','48','Nivel 4: Medio Oficial','2018/03/04','texto aleatorio numero 398','2025-06-05T23:37:21Z','2025-06-05T23:37:21Z'),('29','Eva','Marquez','6847029','1950/05/04','Femenino','Soltero','1567236789','EvaMarquez50@gmail.com','Buena Esperanza 7129','3907','Paso de La Arena','373776570','1','22-6847029-4','8','Nivel 1: Oficial Múltiple','1984/06/17','texto aleatorio numero 875','2025-06-05T23:37:21Z','2025-06-05T23:37:21Z'),('30','Angel','Bravo','22868137','1972/11/04','Masculino','Separado','1569187151','AngelBravo72@gmail.com','Icaño 9642','3935','Arizona','3658603495','1','20-22868137-6','39','Nivel 3: Oficial General','2007/07/04','texto aleatorio numero 287','2025-06-05T23:37:21Z','2025-06-05T23:37:21Z'),('31','Pascual','Moya','43512369','2001/11/04','Masculino','Separado','1566431574','PascualMoya01@gmail.com','Arocena 1019','6383','Buena Vista','7820382318','1','23-43512369-3','44','Nivel 6: Operario Act. Industrial','2024/11/14','texto aleatorio numero 593','2025-06-05T23:37:22Z','2025-06-05T23:37:22Z'),('32','Luisa','Campos','6817793','1950/04/19','Femenino','Casado','1563082079','LuisaCampos50@gmail.com','Calte. Cordero 5643','1058','Agua de Oro','5548004434','1','24-6817793-4','27','Nivel 1: Oficial Múltiple','1968/11/14','texto aleatorio numero 55','2025-06-05T23:37:22Z','2025-06-05T23:37:22Z'),('33','Noelia','Moreno','33233132','1987/05/28','Femenino','Separado','1562058958','NoeliaMoreno87@gmail.com','Nicolás Bruzone 688','7616','Vista Alegre','9206988974','1','25-33233132-4','13','Nivel 4: Medio Oficial','2008/02/07','texto aleatorio numero 852','2025-06-05T23:37:23Z','2025-06-05T23:37:23Z'),('34','Victoria','Fuentes','11017974','1956/03/13','Femenino','Soltero','1561527407','VictoriaFuentes56@gmail.com','Seguí 8154','4878','Gdor. López','7320808824','1','27-11017974-8','17','Nivel 1: Oficial Múltiple','1986/03/22','texto aleatorio numero 742','2025-06-05T23:37:23Z','2025-06-05T23:37:23Z'),('35','Luz','Suarez','9105966','1953/07/06','Masculino','Divorciado','156262247','LuzSuarez53@gmail.com','Esteban Rams 7895','3477','San Bernardo (N.J.)','1799919475','1','24-9105966-2','22','Nivel 1: Oficial Múltiple','1976/07/06','texto aleatorio numero 345','2025-06-05T23:37:23Z','2025-06-05T23:37:23Z'),('36','Elena','Bravo','16943056','1964/07/09','Femenino','Divorciado','1566485152','ElenaBravo64@gmail.com','Don Cristóbal 2ª Sección 1512','8902','Gualeguay','633506269','1','20-16943056-3','35','Nivel 2: Oficial Especializado','2001/10/10','texto aleatorio numero 654','2025-06-05T23:37:24Z','2025-06-05T23:37:24Z'),('37','Fatima','Ortiz','25538322','1976/08/05','Femenino','Soltero','1567852130','FatimaOrtiz76@gmail.com','Miramar 9313','2078','La Cumbre','2978059982','1','24-25538322-6','5','Nivel 3: Oficial General','1995/03/05','texto aleatorio numero 693','2025-06-05T23:37:24Z','2025-06-05T23:37:24Z'),('38','Leoncio','Ferrer','25990499','1977/03/25','Masculino','Separado','1566109899','LeoncioFerrer77@gmail.com','Rueda 6788','8730','Loma Limpia','4598536592','1','21-25990499-5','41','Nivel 3: Oficial General','2014/11/02','texto aleatorio numero 212','2025-06-05T23:37:24Z','2025-06-05T23:37:24Z'),('39','Laura','Blanco','38388343','1994/08/24','Femenino','Casado','1563915158','LauraBlanco94@gmail.com','Acheral 3271','8043','Miguel Torres','3976709316','1','21-38388343-3','1','Nivel 5: Ayudante','2014/09/14','texto aleatorio numero 119','2025-06-05T23:37:25Z','2025-06-05T23:37:25Z'),('40','Lidia','Gonzalez','9558143','1954/02/23','Femenino','Viudo','1561590732','LidiaGonzalez54@gmail.com','Berazategui 1287','3505','Profundidad','8177890193','1','21-9558143-2','42','Nivel 1: Oficial Múltiple','1981/01/09','texto aleatorio numero 988','2025-06-05T23:37:25Z','2025-06-05T23:37:25Z'),('41','Leocadia','Montero','16697477','1964/03/05','Femenino','Divorciado','1563971462','LeocadiaMontero64@gmail.com','Bernardo Larroude 8227','3392','Susana','647344540','1','23-16697477-3','13','Nivel 2: Oficial Especializado','1997/07/14','texto aleatorio numero 650','2025-06-05T23:37:25Z','2025-06-05T23:37:25Z'),('42','Inmaculada','Mendez','24729471','1975/06/17','Femenino','Casado','1567801482','InmaculadaMendez75@gmail.com','Chamical 8423','4829','Cona Niyeu','6224840896','1','22-24729471-5','49','Nivel 3: Oficial General','2012/10/16','texto aleatorio numero 45','2025-06-05T23:37:26Z','2025-06-05T23:37:26Z'),('43','Efren','Parra','33457272','1987/09/20','Masculino','Soltero','1567997065','EfrenParra87@gmail.com','Aldea Sta. Rosa 5593','2451','Lanteri','1499969794','1','25-33457272-3','10','Nivel 4: Medio Oficial','2024/08/05','texto aleatorio numero 55','2025-06-05T23:37:26Z','2025-06-05T23:37:26Z'),('44','Francisca','Mora','23990784','1974/06/03','Femenino','Separado','1564062516','FranciscaMora74@gmail.com','Hipólito Yrigoyen 5923','4326','Monte Chingolo','9464062589','1','22-23990784-5','30','Nivel 3: Oficial General','2011/06/05','texto aleatorio numero 748','2025-06-05T23:37:26Z','2025-06-05T23:37:26Z'),('46','Elisa','Soler','33669717','1988/01/07','Femenino','Divorciado','1561560559','ElisaSoler88@gmail.com','Ñancay 2906','3996','F. Ameghino','1528314833','1','28-33669717-4','48','Nivel 4: Medio Oficial','2024/05/15','texto aleatorio numero 968','2025-06-05T23:37:27Z','2025-06-05T23:37:27Z'),('47','Magdalena','Vicente','6948379','1950/06/25','Femenino','Viudo','1561226238','MagdalenaVicente50@gmail.com','Monte Quemado 4057','4719','4','4858905880','1','27-6948379-2','49','Nivel 1: Oficial Múltiple','1984/07/10','texto aleatorio numero 801','2025-06-05T23:37:27Z','2025-06-05T23:37:27Z'),('48','Juan','Moya','44929321','2003/11/01','Masculino','Viudo','1566239497','JuanMoya03@gmail.com','Capitán Bermúdez 437','1814','Boca','475413603','0','26-44929321-1','22','Nivel 6: Operario Act. Industrial','2024/03/08','texto aleatorio numero 623','2025-06-05T23:37:28Z','2025-06-05T23:37:28Z'),('50','Ana','Pastor','17738264','1965/08/21','Femenino','Divorciado','1568242910','AnaPastor65@gmail.com','Villa San Lorenzo 9869','7191','Los Puestos','4042574194','1','21-17738264-7','46','Nivel 2: Oficial Especializado','1994/02/13','texto aleatorio numero 473','2025-06-05T23:37:28Z','2025-06-05T23:37:28Z'),('51','Matilde','Castro','23945956','1974/05/11','Femenino','Separado','1561983193','MatildeCastro74@gmail.com','Villa del Puente Picún Leuvú 2088','7858','Sierra Colorada','7939153228','0','20-23945956-3','43','Nivel 3: Oficial General','2002/10/30','texto aleatorio numero 113','2025-06-05T23:37:29Z','2025-06-05T23:37:29Z'),('52','Magdalena','Garrido','40237982','1997/03/30','Femenino','Divorciado','1567407385','MagdalenaGarrido97@gmail.com','Río Chico 5421','4733','Villa Trinidad','4274660145','1','21-40237982-7','23','Nivel 5: Ayudante','2018/03/25','texto aleatorio numero 789','2025-06-05T23:37:29Z','2025-06-05T23:37:29Z'),('53','Cayo','Moreno','15935402','1963/02/08','Masculino','Separado','1563685988','CayoMoreno63@gmail.com','Villa Río Hondo 4702','6834','Villa de Soto','5109417896','1','28-15935402-5','34','Nivel 2: Oficial Especializado','2007/10/13','texto aleatorio numero 51','2025-06-05T23:37:30Z','2025-06-05T23:37:30Z'),('54','Ursula','Bravo','41033190','1998/05/12','Femenino','Casado','1562152696','UrsulaBravo98@gmail.com','Ciudad Madero 9788','3648','Aguada San Roque','5114307900','1','26-41033190-2','34','Nivel 5: Ayudante','2023/03/26','texto aleatorio numero 143','2025-06-05T23:37:30Z','2025-06-05T23:37:30Z'),('55','Edmundo','Ortega','11624126','1957/01/18','Masculino','Viudo','1564484675','EdmundoOrtega57@gmail.com','Alejo Ledesma 6657','3574','Cdte. Guacurarí','165378283','1','25-11624126-6','20','Nivel 1: Oficial Múltiple','1991/02/17','texto aleatorio numero 670','2025-06-05T23:37:30Z','2025-06-05T23:37:30Z'),('56','Petronila','Sanz','35162682','1990/02/11','Femenino','Casado','1568828532','PetronilaSanz90@gmail.com','Ramallo 7859','2792','San Carlos N.','1919294804','1','23-35162682-3','13','Nivel 4: Medio Oficial','2013/08/27','texto aleatorio numero 810','2025-06-05T23:37:31Z','2025-06-05T23:37:31Z'),('57','Alejandra','Gil','39674709','1996/06/14','Femenino','Divorciado','1569527689','AlejandraGil96@gmail.com','Cafayate 2739','5031','Gdor. Piedrabuena','8049690570','1','27-39674709-8','18','Nivel 5: Ayudante','2024/04/18','texto aleatorio numero 700','2025-06-05T23:37:31Z','2025-06-05T23:37:31Z'),('58','Celina','Lopez','22653743','1972/07/17','Femenino','Divorciado','1568442067','CelinaLopez72@gmail.com','Col. El Simbolar Robles 6759','1315','Carnerillo','567191739','1','27-22653743-4','36','Nivel 3: Oficial General','1999/01/02','texto aleatorio numero 44','2025-06-05T23:37:31Z','2025-06-05T23:37:31Z'),('59','Carina','Hernandez','25583150','1976/08/28','Femenino','Divorciado','1566735521','CarinaHernandez76@gmail.com','Saldán 6089','6201','Colalao del Valle','1463392853','1','27-25583150-3','17','Nivel 3: Oficial General','2020/09/24','texto aleatorio numero 907','2025-06-05T23:37:32Z','2025-06-05T23:37:32Z'),('60','Vicenta','Santos','36289227','1991/09/12','Femenino','Separado','1562083555','VicentaSantos91@gmail.com','Villa Belgrano 7094','6034','La Tigra','6740021580','1','25-36289227-6','34','Nivel 5: Ayudante','2009/05/14','texto aleatorio numero 163','2025-06-05T23:37:32Z','2025-06-05T23:37:32Z'),('61','Aurea','Lopez','36704372','1992/04/12','Femenino','Viudo','1561620929','AureaLopez92@gmail.com','Pdcia. Roque Sáenz Peña 5211','5402','Malbrán','6021552691','0','28-36704372-1','6','Nivel 5: Ayudante','2024/02/21','texto aleatorio numero 596','2025-06-05T23:37:32Z','2025-06-05T23:37:32Z'),('62','Sara','Alonso','16783234','1964/04/18','Femenino','Separado','156720161','SaraAlonso64@gmail.com','La Laguna 4227','3277','Pozo Nuevo','5649116636','1','22-16783234-4','15','Nivel 2: Oficial Especializado','2007/11/15','texto aleatorio numero 819','2025-06-05T23:37:33Z','2025-06-05T23:37:33Z'),('63','Eulalia','Pascual','13212593','1959/04/13','Femenino','Divorciado','1561025427','EulaliaPascual59@gmail.com','Gessler 174','3784','Arroyo Los Patos','72273039','1','27-13212593-6','7','Nivel 1: Oficial Múltiple','2005/03/20','texto aleatorio numero 312','2025-06-05T23:37:33Z','2025-06-05T23:37:33Z'),('64','Alfredo','Carrasco','36201520','1991/07/29','Masculino','Casado','1566281120','AlfredoCarrasco91@gmail.com','El Naranjito 6836','6828','Tres Isletas','1384031292','1','27-36201520-5','43','Nivel 5: Ayudante','2024/02/29','texto aleatorio numero 318','2025-06-05T23:37:33Z','2025-06-05T23:37:33Z'),('65','Porfirio','Dominguez','19038274','1967/06/19','Masculino','Separado','1567428419','PorfirioDominguez67@gmail.com','A. Gonzáles Cháves 2235','1301','Makallé','6411857932','1','27-19038274-3','34','Nivel 2: Oficial Especializado','2012/04/05','texto aleatorio numero 814','2025-06-05T23:37:34Z','2025-06-05T23:37:34Z'),('66','Alonso','Esteban','26335480','1977/09/18','Masculino','Soltero','1563337118','AlonsoEsteban77@gmail.com','Quili Malal 3914','1517','Olaeta','1655132665','1','28-26335480-8','9','Nivel 3: Oficial General','2003/03/20','texto aleatorio numero 942','2025-06-05T23:37:34Z','2025-06-05T23:37:34Z'),('67','Cecilia','Vargas','30284235','1983/04/06','Femenino','Soltero','1563730528','CeciliaVargas83@gmail.com','Ing. Sourdeaux 8839','7547','Arrayanal','6257454935','1','21-30284235-7','34','Nivel 4: Medio Oficial','2024/09/04','texto aleatorio numero 60','2025-06-05T23:37:34Z','2025-06-05T23:37:34Z'),('68','Gregorio','Gomez','22314610','1972/01/25','Masculino','Soltero','1561690431','GregorioGomez72@gmail.com','Carrizales 2545','5936','El Jagüel','8121923658','1','28-22314610-7','29','Nivel 3: Oficial General','2002/01/18','texto aleatorio numero 518','2025-06-05T23:37:35Z','2025-06-05T23:37:35Z'),('69','Belen','Hernandez','26549874','1978/01/06','Femenino','Viudo','1563592460','BelenHernandez78@gmail.com','Gral. Manuel Belgrano 5631','6704','Las Plumas','1008016519','1','27-26549874-1','20','Nivel 3: Oficial General','1998/03/06','texto aleatorio numero 915','2025-06-05T23:37:35Z','2025-06-05T23:37:35Z'),('70','Victorio','Montero','41029292','1998/05/10','Masculino','Separado','1564924289','VictorioMontero98@gmail.com','Mte. Cristo 8822','2709','Cieneguillas','6557895147','1','23-41029292-5','16','Nivel 5: Ayudante','2024/07/28','texto aleatorio numero 259','2025-06-05T23:37:36Z','2025-06-05T23:37:36Z'),('71','Elvira','Ruiz','12132825','1957/10/06','Femenino','Soltero','1568580001','ElviraRuiz57@gmail.com','Villa Berthet 6684','3002','El Arazá','30213370','1','23-12132825-7','12','Nivel 1: Oficial Múltiple','1994/07/22','texto aleatorio numero 986','2025-06-05T23:37:36Z','2025-06-05T23:37:36Z'),('72','Alba','Parra','25181648','1976/02/04','Femenino','Casado','1563868249','AlbaParra76@gmail.com','Taquimilán 2673','7470','Campo Viera','987691605','1','21-25181648-3','27','Nivel 3: Oficial General','2001/01/20','texto aleatorio numero 37','2025-06-05T23:37:36Z','2025-06-05T23:37:36Z'),('73','Beltran','Reyes','37439160','1993/04/24','Masculino','Viudo','1564588247','BeltranReyes93@gmail.com','Junín 1861','1005','Hugentobler','6581584400','1','26-37439160-2','47','Nivel 5: Ayudante','2024/08/02','texto aleatorio numero 146','2025-06-05T23:37:37Z','2025-06-05T23:37:37Z'),('74','Joel','Arias','22912965','1972/11/27','Masculino','Divorciado','1561795874','JoelArias72@gmail.com','Pontevedra 9715','7998','Las Toscas','6137497307','1','23-22912965-2','36','Nivel 3: Oficial General','1999/02/27','texto aleatorio numero 416','2025-06-05T23:37:37Z','2025-06-05T23:37:37Z'),('75','Acacio','Alvarez','20197953','1969/02/03','Masculino','Divorciado','1561361145','AcacioAlvarez69@gmail.com','Cipolletti 7292','2629','Gran Guardia','2587212339','0','21-20197953-8','1','Nivel 2: Oficial Especializado','1990/01/13','texto aleatorio numero 923','2025-06-05T23:37:37Z','2025-06-14T02:20:41Z'),('76','Nicomedes','Campos','10733414','1955/10/19','Masculino','Viudo','1562274818','NicomedesCampos55@gmail.com','Taboada 6288','4618','Mte. Buey','5172029148','1','22-10733414-2','23','Nivel 1: Oficial Múltiple','1988/06/29','texto aleatorio numero 211','2025-06-05T23:37:38Z','2025-06-05T23:37:38Z'),('77','Aurora','Delgado','27526343','1979/05/22','Femenino','Viudo','15619122','AuroraDelgado79@gmail.com','Las Palmeras 1299','3382','Santa Rosa de Leales','3781294750','0','23-27526343-6','7','Nivel 3: Oficial General','2016/08/08','texto aleatorio numero 644','2025-06-05T23:37:38Z','2025-06-05T23:37:38Z'),('78','Nicodemo','Benitez','19278006','1967/10/20','Masculino','Divorciado','1563795957','NicodemoBenitez67@gmail.com','Villa Martelli 765','1553','Las Palmas','2802184528','1','21-19278006-5','33','Nivel 2: Oficial Especializado','2007/10/06','texto aleatorio numero 731','2025-06-05T23:37:38Z','2025-06-05T23:37:38Z'),('79','Vidal','Gallego','8564133','1952/10/01','Femenino','Separado','1569050391','VidalGallego52@gmail.com','Monte 2667','3313','El Redomón','9171821473','1','22-8564133-2','2','Nivel 1: Oficial Múltiple','1986/10/24','texto aleatorio numero 691','2025-06-05T23:37:39Z','2025-06-05T23:37:39Z'),('80','Epifania','Sanchez','30167292','1983/02/05','Femenino','Soltero','1564411280','EpifaniaSanchez83@gmail.com','Villa Ciudad de América 6308','7008','Anchorena','2740068679','0','22-30167292-1','4','Nivel 4: Medio Oficial','2009/10/04','texto aleatorio numero 600','2025-06-05T23:37:39Z','2025-06-05T23:37:39Z'),('81','Margarita','Fernandez','15058334','1961/11/15','Femenino','Casado','156745369','MargaritaFernandez61@gmail.com','Ausonia 5521','5511','Yeso Oeste','7458830909','1','20-15058334-3','46','Nivel 2: Oficial Especializado','2007/10/08','texto aleatorio numero 176','2025-06-05T23:37:39Z','2025-06-05T23:37:39Z'),('82','Baldomero','Flores','15551441','1962/07/26','Masculino','Separado','1562439902','BaldomeroFlores62@gmail.com','La Cocha 4430','7716','Crucecita','564732046','0','25-15551441-7','23','Nivel 2: Oficial Especializado','1987/02/03','texto aleatorio numero 728','2025-06-05T23:37:40Z','2025-06-05T23:37:40Z'),('83','Casio','Esteban','29253192','1981/10/24','Masculino','Casado','1567189192','CasioEsteban81@gmail.com','Florida 6040','8080','Wilde','3899694579','0','28-29253192-7','20','Nivel 4: Medio Oficial','2023/01/07','texto aleatorio numero 425','2025-06-05T23:37:40Z','2025-06-05T23:37:40Z'),('84','Benigno','Castillo','21180269','1970/06/22','Masculino','Divorciado','1568126360','BenignoCastillo70@gmail.com','Yaminué 9640','2059','Malena','8037694383','1','25-21180269-8','13','Nivel 2: Oficial Especializado','1989/01/12','texto aleatorio numero 776','2025-06-05T23:37:40Z','2025-06-05T23:37:40Z'),('85','Nieves','Jimenez','23441155','1973/08/25','Femenino','Viudo','1562645878','NievesJimenez73@gmail.com','Diego de Rojas 1747','7272','Chapuy','6177902830','1','26-23441155-5','28','Nivel 3: Oficial General','2012/05/24','texto aleatorio numero 463','2025-06-05T23:37:41Z','2025-06-05T23:37:41Z'),('86','Benedicto','Gil','18611434','1966/11/12','Masculino','Casado','156961441','BenedictoGil66@gmail.com','Col. Delicia 5828','8003','Las Vertientes','8801939613','1','28-18611434-5','30','Nivel 2: Oficial Especializado','1996/11/05','texto aleatorio numero 595','2025-06-05T23:37:41Z','2025-06-05T23:37:41Z'),('87','Isaac','Cano','35156835','1990/02/08','Masculino','Separado','1564577168','IsaacCano90@gmail.com','Selva 1555','7133','Col. Vicente Aguero','3603572202','1','28-35156835-4','42','Nivel 4: Medio Oficial','2008/10/17','texto aleatorio numero 4','2025-06-05T23:37:42Z','2025-06-05T23:37:42Z'),('88','Enrique','Lozano','18870656','1967/03/25','Masculino','Casado','1564760205','EnriqueLozano67@gmail.com','Aviá Teraí 2515','3102','Arroyo Leyes','4791270522','1','27-18870656-1','2','Nivel 2: Oficial Especializado','1987/01/04','texto aleatorio numero 92','2025-06-05T23:37:42Z','2025-06-05T23:37:42Z'),('89','Honorato','Lopez','10672994','1955/09/18','Masculino','Soltero','1569553758','HonoratoLopez55@gmail.com','Merlo 9955','8487','Sta. Cruz','4902425857','1','25-10672994-2','48','Nivel 1: Oficial Múltiple','1997/10/22','texto aleatorio numero 478','2025-06-05T23:37:42Z','2025-06-05T23:37:42Z'),('90','Renato','Medina','40660924','1997/11/02','Masculino','Viudo','1569254887','RenatoMedina97@gmail.com','Sta. Rosa 1747','3299','Ezeiza','4603296618','1','24-40660924-3','23','Nivel 5: Ayudante','2024/06/17','texto aleatorio numero 40','2025-06-05T23:37:43Z','2025-06-05T23:37:43Z'),('91','Sergio','Navarro','35100312','1990/01/10','Masculino','Viudo','156729584','SergioNavarro90@gmail.com','Juana Koslay 5117','1655','Concepción De La Sierra','650488904','1','24-35100312-3','39','Nivel 4: Medio Oficial','2024/01/30','texto aleatorio numero 631','2025-06-05T23:37:43Z','2025-06-05T23:37:43Z'),('92','Alfonso','Gil','27311949','1979/02/01','Masculino','Viudo','1564044601','AlfonsoGil79@gmail.com','Unión 5748','5376','La Esperanza','5722851844','1','21-27311949-5','36','Nivel 3: Oficial General','2013/04/05','texto aleatorio numero 746','2025-06-05T23:37:43Z','2025-06-05T23:37:43Z'),('93','Tarsicio','Castillo','42457938','2000/05/12','Masculino','Divorciado','1566541448','TarsicioCastillo00@gmail.com','Siete Palmas 189','6872','Saira','5485698891','1','25-42457938-6','49','Nivel 5: Ayudante','2024/06/27','texto aleatorio numero 608','2025-06-05T23:37:44Z','2025-06-05T23:37:44Z'),('94','Oseas','Rodriguez','33398800','1987/08/21','Masculino','Separado','1568683499','OseasRodriguez87@gmail.com','Naschel 3614','5309','La Escondida','6154307821','1','27-33398800-3','16','Nivel 4: Medio Oficial','2024/03/21','texto aleatorio numero 257','2025-06-05T23:37:44Z','2025-06-05T23:37:44Z'),('95','Oseas','Calvo','30124413','1983/01/14','Masculino','Separado','1568605233','OseasCalvo83@gmail.com','Mte. Buey 9114','8994','Serodino','1244970536','1','20-30124413-4','48','Nivel 4: Medio Oficial','2011/08/10','texto aleatorio numero 691','2025-06-05T23:37:44Z','2025-06-05T23:37:44Z'),('96','Romualdo','Saez','16865094','1964/05/30','Masculino','Separado','1566658540','RomualdoSaez64@gmail.com','Col. Bismark 7135','5164','Capayán','8619650187','1','28-16865094-5','22','Nivel 2: Oficial Especializado','2006/11/22','texto aleatorio numero 260','2025-06-05T23:37:45Z','2025-06-05T23:37:45Z'),('97','Amadeo','Caballero','27578967','1979/06/18','Masculino','Casado','1567972568','AmadeoCaballero79@gmail.com','Ramón Castro 8147','2156','Cañadón Seco','1112302240','0','27-27578967-3','1','Nivel 3: Oficial General','2005/05/08','texto aleatorio numero 520','2025-06-05T23:37:45Z','2025-06-18T01:13:08Z'),('98','Magdalena','Delgado','35451140','1990/07/09','Femenino','Divorciado','156970361','MagdalenaDelgado90@gmail.com','Aldea Beleiro 9079','5973','Santa Victoria O.','1349099246','1','27-35451140-1','1','Nivel 4: Medio Oficial','2024/03/24','texto aleatorio numero 23','2025-06-05T23:37:45Z','2025-06-05T23:37:45Z'),('99','Alejandra','Moreno','27458127','1979/04/17','Femenino','Casado','1569499097','AlejandraMoreno79@gmail.com','Santa Victoria E. 5221','8850','Tres Lomas','1935043254','1','28-27458127-2','16','Nivel 3: Oficial General','2021/02/16','texto aleatorio numero 97','2025-06-05T23:37:46Z','2025-06-05T23:37:46Z'),('100','Rosario','Crespo','15888625','1963/01/15','Femenino','Soltero','156137867','RosarioCrespo63@gmail.com','Estancia Grande 6714','5054','Pueblo Brugo','8150937554','1','23-15888625-2','17','Nivel 2: Oficial Especializado','2008/11/29','texto aleatorio numero 87','2025-06-05T23:37:46Z','2025-06-05T23:37:46Z'),('101','Sixto','Crespo','7718249','1951/07/25','Masculino','Divorciado','1567840216','SixtoCrespo51@gmail.com','Monje 7376','4009','Los Sarmientos','2324533349','1','28-7718249-4','19','Nivel 1: Oficial Múltiple','1994/07/02','texto aleatorio numero 650','2025-06-05T23:37:55Z','2025-06-05T23:37:55Z'),('102','Pilar','Fuentes','12317984','1958/01/09','Femenino','Soltero','1565662088','PilarFuentes58@gmail.com','Capitán Solari 838','5492','Veintiocho de Julio','8606001799','0','20-12317984-7','3','Nivel 1: Oficial Múltiple','1998/05/24','texto aleatorio numero 960','2025-06-05T23:37:56Z','2025-06-05T23:37:56Z'),('103','Sofia','Mora','21772777','1971/04/22','Femenino','Casado','1568401621','SofiaMora71@gmail.com','J.J De Urquiza 1533','7961','Aldea Brasilera','5483650737','0','28-21772777-1','34','Nivel 3: Oficial General','2007/03/02','texto aleatorio numero 886','2025-06-05T23:37:56Z','2025-06-05T23:37:56Z'),('104','Gustavo','Lorenzo','24678796','1975/05/22','Masculino','Soltero','1564257215','GustavoLorenzo75@gmail.com','Ordoñez 3589','8439','Coronel Hilario Lagos','6319630883','1','22-24678796-3','49','Nivel 3: Oficial General','1999/03/18','texto aleatorio numero 690','2025-06-05T23:37:57Z','2025-06-05T23:37:57Z'),('105','Jose','Reyes','22185973','1971/11/20','Masculino','Separado','1567884545','JoseReyes71@gmail.com','Avellaneda 2371','7680','Concepción','4180656603','1','26-22185973-3','43','Nivel 3: Oficial General','2001/02/07','texto aleatorio numero 744','2025-06-05T23:37:57Z','2025-06-05T23:37:57Z'),('106','Rocio','Blanco','38729425','1995/02/15','Masculino','Viudo','1563952531','RocioBlanco95@gmail.com','Casa Grande 487','7823','Cañada de Rio Pinto','2092501783','1','27-38729425-1','15','Nivel 5: Ayudante','2021/10/03','texto aleatorio numero 667','2025-06-05T23:37:57Z','2025-06-05T23:37:57Z'),('107','Fabiola','Serrano','37563899','1993/06/27','Femenino','Casado','1567334236','FabiolaSerrano93@gmail.com','Aguas Verdes 9565','1130','Gral. Ramírez','5099416118','1','25-37563899-5','41','Nivel 5: Ayudante','2013/06/11','texto aleatorio numero 555','2025-06-05T23:37:58Z','2025-06-05T23:37:58Z'),('108','Patricia','Sanchez','23612671','1973/11/21','Femenino','Viudo','1566007847','PatriciaSanchez73@gmail.com','Corzuela 813','6431','Nogoyá','3585129177','1','22-23612671-7','4','Nivel 3: Oficial General','1995/04/12','texto aleatorio numero 684','2025-06-05T23:37:58Z','2025-06-05T23:37:58Z'),('109','Aurelia','Ramos','36273634','1991/09/04','Femenino','Divorciado','1569052970','AureliaRamos91@gmail.com','Victoria 3675','7480','Col. Belgrano','5167688669','1','21-36273634-8','4','Nivel 5: Ayudante','2018/03/24','texto aleatorio numero 292','2025-06-05T23:37:58Z','2025-06-05T23:37:58Z'),('110','Jaume','Diaz','16783234','1964/04/18','Masculino','Separado','1563447967','JaumeDiaz64@gmail.com','La Paz 6730','2861','Lamarque','7354330857','1','26-16783234-3','18','Nivel 2: Oficial Especializado','1997/10/10','texto aleatorio numero 547','2025-06-05T23:37:59Z','2025-06-05T23:37:59Z'),('111','Milagros','Rubio','26261416','1977/08/11','Femenino','Divorciado','1566762086','MilagrosRubio77@gmail.com','Tránsito 2178','2294','Cosquín','9009620772','1','27-26261416-7','9','Nivel 3: Oficial General','1996/04/18','texto aleatorio numero 399','2025-06-05T23:37:59Z','2025-06-05T23:37:59Z'),('112','Gema','Ramirez','15467632','1962/06/13','Femenino','Separado','1567805596','GemaRamirez62@gmail.com','Lamarque 6519','6334','Chabás','5599421472','1','28-15467632-3','5','Nivel 2: Oficial Especializado','1981/02/24','texto aleatorio numero 202','2025-06-05T23:37:59Z','2025-06-05T23:37:59Z'),('113','Remedios','Iglesias','36891480','1992/07/17','Femenino','Soltero','1562590980','RemediosIglesias92@gmail.com','Col. Baylina 438','6553','Gregoria Perez De Denis','8274917884','1','20-36891480-4','20','Nivel 5: Ayudante','2024/09/17','texto aleatorio numero 761','2025-06-05T23:38:00Z','2025-06-05T23:38:00Z'),('114','Ildefonso','Montero','8180172','1952/03/18','Masculino','Soltero','156317923','IldefonsoMontero52@gmail.com','Chipauquil 2618','8554','Tristán Suárez','4085879713','1','27-8180172-2','32','Nivel 1: Oficial Múltiple','1979/02/01','texto aleatorio numero 969','2025-06-05T23:38:00Z','2025-06-05T23:38:00Z'),('115','Anastasia','Rey','21080868','1970/05/02','Femenino','Viudo','1565138253','AnastasiaRey70@gmail.com','Gral. Alvear 5305','3760','La Para','4269665531','1','25-21080868-8','7','Nivel 2: Oficial Especializado','1991/04/08','texto aleatorio numero 284','2025-06-05T23:38:00Z','2025-06-05T23:38:00Z'),('116','Marta','Hernandez','44026916','2002/07/26','Femenino','Divorciado','1567408518','MartaHernandez02@gmail.com','Felicia 9953','3528','San Martín de Los Andes','8337881190','1','24-44026916-6','38','Nivel 6: Operario Act. Industrial','2024/03/13','texto aleatorio numero 949','2025-06-05T23:38:01Z','2025-06-05T23:38:01Z'),('117','Rosalia','Esteban','11819030','1957/04/28','Femenino','Viudo','1566531555','RosaliaEsteban57@gmail.com','El Potrero 9523','7545','Valle de Anisacate','7676724187','1','23-11819030-1','41','Nivel 1: Oficial Múltiple','2000/11/29','texto aleatorio numero 463','2025-06-05T23:38:01Z','2025-06-05T23:38:01Z'),('118','Benito','Fuentes','21887770','1971/06/20','Masculino','Separado','1567268132','BenitoFuentes71@gmail.com','Cnel. Arnold 6744','1168','Sta. María N.','7958123859','1','25-21887770-3','40','Nivel 3: Oficial General','2002/07/20','texto aleatorio numero 177','2025-06-05T23:38:01Z','2025-06-05T23:38:01Z'),('119','Roberto','Gallardo','19812043','1968/07/20','Masculino','Soltero','156201018','RobertoGallardo68@gmail.com','Olivos 4383','5706','Posadas','9733897805','1','20-19812043-4','8','Nivel 2: Oficial Especializado','2014/05/08','texto aleatorio numero 92','2025-06-05T23:38:02Z','2025-06-05T23:38:02Z'),('120','Angel','Saez','36682933','1992/04/01','Masculino','Viudo','1561128731','AngelSaez92@gmail.com','Mojones S. 8097','6883','Carapachay','5674119072','1','24-36682933-6','11','Nivel 5: Ayudante','2024/01/08','texto aleatorio numero 282','2025-06-05T23:38:02Z','2025-06-05T23:38:02Z'),('121','Pascual','Vargas','18777102','1967/02/05','Masculino','Soltero','1561970024','PascualVargas67@gmail.com','Ensenada 9081','3027','Soldado Maldonado','2788984372','0','20-18777102-3','37','Nivel 2: Oficial Especializado','1995/01/14','texto aleatorio numero 340','2025-06-05T23:38:03Z','2025-06-05T23:38:03Z'),('122','Celia','Lozano','19948475','1968/09/28','Femenino','Viudo','1562231393','CeliaLozano68@gmail.com','Sol de Julio 814','6939','Itacaruaré','811647922','1','22-19948475-7','22','Nivel 2: Oficial Especializado','2001/08/23','texto aleatorio numero 172','2025-06-05T23:38:03Z','2025-06-05T23:38:03Z'),('123','Beltran','Medina','17878595','1965/11/01','Masculino','Viudo','1566321389','BeltranMedina65@gmail.com','Los Molinos 7130','2570','Col. Ayuí','9004409608','1','23-17878595-5','19','Nivel 2: Oficial Especializado','1988/09/26','texto aleatorio numero 582','2025-06-05T23:38:03Z','2025-06-05T23:38:03Z'),('124','Romualdo','Pastor','40875318','1998/02/20','Masculino','Viudo','156544977','RomualdoPastor98@gmail.com','Hernández 7564','7300','La Francia','6915232626','1','22-40875318-5','1','Nivel 5: Ayudante','2024/06/11','texto aleatorio numero 932','2025-06-05T23:38:04Z','2025-06-05T23:38:04Z'),('125','Mateo','Suarez','26210741','1977/07/16','Masculino','Soltero','1564902871','MateoSuarez77@gmail.com','Nono 4267','8932','Roque Pérez','4359954193','1','24-26210741-1','28','Nivel 3: Oficial General','2014/08/27','texto aleatorio numero 442','2025-06-05T23:38:04Z','2025-06-05T23:38:04Z'),('126','Yolanda','Vidal','45506237','2004/08/23','Femenino','Casado','1561138578','YolandaVidal04@gmail.com','Pampa del Indio 3261','1118','Tricao Malal','8035610923','1','22-45506237-7','27','Nivel 6: Operario Act. Industrial','2024/06/28','texto aleatorio numero 463','2025-06-05T23:38:04Z','2025-06-05T23:38:04Z'),('127','Noelia','Suarez','41779672','1999/05/30','Femenino','Separado','1569342811','NoeliaSuarez99@gmail.com','Coyuco Cochico 4151','7960','Silva','8234184665','1','20-41779672-5','41','Nivel 5: Ayudante','2023/04/07','texto aleatorio numero 645','2025-06-05T23:38:05Z','2025-06-05T23:38:05Z'),('128','Daniel','Cruz','28604162','1980/11/25','Masculino','Viudo','1562014418','DanielCruz80@gmail.com','Col. Durán 6821','7632','Carro Quemado','7983252767','1','26-28604162-7','36','Nivel 3: Oficial General','2002/10/27','texto aleatorio numero 860','2025-06-05T23:38:05Z','2025-06-05T23:38:05Z'),('129','Francisca','Nieto','15654740','1962/09/17','Femenino','Viudo','1565173843','FranciscaNieto62@gmail.com','Paso del Sapo 6347','1718','San Carlos','3564427935','1','25-15654740-2','35','Nivel 2: Oficial Especializado','1989/08/24','texto aleatorio numero 421','2025-06-05T23:38:05Z','2025-06-05T23:38:05Z'),('130','Teodora','Flores','21920904','1971/07/07','Masculino','Soltero','1568027981','TeodoraFlores71@gmail.com','Tezanos Pinto 4074','2962','Abramo','2087179464','1','21-21920904-3','18','Nivel 3: Oficial General','1991/04/25','texto aleatorio numero 623','2025-06-05T23:38:06Z','2025-06-05T23:38:06Z'),('131','Teofila','Gutierrez','39567512','1996/04/20','Femenino','Separado','1561252667','TeofilaGutierrez96@gmail.com','Sauce de Luna 8543','6768','Concepción','9223583358','1','27-39567512-7','42','Nivel 5: Ayudante','2024/07/13','texto aleatorio numero 946','2025-06-05T23:38:06Z','2025-06-05T23:38:06Z'),('132','Irene','Flores','8866234','1953/03/05','Femenino','Viudo','1561885111','IreneFlores53@gmail.com','Gral. Lamadrid 1404','8818','Col. Oficial Nº13','900867901','1','21-8866234-7','9','Nivel 1: Oficial Múltiple','1985/07/27','texto aleatorio numero 43','2025-06-05T23:38:06Z','2025-06-05T23:38:06Z'),('133','Amparo','Fernandez','11016025','1956/03/12','Masculino','Viudo','1565908005','AmparoFernandez56@gmail.com','Piamonte 9414','3851','Esther','3645930761','1','24-11016025-4','43','Nivel 1: Oficial Múltiple','1974/08/20','texto aleatorio numero 109','2025-06-05T23:38:07Z','2025-06-05T23:38:07Z'),('134','Ubaldo','Torres','17044406','1964/08/30','Masculino','Casado','1566338512','UbaldoTorres64@gmail.com','Parque Avellaneda 1716','8970','Distrito Sauce','9467472568','1','20-17044406-3','10','Nivel 2: Oficial Especializado','1989/11/28','texto aleatorio numero 697','2025-06-05T23:38:07Z','2025-06-05T23:38:07Z'),('135','Simon','Ferrer','36394475','1991/11/05','Masculino','Divorciado','1569612699','SimonFerrer91@gmail.com','Telsen 7589','6204','Fighiera','9366498314','1','28-36394475-2','13','Nivel 5: Ayudante','2010/01/04','texto aleatorio numero 180','2025-06-05T23:38:07Z','2025-06-05T23:38:07Z'),('136','Andrea','Arias','25990499','1977/03/25','Femenino','Separado','156134234','AndreaArias77@gmail.com','Barranqueras 9340','1952','La Tordilla','1728976427','1','26-25990499-8','31','Nivel 3: Oficial General','1998/08/24','texto aleatorio numero 268','2025-06-05T23:38:08Z','2025-06-05T23:38:08Z'),('137','Lucrecia','Velasco','40512796','1997/08/18','Femenino','Divorciado','1568933148','LucreciaVelasco97@gmail.com','La Leonesa 629','2859','Vélez Sársfield','9796584546','0','27-40512796-6','42','Nivel 5: Ayudante','2024/03/19','texto aleatorio numero 997','2025-06-05T23:38:08Z','2025-06-05T23:38:08Z'),('138','Enrique','Garcia','46153318','2005/07/21','Masculino','Soltero','1562022932','EnriqueGarcia05@gmail.com','Talaini 648','5675','Pueblo Andino','3641672679','1','26-46153318-6','46','Nivel 6: Operario Act. Industrial','2024/01/07','texto aleatorio numero 447','2025-06-05T23:38:08Z','2025-06-05T23:38:08Z'),('139','Xavier','Guerrero','16373936','1963/09/21','Masculino','Casado','1569385564','XavierGuerrero63@gmail.com','Gdor. Agrónomo 6889','5873','Villa del Dique','7692317920','1','22-16373936-7','1','Nivel 2: Oficial Especializado','1996/05/06','texto aleatorio numero 239','2025-06-05T23:38:09Z','2025-06-05T23:38:09Z'),('140','Augusto','Ruiz','33811997','1988/03/20','Masculino','Soltero','1565408684','AugustoRuiz88@gmail.com','Paso de Agua 7244','2242','I. del Cerrito','3959673017','1','28-33811997-3','12','Nivel 4: Medio Oficial','2007/10/24','texto aleatorio numero 291','2025-06-05T23:38:09Z','2025-06-05T23:38:09Z'),('141','Soledad','Carrasco','16295974','1963/08/12','Femenino','Soltero','1566759213','SoledadCarrasco63@gmail.com','Médanos 7369','7173','Herradura','1457395441','1','23-16295974-6','39','Nivel 2: Oficial Especializado','1993/10/17','texto aleatorio numero 921','2025-06-05T23:38:10Z','2025-06-05T23:38:10Z'),('142','Susana','Ortega','17430316','1965/03/16','Femenino','Separado','1569851549','SusanaOrtega65@gmail.com','Los Amores 8822','7034','Viale','5507064061','1','20-17430316-3','33','Nivel 2: Oficial Especializado','1992/08/14','texto aleatorio numero 984','2025-06-05T23:38:10Z','2025-06-05T23:38:10Z'),('143','Carolina','Velasco','16911871','1964/06/23','Femenino','Separado','156750085','CarolinaVelasco64@gmail.com','Sarmiento 9236','3703','Romang','6591196034','0','22-16911871-1','41','Nivel 2: Oficial Especializado','1988/06/04','texto aleatorio numero 471','2025-06-05T23:38:10Z','2025-06-05T23:38:10Z'),('144','Miqueas','Montoro','37454753','1993/05/02','Masculino','Casado','15661797','MiqueasMontoro93@gmail.com','Crespo 7625','5532','La Reja','403023634','1','24-37454753-2','27','Nivel 5: Ayudante','2020/05/03','texto aleatorio numero 533','2025-06-05T23:38:11Z','2025-06-05T23:38:11Z'),('145','Ariadna','Nieto','23774441','1974/02/12','Femenino','Divorciado','1561326572','AriadnaNieto74@gmail.com','Santos Lugares 3638','7378','Costa Azul','871826031','1','28-23774441-5','33','Nivel 3: Oficial General','1999/03/03','texto aleatorio numero 429','2025-06-05T23:38:11Z','2025-06-05T23:38:11Z'),('146','Otilia','Cruz','35394617','1990/06/10','Femenino','Viudo','1568517374','OtiliaCruz90@gmail.com','Mojón Grande 8521','6239','William Morris','2750821983','1','25-35394617-3','43','Nivel 4: Medio Oficial','2024/04/28','texto aleatorio numero 918','2025-06-05T23:38:11Z','2025-06-05T23:38:11Z'),('147','Donato','Alvarez','43664394','2002/01/21','Masculino','Divorciado','1566147519','DonatoAlvarez02@gmail.com','Josefina 3239','1618','Chorotis','1366135878','1','25-43664394-2','47','Nivel 6: Operario Act. Industrial','2024/02/27','texto aleatorio numero 445','2025-06-05T23:38:12Z','2025-06-05T23:38:12Z'),('148','Simeon','Carmona','11164152','1956/05/27','Masculino','Viudo','1565558682','SimeonCarmona56@gmail.com','El Hoyo 8850','2357','Tabay','2208523858','1','26-11164152-6','8','Nivel 1: Oficial Múltiple','1982/03/22','texto aleatorio numero 946','2025-06-05T23:38:12Z','2025-06-05T23:38:12Z'),('149','Silvia','Herrero','16488929','1963/11/19','Femenino','Soltero','1566998012','SilviaHerrero63@gmail.com','Ombú 5168','7979','Puerta de Corral','5934344671','1','20-16488929-6','20','Nivel 2: Oficial Especializado','2003/11/21','texto aleatorio numero 604','2025-06-05T23:38:12Z','2025-06-05T23:38:12Z'),('150','Gabriel','Ramirez','32734178','1986/09/14','Masculino','Divorciado','1561172454','GabrielRamirez86@gmail.com','Capital 8082','4602','Eufrasio Loza','9915353297','1','26-32734178-2','30','Nivel 4: Medio Oficial','2016/02/28','texto aleatorio numero 59','2025-06-05T23:38:13Z','2025-06-05T23:38:13Z'),('151','Carina','Perez','34045882','1988/07/18','Femenino','Separado','1568252905','CarinaPerez88@gmail.com','Vila 7639','3330','Susques','5460762786','1','20-34045882-7','44','Nivel 4: Medio Oficial','2008/08/28','texto aleatorio numero 141','2025-06-05T23:38:13Z','2025-06-05T23:38:13Z'),('152','Liduvina','Delgado','27037134','1978/09/13','Femenino','Viudo','1562993193','LiduvinaDelgado78@gmail.com','Jaramillo 3093','8920','Temperley','5444089396','1','20-27037134-1','6','Nivel 3: Oficial General','1996/10/18','texto aleatorio numero 270','2025-06-05T23:38:13Z','2025-06-05T23:38:13Z'),('153','Anastasia','Bravo','28943295','1981/05/18','Femenino','Separado','1569971970','AnastasiaBravo81@gmail.com','Los Cisnes 9940','6520','San Carlos','9624748069','1','22-28943295-1','45','Nivel 4: Medio Oficial','2001/04/22','texto aleatorio numero 792','2025-06-05T23:38:14Z','2025-06-05T23:38:14Z'),('154','Dolores','Aguilar','16882636','1964/06/08','Masculino','Separado','1565064680','DoloresAguilar64@gmail.com','Cnel. Dominguez 971','6124','Luján','2750691321','1','24-16882636-5','29','Nivel 2: Oficial Especializado','1985/07/09','texto aleatorio numero 310','2025-06-05T23:38:14Z','2025-06-13T02:28:13Z'),('155','Dolores','Ramirez','24183739','1974/09/10','Masculino','Viudo','1562877926','DoloresRamirez74@gmail.com','Cañada Rica 72','6090','Cavanagh','9172871347','1','25-24183739-6','13','Nivel 3: Oficial General','2009/08/21','texto aleatorio numero 513','2025-06-05T23:38:14Z','2025-06-05T23:38:14Z'),('156','Guadalupe','Cruz','6716443','1950/02/26','Femenino','Viudo','1566514321','GuadalupeCruz50@gmail.com','Río Bamba 5436','1181','Alberti','99178271','1','27-6716443-5','20','Nivel 1: Oficial Múltiple','1990/02/05','texto aleatorio numero 816','2025-06-05T23:38:15Z','2025-06-05T23:38:15Z'),('157','Ceferino','Romero','13844082','1960/03/02','Masculino','Separado','1567689890','CeferinoRomero60@gmail.com','Cholila 528','4779','Rivadavia','3903926332','1','25-13844082-6','32','Nivel 1: Oficial Múltiple','1984/09/23','texto aleatorio numero 188','2025-06-05T23:38:15Z','2025-06-05T23:38:15Z'),('158','Milagros','Moya','11195337','1956/06/12','Femenino','Divorciado','1565013010','MilagrosMoya56@gmail.com','Silvio Pellico 5379','2002','Puerto Madero','4084372898','1','24-11195337-1','29','Nivel 1: Oficial Múltiple','1978/04/03','texto aleatorio numero 345','2025-06-05T23:38:16Z','2025-06-05T23:38:16Z'),('159','Wilfredo','Cabrera','19235127','1967/09/28','Masculino','Separado','1565564459','WilfredoCabrera67@gmail.com','Tosquita 7459','7588','Perdices','3253136986','1','21-19235127-5','17','Nivel 2: Oficial Especializado','2007/09/29','texto aleatorio numero 436','2025-06-05T23:38:16Z','2025-06-05T23:38:16Z'),('160','Pablo','Marin','18383396','1966/07/18','Masculino','Separado','1563201776','PabloMarin66@gmail.com','Villa 21 2363','3089','San Antonio de Arredondo','5439956682','1','23-18383396-7','19','Nivel 2: Oficial Especializado','2007/09/18','texto aleatorio numero 372','2025-06-05T23:38:16Z','2025-06-05T23:38:16Z'),('161','Salvador','Reyes','44249106','2002/11/17','Masculino','Divorciado','1565759281','SalvadorReyes02@gmail.com','Balvanera 2475','3851','Mainqué','329348791','1','22-44249106-1','44','Nivel 6: Operario Act. Industrial','2024/08/07','texto aleatorio numero 621','2025-06-05T23:38:17Z','2025-06-05T23:38:17Z'),('162','Isaac','Vicente','34227142','1988/10/19','Masculino','Viudo','156467697','IsaacVicente88@gmail.com','Josefina 4636','1324','Florentino Ameghino','8803188265','1','26-34227142-5','22','Nivel 4: Medio Oficial','2024/04/10','texto aleatorio numero 71','2025-06-05T23:38:17Z','2025-06-05T23:38:17Z'),('163','Melchor','Santana','41109203','1998/06/20','Masculino','Separado','156520847','MelchorSantana98@gmail.com','Adolfo Van Praet 8139','5390','Aldao','378785512','0','26-41109203-4','42','Nivel 5: Ayudante','2024/04/27','texto aleatorio numero 562','2025-06-05T23:38:17Z','2025-06-05T23:38:17Z'),('164','Trinidad','Torres','17362099','1965/02/09','Femenino','Divorciado','1562738269','TrinidadTorres65@gmail.com','Antofagasta 8998','3517','La Paternal','7679165874','1','23-17362099-2','48','Nivel 2: Oficial Especializado','1987/04/04','texto aleatorio numero 903','2025-06-05T23:38:18Z','2025-06-05T23:38:18Z'),('165','Ubaldo','Rodriguez','18909637','1967/04/14','Masculino','Viudo','1561818928','UbaldoRodriguez67@gmail.com','San Carlos 4506','1501','Pozo de La Piedra','143213425','0','26-18909637-2','49','Nivel 2: Oficial Especializado','2014/05/06','texto aleatorio numero 554','2025-06-05T23:38:18Z','2025-06-05T23:38:18Z'),('166','Ismael','Castillo','23006519','1973/01/14','Masculino','Casado','1561686565','IsmaelCastillo73@gmail.com','Rincón del Cinto 115','7794','El Fuerte','4540983975','1','28-23006519-7','31','Nivel 3: Oficial General','2012/06/30','texto aleatorio numero 438','2025-06-05T23:38:18Z','2025-06-05T23:38:18Z'),('167','Otilia','Vargas','39353118','1996/01/01','Femenino','Divorciado','1569951177','OtiliaVargas96@gmail.com','Buena Esperanza 9929','8880','Camilo Aldao','2046071091','1','27-39353118-4','18','Nivel 5: Ayudante','2020/01/28','texto aleatorio numero 963','2025-06-05T23:38:19Z','2025-06-05T23:38:19Z'),('168','Nicodemo','Diaz','42436499','2000/05/01','Masculino','Casado','1566838708','NicodemoDiaz00@gmail.com','Monte Nievas 4354','3799','Ma. Teresa','3755857335','1','27-42436499-7','35','Nivel 5: Ayudante','2024/07/28','texto aleatorio numero 290','2025-06-05T23:38:19Z','2025-06-05T23:38:19Z'),('169','Luisa','Duran','43633210','2002/01/05','Femenino','Soltero','1569558807','LuisaDuran02@gmail.com','Cañada Rica 9168','2721','Piñeiro','2813258333','1','28-43633210-2','43','Nivel 6: Operario Act. Industrial','2024/11/21','texto aleatorio numero 444','2025-06-05T23:38:19Z','2025-06-05T23:38:19Z'),('170','Benigno','Duran','41290463','1998/09/21','Masculino','Divorciado','1562883118','BenignoDuran98@gmail.com','Guatraché 3740','3234','Riacho He-He','8428725335','1','24-41290463-4','6','Nivel 5: Ayudante','2024/10/12','texto aleatorio numero 557','2025-06-05T23:38:20Z','2025-06-05T23:38:20Z'),('171','Fermin','Romero','9694576','1954/05/04','Masculino','Divorciado','1562061779','FerminRomero54@gmail.com','Los Helechos 9889','3205','Suncho Corral','39421689','1','26-9694576-6','33','Nivel 1: Oficial Múltiple','1991/03/04','texto aleatorio numero 658','2025-06-05T23:38:20Z','2025-06-05T23:38:20Z'),('172','Trinidad','Santiago','6956175','1950/06/29','Femenino','Separado','1566846022','TrinidadSantiago50@gmail.com','Ibarreta 5556','3883','Taquimilán','8592213316','1','28-6956175-5','28','Nivel 1: Oficial Múltiple','1979/11/23','texto aleatorio numero 49','2025-06-05T23:38:20Z','2025-06-05T23:38:20Z'),('173','Sixto','Morales','9770589','1954/06/12','Masculino','Casado','1568458259','SixtoMorales54@gmail.com','Villa Los Aromos 9435','4169','Las Varas','8256819056','1','20-9770589-8','9','Nivel 1: Oficial Múltiple','2001/02/24','texto aleatorio numero 340','2025-06-05T23:38:21Z','2025-06-05T23:38:21Z'),('174','Asuncion','Reyes','39509041','1996/03/21','Femenino','Casado','1565452054','AsuncionReyes96@gmail.com','Hinojal 3394','4738','Río Ceballos','2804895742','0','25-39509041-3','12','Nivel 5: Ayudante','2015/03/15','texto aleatorio numero 817','2025-06-05T23:38:21Z','2025-06-05T23:38:21Z'),('175','Anastasia','Dominguez','37698383','1993/09/04','Femenino','Divorciado','1561634980','AnastasiaDominguez93@gmail.com','El Trébol 9472','7556','Los Bulacio','6077536781','0','26-37698383-6','16','Nivel 5: Ayudante','2011/03/19','texto aleatorio numero 427','2025-06-05T23:38:21Z','2025-06-05T23:38:21Z'),('176','Sergio','Navarro','21267976','1970/08/06','Masculino','Divorciado','1563922098','SergioNavarro70@gmail.com','Murphy 1072','8964','Gral. Urquiza','1202554671','1','27-21267976-3','18','Nivel 2: Oficial Especializado','2005/10/25','texto aleatorio numero 335','2025-06-05T23:38:22Z','2025-06-05T23:38:22Z'),('177','Margarita','Marin','15444244','1962/06/01','Femenino','Separado','1564417083','MargaritaMarin62@gmail.com','Concepción 690','2318','La Paz','3401522350','1','26-15444244-1','44','Nivel 2: Oficial Especializado','1983/08/17','texto aleatorio numero 420','2025-06-05T23:38:22Z','2025-06-05T23:38:22Z'),('178','Hugo','Herrero','42999772','2001/02/14','Masculino','Viudo','1568632031','HugoHerrero01@gmail.com','Sunchales 8072','8935','Aldea Elgenfeld','1688410473','1','26-42999772-4','13','Nivel 6: Operario Act. Industrial','2024/01/14','texto aleatorio numero 169','2025-06-05T23:38:23Z','2025-06-05T23:38:23Z'),('179','Epifania','Guerrero','18237218','1966/05/04','Femenino','Separado','1568916102','EpifaniaGuerrero66@gmail.com','Los Sosa 1095','3443','Pilar','1548561703','1','24-18237218-7','35','Nivel 2: Oficial Especializado','2013/10/26','texto aleatorio numero 174','2025-06-05T23:38:23Z','2025-06-05T23:38:23Z'),('180','Marta','Perez','8055433','1952/01/14','Femenino','Casado','156601106','MartaPerez52@gmail.com','Carapachay 5236','1311','Saladero M. Cabal','6333601644','1','26-8055433-2','1','Nivel 1: Oficial Múltiple','1974/07/09','texto aleatorio numero 593','2025-06-05T23:38:23Z','2025-06-05T23:38:23Z'),('181','Bartolome','Alvarez','12881256','1958/10/25','Masculino','Viudo','1562361198','BartolomeAlvarez58@gmail.com','Unanue 9571','6719','Lomas del Mirador','1341935056','1','28-12881256-4','1','Nivel 1: Oficial Múltiple','1981/05/20','texto aleatorio numero 917','2025-06-05T23:38:24Z','2025-06-05T23:38:24Z'),('182','Fulgencio','Martinez','41986271','1999/09/13','Masculino','Viudo','1565883724','FulgencioMartinez99@gmail.com','Gral. Ramírez 2898','4416','La Playa','196738795','1','24-41986271-7','4','Nivel 5: Ayudante','2018/11/28','texto aleatorio numero 720','2025-06-05T23:38:24Z','2025-06-05T23:38:24Z'),('183','Erico','Vargas','20523442','1969/07/20','Masculino','Viudo','1569580304','EricoVargas69@gmail.com','Costa del Este 4160','4856','Zanjitas','172398511','1','24-20523442-2','45','Nivel 2: Oficial Especializado','2002/05/30','texto aleatorio numero 193','2025-06-05T23:38:24Z','2025-06-05T23:38:24Z'),('184','Xavier','Delgado','24953610','1975/10/10','Masculino','Viudo','1561114298','XavierDelgado75@gmail.com','Carpintería 2227','8254','Carlos Tejedor','5126076678','1','23-24953610-7','7','Nivel 3: Oficial General','2009/08/10','texto aleatorio numero 309','2025-06-05T23:38:25Z','2025-06-05T23:38:25Z'),('185','Rodrigo','Campos','43311618','2001/07/24','Masculino','Casado','1568684331','RodrigoCampos01@gmail.com','Mar de Ajó 290','1802','Pampayasta S.','3028357815','1','26-43311618-2','47','Nivel 6: Operario Act. Industrial','2019/08/07','texto aleatorio numero 397','2025-06-05T23:38:25Z','2025-06-05T23:38:25Z'),('186','Columbano','Diez','15387722','1962/05/03','Masculino','Divorciado','1564152207','ColumbanoDiez62@gmail.com','Bolívar 4830','6643','Alejandra','4027440916','1','26-15387722-7','22','Nivel 2: Oficial Especializado','1986/11/19','texto aleatorio numero 719','2025-06-05T23:38:25Z','2025-06-05T23:38:25Z'),('187','Veronica','Gimenez','15066130','1961/11/19','Femenino','Viudo','1569747979','VeronicaGimenez61@gmail.com','San Gustavo 8101','3698','Rueda','2039910952','1','23-15066130-6','41','Nivel 2: Oficial Especializado','2002/09/29','texto aleatorio numero 499','2025-06-05T23:38:26Z','2025-06-05T23:38:26Z'),('188','Marta','Ortega','27452279','1979/04/14','Femenino','Casado','1564551553','MartaOrtega79@gmail.com','Herrera 3599','3897','Pueblo Irigoyen','4385641656','1','28-27452279-7','30','Nivel 3: Oficial General','2020/09/29','texto aleatorio numero 680','2025-06-05T23:38:26Z','2025-06-05T23:38:26Z'),('189','Sanson','Esteban','21618803','1971/02/02','Masculino','Separado','1569246732','SansonEsteban71@gmail.com','Estación Alvear 3593','2128','Mte. Caseros','4635901242','1','23-21618803-7','27','Nivel 3: Oficial General','2017/04/02','texto aleatorio numero 470','2025-06-05T23:38:26Z','2025-06-05T23:38:26Z'),('190','Josefina','Molina','13130734','1959/03/02','Femenino','Viudo','1564388130','JosefinaMolina59@gmail.com','Estancia Vieja 7688','1563','Cinco Saltos','7963351003','1','27-13130734-3','11','Nivel 1: Oficial Múltiple','2002/06/21','texto aleatorio numero 854','2025-06-05T23:38:27Z','2025-06-05T23:38:27Z'),('191','Isidro','Ortega','24973101','1975/10/20','Masculino','Casado','1569464375','IsidroOrtega75@gmail.com','Termas de Rio Hondo 9639','1114','Parque Chacabuco','5706456588','1','20-24973101-3','31','Nivel 3: Oficial General','2005/05/30','texto aleatorio numero 952','2025-06-05T23:38:27Z','2025-06-05T23:38:27Z'),('192','Heliodoro','Santana','16693579','1964/03/03','Masculino','Soltero','1564514523','HeliodoroSantana64@gmail.com','San Antonio 6146','6419','Llambi Campbell','3237476524','1','27-16693579-4','11','Nivel 2: Oficial Especializado','1984/07/14','texto aleatorio numero 470','2025-06-05T23:38:27Z','2025-06-05T23:38:27Z'),('193','Luz','Herrero','32272255','1986/01/20','Masculino','Casado','1565048523','LuzHerrero86@gmail.com','Puerta San José 5429','5111','San Antonio de Obligado','6213417585','1','20-32272255-8','30','Nivel 4: Medio Oficial','2017/05/10','texto aleatorio numero 278','2025-06-05T23:38:28Z','2025-06-05T23:38:28Z'),('194','Carina','Leon','44601882','2003/05/17','Femenino','Separado','1567751917','CarinaLeon03@gmail.com','Quehue 5594','2582','Segunda Usina','4215920201','1','27-44601882-1','45','Nivel 6: Operario Act. Industrial','2024/02/23','texto aleatorio numero 588','2025-06-05T23:38:28Z','2025-06-05T23:38:28Z'),('195','Aurora','Blanco','15730753','1962/10/26','Femenino','Casado','1561621841','AuroraBlanco62@gmail.com','Carnerillo 5406','5079','La Calera','636877309','0','26-15730753-5','24','Nivel 2: Oficial Especializado','1986/08/27','texto aleatorio numero 486','2025-06-05T23:38:28Z','2025-06-05T23:38:28Z'),('196','Jose','Hernandez','31560856','1985/01/20','Masculino','Divorciado','156629286','JoseHernandez85@gmail.com','Frontera 3855','4321','Lavalle','2093331785','1','21-31560856-1','29','Nivel 4: Medio Oficial','2018/04/13','texto aleatorio numero 68','2025-06-05T23:38:29Z','2025-06-05T23:38:29Z'),('197','Joel','Mendez','46404744','2005/11/27','Masculino','Casado','1564553970','JoelMendez05@gmail.com','Tandil 3914','8451','Pdcia. Roque Sáenz Peña','3745394549','1','25-46404744-7','4','Nivel 6: Operario Act. Industrial','2024/04/01','texto aleatorio numero 644','2025-06-05T23:38:29Z','2025-06-05T23:38:29Z'),('198','Carmen','Vargas','30161445','1983/02/02','Femenino','Casado','156556405','CarmenVargas83@gmail.com','Coghlan 5864','7809','Gral. Lucio V. Mansilla','7346704359','1','28-30161445-2','5','Nivel 4: Medio Oficial','2024/05/23','texto aleatorio numero 964','2025-06-05T23:38:30Z','2025-06-05T23:38:30Z'),('199','Margarita','Hernandez','46344324','2005/10/27','Femenino','Separado','1569914012','MargaritaHernandez05@gmail.com','Coranzulli 7338','8738','Saladillo','924357996','1','28-46344324-2','19','Nivel 6: Operario Act. Industrial','2024/09/25','texto aleatorio numero 34','2025-06-05T23:38:30Z','2025-06-05T23:38:30Z'),('200','Victoria','Blesa','18457460','1966/08/25','Femenino','Casado','1567589127','VictoriaBlesa66@gmail.com','Col. Ana 4913','7417','San Antonio de Areco','3823796667','1','26-18457460-6','21','Nivel 2: Oficial Especializado','1991/07/23','texto aleatorio numero 937','2025-06-05T23:38:30Z','2025-06-05T23:38:30Z');

/*!40000 ALTER TABLE MemberTable ENABLE KEYS */;
UNLOCK TABLES;

--
-- Table structure for table ParentTable
--

DROP TABLE IF EXISTS ParentTable;
/*!40101 SET @saved_cs_client     = @@character_set_client */;
/*!40101 SET character_set_client = utf8 */;
CREATE TABLE `ParentTable` (
  `IdParent` int NOT NULL AUTO_INCREMENT,
  `Name` varchar(50) COLLATE utf8mb4_general_ci NOT NULL,
  `LastName` varchar(50) COLLATE utf8mb4_general_ci NOT NULL,
  `Rel` varchar(50) COLLATE utf8mb4_general_ci NOT NULL,
  `Birthday` varchar(50) COLLATE utf8mb4_general_ci NOT NULL,
  `Gender` varchar(50) COLLATE utf8mb4_general_ci NOT NULL,
  `CUIL` varchar(50) COLLATE utf8mb4_general_ci NOT NULL,
  `IdMember` int NOT NULL,
  `CreatedAt` timestamp NULL DEFAULT CURRENT_TIMESTAMP,
  `UpdatedAt` timestamp NULL DEFAULT CURRENT_TIMESTAMP ON UPDATE CURRENT_TIMESTAMP,
  PRIMARY KEY (`IdParent`),
  KEY `IdMember` (`IdMember`),
  CONSTRAINT `ParentTable_ibfk_1` FOREIGN KEY (`IdMember`) REFERENCES `MemberTable` (`IdMember`) ON DELETE CASCADE
) ENGINE=InnoDB AUTO_INCREMENT=501 DEFAULT CHARSET=utf8mb4 COLLATE=utf8mb4_general_ci;
/*!40101 SET character_set_client = @saved_cs_client */;
--
-- Dumping data for table ParentTable
--

LOCK TABLES ParentTable WRITE;
/*!40000 ALTER TABLE ParentTable DISABLE KEYS */;

INSERT INTO ParentTable VALUES ('1','Yolanda','Suarez','Hija','2019/03/08','Femenino','28-55855639-1','127','2025-06-05T23:38:54Z','2025-06-05T23:38:54Z'),('2','Ines','Cano','Hija','2010/01/12','Femenino','27-49341948-8','87','2025-06-05T23:38:55Z','2025-06-05T23:38:55Z'),('3','Gloria','Gutierrez','Hija','2016/09/09','Femenino','28-54082013-7','131','2025-06-05T23:38:55Z','2025-06-05T23:38:55Z'),('4','Barbara','Lorenzo','Hija','1998/08/01','Femenino','26-41191062-7','104','2025-06-05T23:38:55Z','2025-06-05T23:38:55Z'),('5','Tania','Bravo','Hija','2011/04/11','Femenino','20-50226812-3','17','2025-06-05T23:38:56Z','2025-06-05T23:38:56Z'),('6','Esperanza','Iglesias','Hija','2012/10/01','Femenino','25-51277344-3','113','2025-06-05T23:38:56Z','2025-06-05T23:38:56Z'),('7','Carlos','Gallego','Hijo','2013/07/24','Masculino','25-51854260-5','12','2025-06-05T23:38:56Z','2025-06-05T23:38:56Z'),('8','Consuelo','Hernandez','Hija','2014/10/29','Femenino','24-52754717-5','196','2025-06-05T23:38:57Z','2025-06-05T23:38:57Z'),('9','Ciro','Cruz','Hijo','2002/01/22','Masculino','22-43666343-8','128','2025-06-05T23:38:57Z','2025-06-05T23:38:57Z'),('10','Catalina','Carrasco','Hija','2011/07/22','Femenino','20-50425614-8','64','2025-06-05T23:38:57Z','2025-06-05T23:38:57Z'),('11','Nicomedes','Serrano','Hijo','2013/05/18','Masculino','24-51723675-6','107','2025-06-05T23:38:58Z','2025-06-05T23:38:58Z'),('12','Sonia','Caballero','Hija','2008/06/29','Femenino','27-48246587-4','97','2025-06-05T23:38:58Z','2025-06-05T23:38:58Z'),('13','Elvira','Ramirez','Hija','2015/02/05','Femenino','28-52947672-2','150','2025-06-05T23:38:58Z','2025-06-05T23:38:58Z'),('14','Salomon','Moreno','Hijo','2021/08/23','Masculino','26-57607826-2','99','2025-06-05T23:38:59Z','2025-06-05T23:38:59Z'),('15','Oriol','Garrido','Hijo','2017/10/06','Masculino','20-54846037-8','52','2025-06-05T23:38:59Z','2025-06-05T23:38:59Z'),('16','Maximiliano','Rubio','Hijo','2015/08/05','Masculino','25-53300448-5','111','2025-06-05T23:38:59Z','2025-06-05T23:38:59Z'),('17','Norberto','Cano','Hijo','2018/05/26','Masculino','20-55298214-1','87','2025-06-05T23:39:00Z','2025-06-05T23:39:00Z'),('18','Lidia','Cabrera','Hija','2002/08/21','Femenino','26-44077591-7','8','2025-06-05T23:39:00Z','2025-06-05T23:39:00Z'),('19','Juvenal','Rodriguez','Hijo','2016/06/09','Masculino','23-53902701-7','94','2025-06-05T23:39:01Z','2025-06-05T23:39:01Z'),('20','Jacobo','Ferrer','Hijo','2014/11/04','Masculino','26-52766411-8','38','2025-06-05T23:39:01Z','2025-06-05T23:39:01Z'),('21','Josep','Medina','Hijo','2017/07/23','Masculino','22-54699859-1','90','2025-06-05T23:39:01Z','2025-06-05T23:39:01Z'),('22','Cosme','Reyes','Hijo','2016/10/27','Masculino','23-54175567-8','174','2025-06-05T23:39:02Z','2025-06-05T23:39:02Z'),('23','Moises','Ramirez','Hijo','2009/11/22','Masculino','22-49242547-2','150','2025-06-05T23:39:02Z','2025-06-05T23:39:02Z'),('24','Purificacion','Cabrera','Hija','2000/02/16','Femenino','26-42290321-6','8','2025-06-05T23:39:02Z','2025-06-05T23:39:02Z'),('25','Eugenio','Hernandez','Hijo','2023/05/14','Masculino','26-58833772-4','199','2025-06-05T23:39:03Z','2025-06-05T23:39:03Z'),('26','Leocadia','Gil','Hija','1999/11/06','Femenino','22-42091519-8','92','2025-06-05T23:39:03Z','2025-06-05T23:39:03Z'),('27','Hildegarda','Carrasco','Hija','2011/10/26','Femenino','22-50612722-8','64','2025-06-05T23:39:03Z','2025-06-05T23:39:03Z'),('28','Daniel','Ortiz','Hijo','2004/09/19','Masculino','28-45558861-6','37','2025-06-05T23:39:04Z','2025-06-05T23:39:04Z'),('29','Virgilio','Castillo','Hijo','2020/10/07','Masculino','23-56984134-5','93','2025-06-05T23:39:04Z','2025-06-05T23:39:04Z'),('30','Cirino','Gallego','Hijo','2013/02/07','Masculino','25-51528771-5','12','2025-06-05T23:39:04Z','2025-06-05T23:39:04Z'),('31','Barbara','Campos','Hija','2021/02/13','Femenino','24-57235560-2','185','2025-06-05T23:39:05Z','2025-06-05T23:39:05Z'),('32','Leoncio','Cambil','Hijo','2016/10/02','Masculino','22-54126841-3','13','2025-06-05T23:39:05Z','2025-06-05T23:39:05Z'),('33','Natalia','Serrano','Hija','2017/10/07','Femenino','27-54847986-1','107','2025-06-05T23:39:05Z','2025-06-05T23:39:05Z'),('34','Rosa','Hernandez','Hija','2014/01/08','Femenino','20-52181699-5','59','2025-06-05T23:39:06Z','2025-06-05T23:39:06Z'),('35','Priscila','Ramos','Hija','2011/04/03','Femenino','25-50211220-3','109','2025-06-05T23:39:06Z','2025-06-05T23:39:06Z'),('36','Aurora','Medina','Hija','2012/11/02','Femenino','28-51339714-1','16','2025-06-05T23:39:06Z','2025-06-05T23:39:06Z'),('37','Silvia','Montero','Hija','2018/07/01','Femenino','24-55368379-4','70','2025-06-05T23:39:07Z','2025-06-05T23:39:07Z'),('38','Jonas','Bravo','Hijo','2017/04/15','Masculino','20-54506904-3','153','2025-06-05T23:39:07Z','2025-06-05T23:39:07Z'),('39','Salome','Velasco','Hija','2018/08/01','Femenino','20-55428800-7','137','2025-06-05T23:39:08Z','2025-06-05T23:39:08Z'),('40','Isaac','Gutierrez','Hijo','2016/11/10','Masculino','28-54202853-4','131','2025-06-05T23:39:08Z','2025-06-05T23:39:08Z'),('41','Yolanda','Mendez','Hija','2018/11/15','Femenino','21-55635398-6','42','2025-06-05T23:39:08Z','2025-06-05T23:39:08Z'),('42','Benedicto','Reyes','Hijo','2016/04/03','Masculino','24-53772116-7','174','2025-06-05T23:39:09Z','2025-06-05T23:39:09Z'),('43','Alejo','Moya','Hijo','2023/10/23','Masculino','21-59149517-3','48','2025-06-05T23:39:09Z','2025-06-05T23:39:09Z'),('44','Veronica','Vicente','Hija','2016/10/04','Femenino','21-54130739-4','7','2025-06-05T23:39:09Z','2025-06-05T23:39:09Z'),('45','Nicodemo','Vicente','Hijo','2013/03/01','Masculino','25-51571649-4','28','2025-06-05T23:39:10Z','2025-06-05T23:39:10Z'),('46','Candida','Alvarez','Hija','2022/09/08','Femenino','21-58350411-6','147','2025-06-05T23:39:10Z','2025-06-05T23:39:10Z'),('47','Nicolas','Bravo','Hijo','2018/01/07','Masculino','23-55027297-2','54','2025-06-05T23:39:10Z','2025-06-05T23:39:10Z'),('48','Juana','Suarez','Hija','2008/03/21','Femenino','25-48051683-1','125','2025-06-05T23:39:11Z','2025-06-05T23:39:11Z'),('49','Manuela','Hernandez','Hija','2017/03/01','Femenino','20-54419197-7','196','2025-06-05T23:39:11Z','2025-06-05T23:39:11Z'),('50','Eduardo','Molina','Hijo','2014/08/27','Masculino','23-52631927-6','20','2025-06-05T23:39:11Z','2025-06-05T23:39:11Z'),('51','Natalia','Alvarez','Hija','2022/09/11','Femenino','28-58356258-8','147','2025-06-05T23:39:12Z','2025-06-05T23:39:12Z'),('52','Hildegarda','Iglesias','Hija','2023/09/09','Femenino','23-59063759-7','15','2025-06-05T23:39:12Z','2025-06-05T23:39:12Z'),('53','Julian','Suarez','Hijo','2014/10/28','Masculino','27-52752768-8','125','2025-06-05T23:39:12Z','2025-06-05T23:39:12Z'),('54','Angela','Montero','Hija','2018/05/30','Femenino','24-55306010-2','70','2025-06-05T23:39:13Z','2025-06-05T23:39:13Z'),('55','Mercedes','Montoro','Hija','2022/11/05','Femenino','26-58463455-5','144','2025-06-05T23:39:13Z','2025-06-05T23:39:13Z'),('56','Cristobal','Parra','Hijo','2020/03/30','Masculino','23-56611867-1','43','2025-06-05T23:39:14Z','2025-06-05T23:39:14Z'),('57','Patricia','Hernandez','Hija','2009/08/19','Femenino','21-49057388-3','69','2025-06-05T23:39:14Z','2025-06-05T23:39:14Z'),('58','Matias','Esteban','Hijo','2016/05/10','Masculino','21-53844230-5','66','2025-06-05T23:39:14Z','2025-06-05T23:39:14Z'),('59','Noe','Ortega','Hijo','2013/05/20','Masculino','22-51727573-5','188','2025-06-05T23:39:15Z','2025-06-05T23:39:15Z'),('60','Margarita','Ramirez','Hija','2006/11/07','Femenino','22-47077163-6','150','2025-06-05T23:39:15Z','2025-06-05T23:39:15Z'),('61','Asuncion','Garrido','Hija','2017/08/02','Femenino','25-54719349-6','52','2025-06-05T23:39:15Z','2025-06-05T23:39:15Z'),('62','Oscar','Gutierrez','Hijo','2016/07/12','Masculino','24-53967020-4','131','2025-06-05T23:39:16Z','2025-06-05T23:39:16Z'),('63','German','Morales','Hijo','2017/10/15','Masculino','21-54863578-1','18','2025-06-05T23:39:16Z','2025-06-05T23:39:16Z'),('64','Santiago','Medina','Hijo','2001/09/28','Masculino','23-43440255-3','16','2025-06-05T23:39:16Z','2025-06-05T23:39:16Z'),('65','Almudena','Ortega','Hija','2012/05/12','Femenino','26-51000581-4','191','2025-06-05T23:39:17Z','2025-06-05T23:39:17Z'),('66','Ernesto','Castro','Hijo','2000/06/11','Masculino','20-42516410-3','51','2025-06-05T23:39:17Z','2025-06-05T23:39:17Z'),('67','Monica','Mora','Hija','2000/08/01','Femenino','28-42615811-1','44','2025-06-05T23:39:17Z','2025-06-05T23:39:17Z'),('68','Justino','Herrero','Hijo','2021/08/03','Masculino','20-57568846-1','6','2025-06-05T23:39:18Z','2025-06-05T23:39:18Z'),('69','Luciano','Moreno','Hijo','2019/05/12','Masculino','21-55982327-8','99','2025-06-05T23:39:18Z','2025-06-05T23:39:18Z'),('70','Carmen','Gutierrez','Hija','2019/05/13','Femenino','25-55984276-4','131','2025-06-05T23:39:18Z','2025-06-05T23:39:18Z'),('71','Leocadia','Nieto','Hija','2018/10/01','Femenino','26-55547691-5','145','2025-06-05T23:39:19Z','2025-06-05T23:39:19Z'),('72','Salome','Suarez','Hija','2019/06/29','Femenino','21-56075881-1','125','2025-06-05T23:39:19Z','2025-06-05T23:39:19Z'),('73','Vidal','Moya','Hija','2021/02/19','Femenino','25-57247254-7','31','2025-06-05T23:39:19Z','2025-06-05T23:39:19Z'),('74','Veronica','Ruiz','Hija','2008/08/25','Femenino','25-48357682-2','140','2025-06-05T23:39:20Z','2025-06-05T23:39:20Z'),('75','Andrea','Garrido','Hija','2017/02/19','Femenino','22-54399706-4','52','2025-06-05T23:39:20Z','2025-06-05T23:39:20Z'),('76','Salvio','Reyes','Hijo','2020/08/17','Masculino','28-56884732-3','73','2025-06-05T23:39:21Z','2025-06-05T23:39:21Z'),('77','Javier','Mendez','Hijo','2023/02/14','Masculino','21-58660308-6','197','2025-06-05T23:39:21Z','2025-06-05T23:39:21Z'),('78','Francisca','Reyes','Hija','2016/04/27','Femenino','20-53818893-2','174','2025-06-05T23:39:21Z','2025-06-05T23:39:21Z'),('79','Lidia','Delgado','Hija','2010/02/19','Femenino','20-49416011-3','98','2025-06-05T23:39:22Z','2025-06-05T23:39:22Z'),('80','Damaso','Ruiz','Hijo','2008/02/04','Masculino','23-47962027-4','140','2025-06-05T23:39:22Z','2025-06-05T23:39:22Z'),('81','Virginia','Vidal','Hija','2023/04/11','Femenino','25-58769454-3','126','2025-06-05T23:39:22Z','2025-06-05T23:39:22Z'),('82','Onesimo','Vargas','Hijo','2007/03/10','Masculino','22-47316895-1','198','2025-06-05T23:39:23Z','2025-06-05T23:39:23Z'),('83','Otilia','Bravo','Hija','2001/08/29','Femenino','28-43381783-8','153','2025-06-05T23:39:23Z','2025-06-05T23:39:23Z'),('84','Elvira','Mora','Hija','2012/01/10','Femenino','21-50760849-3','44','2025-06-05T23:39:23Z','2025-06-05T23:39:23Z'),('85','Segismundo','Cano','Hijo','2001/10/13','Masculino','27-43469490-6','23','2025-06-05T23:39:24Z','2025-06-05T23:39:24Z'),('86','Francisca','Saez','Hija','2018/07/12','Femenino','20-55389819-7','120','2025-06-05T23:39:24Z','2025-06-05T23:39:24Z'),('87','Andres','Delgado','Hijo','2006/07/24','Masculino','23-46870565-7','152','2025-06-05T23:39:24Z','2025-06-05T23:39:24Z'),('88','Ines','Vidal','Hija','2007/08/13','Femenino','24-47620945-5','26','2025-06-05T23:39:25Z','2025-06-05T23:39:25Z'),('89','Andrea','Bravo','Hija','2011/11/12','Femenino','26-50645855-4','17','2025-06-05T23:39:25Z','2025-06-05T23:39:25Z'),('90','Ananias','Nieto','Hija','2005/04/07','Femenino','23-45948669-6','145','2025-06-05T23:39:25Z','2025-06-05T23:39:25Z'),('91','Ubaldo','Lopez','Hijo','2012/02/27','Masculino','24-50854403-3','61','2025-06-05T23:39:26Z','2025-06-05T23:39:26Z'),('92','Bernabe','Ferrer','Hijo','2011/10/02','Masculino','21-50565945-8','135','2025-06-05T23:39:26Z','2025-06-05T23:39:26Z'),('93','Conrado','Campos','Hijo','2021/03/14','Masculino','23-57292082-5','185','2025-06-05T23:39:27Z','2025-06-05T23:39:27Z'),('94','Montserrat','Lorenzo','Hija','2018/01/17','Femenino','26-55046788-7','104','2025-06-05T23:39:27Z','2025-06-05T23:39:27Z'),('95','Aresio','Mendez','Hijo','2009/09/05','Masculino','27-49090522-6','42','2025-06-05T23:39:27Z','2025-06-05T23:39:27Z'),('96','Leopoldo','Iglesias','Hijo','2012/05/02','Masculino','25-50981090-8','113','2025-06-05T23:39:28Z','2025-06-05T23:39:28Z'),('97','Margarita','Molina','Hija','2002/01/29','Femenino','24-43679986-8','20','2025-06-05T23:39:28Z','2025-06-05T23:39:28Z'),('98','Rufo','Ramirez','Hijo','2006/02/12','Masculino','26-46554820-7','155','2025-06-05T23:39:28Z','2025-06-05T23:39:28Z'),('99','Soledad','Soler','Hija','2008/01/07','Femenino','27-47907454-4','46','2025-06-05T23:39:29Z','2025-06-05T23:39:29Z'),('100','Magdalena','Vidal','Hija','2023/03/21','Femenino','27-58728524-6','126','2025-06-05T23:39:29Z','2025-06-05T23:39:29Z'),('101','Artemio','Reyes','Hijo','2016/10/05','Masculino','28-54132688-2','174','2025-06-05T23:39:29Z','2025-06-05T23:39:29Z'),('102','Francesc','Moreno','Hijo','2007/08/28','Masculino','28-47650181-1','33','2025-06-05T23:39:30Z','2025-06-05T23:39:30Z'),('103','Silvia','Morales','Hija','2010/08/15','Femenino','23-49760991-3','18','2025-06-05T23:39:30Z','2025-06-05T23:39:30Z'),('104','Cristobal','Reyes','Hijo','2016/02/11','Masculino','22-53670766-6','174','2025-06-05T23:39:30Z','2025-06-05T23:39:30Z'),('105','Claudia','Montero','Hija','2018/05/15','Femenino','22-55276774-3','70','2025-06-05T23:39:31Z','2025-06-05T23:39:31Z'),('106','Siro','Montoro','Hijo','2020/11/12','Masculino','22-57054299-4','144','2025-06-05T23:39:31Z','2025-06-05T23:39:31Z'),('107','Elvira','Ramirez','Hija','2006/01/04','Femenino','28-46478808-1','150','2025-06-05T23:39:31Z','2025-06-05T23:39:31Z'),('108','Mohamed','Campos','Hijo','2021/08/04','Masculino','23-57570795-2','185','2025-06-05T23:39:32Z','2025-06-05T23:39:32Z'),('109','Rebeca','Iglesias','Hija','2023/10/30','Femenino','20-59163160-6','15','2025-06-05T23:39:32Z','2025-06-05T23:39:32Z'),('110','Juana','Lopez','Hija','2012/02/02','Femenino','28-50805677-5','61','2025-06-05T23:39:32Z','2025-06-05T23:39:32Z'),('111','Patricio','Delgado','Hijo','2017/07/27','Masculino','28-54707655-3','77','2025-06-05T23:39:33Z','2025-06-05T23:39:33Z'),('112','Marcelino','Ferrer','Hijo','2003/07/23','Masculino','20-44732468-1','38','2025-06-05T23:39:33Z','2025-06-05T23:39:33Z'),('113','Venancio','Dominguez','Hijo','2013/02/23','Masculino','27-51559955-8','175','2025-06-05T23:39:34Z','2025-06-05T23:39:34Z'),('114','Raquel','Cabrera','Hija','2005/11/17','Femenino','20-46385254-7','8','2025-06-05T23:39:34Z','2025-06-05T23:39:34Z'),('115','Lorena','Caballero','Hija','2020/09/22','Femenino','27-56954898-6','97','2025-06-05T23:39:34Z','2025-06-05T23:39:34Z'),('116','Mario','Cambil','Hijo','2016/02/12','Masculino','24-53672715-6','13','2025-06-05T23:39:35Z','2025-06-05T23:39:35Z'),('117','Monica','Bravo','Hija','2022/08/22','Femenino','24-58317277-6','153','2025-06-05T23:39:35Z','2025-06-05T23:39:35Z'),('118','Odon','Mora','Hijo','2011/05/24','Masculino','26-50310621-8','44','2025-06-05T23:39:35Z','2025-06-05T23:39:35Z'),('119','Carmen','Delgado','Hija','2002/09/19','Femenino','27-44134113-8','77','2025-06-05T23:39:36Z','2025-06-05T23:39:36Z'),('120','Josefa','Vidal','Hija','2023/07/05','Femenino','20-58935123-3','126','2025-06-05T23:39:36Z','2025-06-05T23:39:36Z'),('121','Susana','Hernandez','Hija','2023/04/18','Femenino','21-58783097-4','199','2025-06-05T23:39:36Z','2025-06-05T23:39:36Z'),('122','Ambrosio','Bravo','Hijo','2019/08/16','Masculino','25-56169435-3','54','2025-06-05T23:39:37Z','2025-06-05T23:39:37Z'),('123','Joan','Moreno','Hijo','2013/04/16','Masculino','26-51661305-8','99','2025-06-05T23:39:37Z','2025-06-05T23:39:37Z'),('124','Emilia','Montoro','Hija','2018/01/12','Femenino','27-55037043-4','144','2025-06-05T23:39:37Z','2025-06-05T23:39:37Z'),('125','Adela','Delgado','Hija','2022/11/07','Femenino','22-58467353-6','77','2025-06-05T23:39:38Z','2025-06-05T23:39:38Z'),('126','Aitor','Ortega','Hijo','2000/06/13','Masculino','23-42520308-2','188','2025-06-05T23:39:38Z','2025-06-05T23:39:38Z'),('127','Vanesa','Montoro','Hija','2013/09/13','Femenino','24-51953661-4','144','2025-06-05T23:39:38Z','2025-06-05T23:39:38Z'),('128','Amparo','Hernandez','Hijo','2014/01/10','Masculino','22-52185597-3','69','2025-06-05T23:39:39Z','2025-06-05T23:39:39Z'),('129','Aureliano','Garrido','Hijo','2022/07/10','Masculino','21-58233468-5','52','2025-06-05T23:39:39Z','2025-06-05T23:39:39Z'),('130','Facundo','Moreno','Hijo','2007/05/02','Masculino','27-47420194-1','99','2025-06-05T23:39:40Z','2025-06-05T23:39:40Z'),('131','Faustino','Saez','Hijo','2012/01/14','Masculino','20-50768645-8','120','2025-06-05T23:39:40Z','2025-06-05T23:39:40Z'),('132','Elvira','Carrasco','Hija','2019/06/23','Femenino','21-56064187-1','64','2025-06-05T23:39:40Z','2025-06-05T23:39:40Z'),('133','Nuria','Ortiz','Hija','2012/09/14','Femenino','27-51244211-4','37','2025-06-05T23:39:41Z','2025-06-05T23:39:41Z'),('134','Teodosia','Bravo','Hijo','2001/05/26','Masculino','27-43196625-1','153','2025-06-05T23:39:41Z','2025-06-05T23:39:41Z'),('135','Mar','Nieto','Hijo','1999/07/07','Masculino','24-41853736-3','145','2025-06-05T23:39:41Z','2025-06-05T23:39:41Z'),('136','Susana','Rodriguez','Hija','2007/06/03','Femenino','25-47482564-2','94','2025-06-05T23:39:42Z','2025-06-05T23:39:42Z'),('137','Isabel','Sanchez','Hija','2005/06/04','Femenino','28-46061713-5','80','2025-06-05T23:39:42Z','2025-06-05T23:39:42Z'),('138','Leopoldo','Medina','Hijo','2004/09/11','Masculino','24-45543269-4','16','2025-06-05T23:39:42Z','2025-06-05T23:39:42Z'),('139','Jeremias','Rubio','Hijo','2004/03/27','Masculino','22-45215830-3','111','2025-06-05T23:39:43Z','2025-06-05T23:39:43Z'),('140','Andrea','Reyes','Hija','2022/08/27','Femenino','24-58327022-2','161','2025-06-05T23:39:43Z','2025-06-05T23:39:43Z'),('141','Juana','Garcia','Hija','2023/03/22','Femenino','26-58730473-7','138','2025-06-05T23:39:43Z','2025-06-05T23:39:43Z'),('142','Victorio','Morales','Hijo','2010/11/21','Masculino','21-49951997-6','18','2025-06-05T23:39:44Z','2025-06-05T23:39:44Z'),('143','Patricia','Vidal','Hija','2023/01/04','Femenino','22-58580397-8','126','2025-06-05T23:39:44Z','2025-06-05T23:39:44Z'),('144','Antonio','Gutierrez','Hijo','2016/09/03','Masculino','28-54070319-3','131','2025-06-05T23:39:44Z','2025-06-05T23:39:44Z'),('145','Elena','Blanco','Hija','2014/05/02','Femenino','27-52403890-8','39','2025-06-05T23:39:45Z','2025-06-05T23:39:45Z'),('146','Gloria','Bravo','Hija','2014/04/04','Femenino','21-52349316-6','17','2025-06-05T23:39:45Z','2025-06-05T23:39:45Z'),('147','Clotilde','Alvarez','Hija','2022/08/09','Femenino','21-58291939-5','147','2025-06-05T23:39:45Z','2025-06-05T23:39:45Z'),('148','Consuelo','Castillo','Hija','2020/10/05','Femenino','28-56980235-3','93','2025-06-05T23:39:46Z','2025-06-05T23:39:46Z'),('149','Eulalia','Santos','Hija','2013/07/23','Femenino','22-51852311-2','60','2025-06-05T23:39:46Z','2025-06-05T23:39:46Z'),('150','Gabriel','Vicente','Hijo','2018/02/22','Masculino','20-55116953-8','7','2025-06-05T23:39:47Z','2025-06-05T23:39:47Z'),('151','Venancio','Bravo','Hijo','2001/05/01','Masculino','25-43147899-1','17','2025-06-05T23:39:47Z','2025-06-05T23:39:47Z'),('152','Blas','Delgado','Hijo','2013/01/22','Masculino','26-51497586-3','98','2025-06-05T23:39:47Z','2025-06-05T23:39:47Z'),('153','Luisa','Castro','Hija','2004/08/06','Femenino','20-45473103-1','51','2025-06-05T23:39:48Z','2025-06-05T23:39:48Z'),('154','Alba','Mendez','Hija','2023/05/22','Femenino','26-58849365-7','197','2025-06-05T23:39:48Z','2025-06-05T23:39:48Z'),('155','Aaron','Duran','Hijo','2022/09/14','Masculino','24-58362105-6','169','2025-06-05T23:39:48Z','2025-06-05T23:39:48Z'),('156','Maria','Cambil','Hijo','2016/04/19','Masculino','21-53803300-5','13','2025-06-05T23:39:49Z','2025-06-05T23:39:49Z'),('157','Josue','Vicente','Hijo','2006/09/25','Masculino','26-46993354-8','28','2025-06-05T23:39:49Z','2025-06-05T23:39:49Z'),('158','Salome','Blanco','Hija','2015/10/30','Femenino','26-53468065-1','106','2025-06-05T23:39:49Z','2025-06-05T23:39:49Z'),('159','Ana','Campos','Hija','2021/02/20','Femenino','28-57249203-1','185','2025-06-05T23:39:50Z','2025-06-05T23:39:50Z'),('160','Margarita','Dominguez','Hija','2014/05/06','Femenino','26-52411686-6','175','2025-06-05T23:39:50Z','2025-06-05T23:39:50Z'),('161','Asuncion','Vidal','Hija','2014/04/20','Femenino','23-52380501-7','26','2025-06-05T23:39:50Z','2025-06-05T23:39:50Z'),('162','Barbara','Ramirez','Hija','2006/08/24','Femenino','23-46930985-8','150','2025-06-05T23:39:51Z','2025-06-05T23:39:51Z'),('163','Samuel','Ortiz','Hijo','2000/10/23','Masculino','25-42777581-2','37','2025-06-05T23:39:51Z','2025-06-05T23:39:51Z'),('164','Ananias','Cano','Hija','2020/06/19','Femenino','20-56769739-2','87','2025-06-05T23:39:51Z','2025-06-05T23:39:51Z'),('165','Francisco','Moya','Hijo','2023/10/07','Masculino','23-59118332-5','48','2025-06-05T23:39:52Z','2025-06-05T23:39:52Z'),('166','Rita','Ramos','Hija','2011/02/09','Femenino','20-50107920-5','109','2025-06-05T23:39:52Z','2025-06-05T23:39:52Z'),('167','Jorge','Vargas','Hijo','2016/05/21','Masculino','26-53865670-1','167','2025-06-05T23:39:52Z','2025-06-05T23:39:52Z'),('168','Luciano','Hernandez','Hijo','2015/06/22','Masculino','25-53214690-6','196','2025-06-05T23:39:53Z','2025-06-05T23:39:53Z'),('169','Inmaculada','Cruz','Hija','2010/08/01','Femenino','27-49733705-5','146','2025-06-05T23:39:53Z','2025-06-05T23:39:53Z'),('170','Rosario','Martinez','Hija','2020/07/02','Femenino','23-56795077-2','182','2025-06-05T23:39:54Z','2025-06-05T23:39:54Z'),('172','Lucrecia','Ortiz','Hija','2007/08/15','Femenino','27-47624843-4','37','2025-06-05T23:39:54Z','2025-06-05T23:39:54Z'),('173','Lucrecia','Alvarez','Hija','2022/06/19','Femenino','21-58192538-2','147','2025-06-05T23:39:55Z','2025-06-05T23:39:55Z'),('174','Pablo','Castro','Hijo','2004/10/15','Masculino','20-45609536-2','51','2025-06-05T23:39:55Z','2025-06-05T23:39:55Z'),('175','Octavio','Delgado','Hijo','2019/03/28','Masculino','24-55894620-3','184','2025-06-05T23:39:55Z','2025-06-05T23:39:55Z'),('176','Antonio','Lopez','Hijo','2012/10/18','Masculino','28-51310478-4','61','2025-06-05T23:39:56Z','2025-06-05T23:39:56Z'),('177','Honorio','Rubio','Hijo','2012/04/23','Masculino','21-50963549-2','111','2025-06-05T23:39:56Z','2025-06-05T23:39:56Z'),('178','Gustavo','Nieto','Hijo','2008/10/19','Masculino','22-48464880-1','145','2025-06-05T23:39:56Z','2025-06-05T23:39:56Z'),('179','Raul','Santos','Hijo','2013/09/17','Masculino','21-51961457-3','60','2025-06-05T23:39:57Z','2025-06-05T23:39:57Z'),('180','Guadalupe','Castillo','Hija','2022/08/07','Femenino','27-58288041-2','93','2025-06-05T23:39:57Z','2025-06-05T23:39:57Z'),('181','Mercedes','Bravo','Hija','2018/10/24','Femenino','22-55592519-6','54','2025-06-05T23:39:57Z','2025-06-05T23:39:57Z'),('182','Aristides','Rodriguez','Hijo','2020/04/25','Masculino','21-56662542-2','94','2025-06-05T23:39:58Z','2025-06-05T23:39:58Z'),('183','Marta','Leon','Hija','2023/07/14','Femenino','24-58952664-6','194','2025-06-05T23:39:58Z','2025-06-05T23:39:58Z'),('184','Aranzazu','Reyes','Hijo','2022/01/19','Masculino','28-57898233-3','161','2025-06-05T23:39:58Z','2025-06-05T23:39:58Z'),('185','Rogelio','Reyes','Hijo','2016/03/07','Masculino','27-53719492-1','174','2025-06-05T23:39:59Z','2025-06-05T23:39:59Z'),('186','Marcelino','Garcia','Hijo','2023/05/11','Masculino','20-58827925-2','138','2025-06-05T23:39:59Z','2025-06-05T23:39:59Z'),('187','Beltran','Calvo','Hijo','2013/09/16','Masculino','28-51959508-7','95','2025-06-05T23:40:00Z','2025-06-05T23:40:00Z'),('188','Hector','Hernandez','Hijo','2017/04/14','Masculino','23-54504955-6','69','2025-06-05T23:40:00Z','2025-06-05T23:40:00Z'),('189','Lazaro','Moya','Hijo','2021/10/20','Masculino','26-57720871-3','31','2025-06-05T23:40:00Z','2025-06-05T23:40:00Z'),('190','Olga','Montoro','Hija','2021/09/15','Femenino','22-57652654-4','144','2025-06-05T23:40:01Z','2025-06-05T23:40:01Z'),('191','Remedios','Santana','Hija','2018/06/15','Femenino','24-55337195-1','163','2025-06-05T23:40:01Z','2025-06-05T23:40:01Z'),('192','Manuela','Garrido','Hija','2017/09/03','Femenino','22-54781718-7','52','2025-06-05T23:40:01Z','2025-06-05T23:40:01Z'),('193','Justino','Montoro','Hijo','2013/05/01','Masculino','24-51690541-6','144','2025-06-05T23:40:02Z','2025-06-05T23:40:02Z'),('194','Trinidad','Serrano','Hija','2018/04/17','Femenino','20-55222201-6','107','2025-06-05T23:40:02Z','2025-06-05T23:40:02Z'),('195','Hugo','Calvo','Hijo','2005/10/02','Masculino','28-46295598-6','95','2025-06-05T23:40:02Z','2025-06-05T23:40:02Z'),('196','Eduardo','Hernandez','Hijo','2002/09/25','Masculino','20-44145807-7','59','2025-06-05T23:40:03Z','2025-06-05T23:40:03Z'),('197','Abdon','Vidal','Hijo','2018/07/14','Masculino','25-55393717-2','26','2025-06-05T23:40:03Z','2025-06-05T23:40:03Z'),('198','Ascension','Pastor','Hija','2018/04/12','Femenino','24-55212456-1','124','2025-06-05T23:40:03Z','2025-06-05T23:40:03Z'),('199','Jacinto','Bravo','Hijo','2002/03/28','Masculino','26-43793031-7','153','2025-06-05T23:40:04Z','2025-06-05T23:40:04Z'),('200','Pio','Parra','Hijo','2022/07/21','Masculino','20-58254908-4','72','2025-06-05T23:40:04Z','2025-06-05T23:40:04Z'),('201','Veronica','Cambil','Hija','2016/06/19','Femenino','24-53922192-3','13','2025-06-05T23:40:04Z','2025-06-05T23:40:04Z'),('202','Rufo','Hernandez','Hijo','2016/06/04','Masculino','23-53892956-2','69','2025-06-05T23:40:05Z','2025-06-05T23:40:05Z'),('203','Josefina','Vidal','Hija','2021/01/18','Femenino','24-57184885-2','26','2025-06-05T23:40:05Z','2025-06-05T23:40:05Z'),('204','Aquiles','Alvarez','Hijo','2022/10/07','Masculino','23-58406933-3','147','2025-06-05T23:40:05Z','2025-06-05T23:40:05Z'),('205','Magdalena','Vargas','Hija','2017/02/12','Femenino','22-54386063-6','198','2025-06-05T23:40:06Z','2025-06-05T23:40:06Z'),('206','Arturo','Moya','Hijo','2023/05/08','Masculino','25-58822078-6','48','2025-06-05T23:40:06Z','2025-06-05T23:40:06Z'),('207','Sofia','Gallego','Hija','2013/01/26','Femenino','21-51505382-7','12','2025-06-05T23:40:07Z','2025-06-05T23:40:07Z'),('208','Fabiola','Dominguez','Hija','2013/07/29','Femenino','26-51864005-3','175','2025-06-05T23:40:07Z','2025-06-05T23:40:07Z'),('209','Patricia','Ferrer','Hija','2008/04/25','Femenino','26-48119900-5','38','2025-06-05T23:40:07Z','2025-06-05T23:40:07Z'),('210','Inocencio','Delgado','Hijo','2012/02/25','Masculino','26-50850505-5','152','2025-06-05T23:40:08Z','2025-06-05T23:40:08Z'),('211','Josue','Gil','Hijo','2012/05/03','Masculino','20-50983039-4','92','2025-06-05T23:40:08Z','2025-06-05T23:40:08Z'),('212','Concepcion','Cruz','Hija','2014/11/02','Femenino','23-52762513-2','128','2025-06-05T23:40:08Z','2025-06-05T23:40:08Z'),('213','Bernabe','Alvarez','Hijo','2022/02/02','Masculino','20-57925520-4','147','2025-06-05T23:40:09Z','2025-06-05T23:40:09Z'),('214','Aurelia','Lopez','Hija','2012/06/02','Femenino','20-51041511-3','61','2025-06-05T23:40:09Z','2025-06-05T23:40:09Z'),('215','Celia','Gallego','Hija','2013/03/30','Femenino','24-51628172-1','12','2025-06-05T23:40:09Z','2025-06-05T23:40:09Z'),('216','Emiliano','Cruz','Hijo','2013/03/19','Masculino','21-51606732-3','128','2025-06-05T23:40:10Z','2025-06-05T23:40:10Z'),('217','Rosendo','Rodriguez','Hijo','2007/04/12','Masculino','26-47381213-3','94','2025-06-05T23:40:10Z','2025-06-05T23:40:10Z'),('218','Amelia','Hernandez','Hija','2011/03/22','Femenino','20-50187831-2','59','2025-06-05T23:40:10Z','2025-06-05T23:40:10Z'),('219','Mario','Vicente','Hijo','2008/04/29','Masculino','25-48127696-8','162','2025-06-05T23:40:11Z','2025-06-05T23:40:11Z'),('220','Elvira','Vargas','Hija','2010/04/18','Femenino','22-49529056-2','198','2025-06-05T23:40:11Z','2025-06-05T23:40:11Z'),('221','Emiliano','Pastor','Hijo','2018/11/26','Masculino','20-55656837-4','124','2025-06-05T23:40:11Z','2025-06-05T23:40:11Z'),('222','Mercedes','Mendez','Hija','2008/01/19','Femenino','23-47930843-1','42','2025-06-05T23:40:12Z','2025-06-05T23:40:12Z'),('223','Odon','Iglesias','Hijo','2014/02/07','Masculino','21-52240170-5','113','2025-06-05T23:40:12Z','2025-06-05T23:40:12Z'),('224','Eusebio','Bravo','Hijo','2012/04/10','Masculino','24-50938211-8','17','2025-06-05T23:40:13Z','2025-06-05T23:40:13Z'),('225','Manuela','Ortega','Hija','2002/08/23','Femenino','25-44081489-3','191','2025-06-05T23:40:13Z','2025-06-05T23:40:13Z'),('226','Jacob','Esteban','Hijo','2001/03/21','Masculino','21-43067988-4','83','2025-06-05T23:40:13Z','2025-06-05T23:40:13Z'),('227','Alonso','Navarro','Hijo','2020/03/19','Masculino','22-56590427-1','91','2025-06-05T23:40:14Z','2025-06-05T23:40:14Z'),('228','Almudena','Campos','Hija','2021/05/12','Femenino','26-57407075-7','185','2025-06-05T23:40:14Z','2025-06-05T23:40:14Z'),('229','Vicenta','Iglesias','Hija','2012/05/22','Femenino','23-51020071-3','113','2025-06-05T23:40:14Z','2025-06-05T23:40:14Z'),('230','Noelia','Castro','Hija','2011/10/11','Femenino','22-50583486-2','51','2025-06-05T23:40:15Z','2025-06-05T23:40:15Z'),('231','Celia','Gallego','Hija','2013/07/09','Femenino','20-51825025-2','12','2025-06-05T23:40:15Z','2025-06-05T23:40:15Z'),('232','Ildefonso','Moya','Hijo','2023/02/08','Masculino','21-58648614-4','48','2025-06-05T23:40:15Z','2025-06-05T23:40:15Z'),('233','Salvador','Delgado','Hijo','1998/09/13','Masculino','26-41274871-3','184','2025-06-05T23:40:16Z','2025-06-05T23:40:16Z'),('234','Trinidad','Ortega','Hija','2004/07/03','Femenino','20-45406836-5','188','2025-06-05T23:40:16Z','2025-06-05T23:40:16Z'),('235','Dolores','Esteban','Hijo','2022/07/12','Masculino','21-58237366-2','66','2025-06-05T23:40:16Z','2025-06-05T23:40:16Z'),('236','Julian','Gutierrez','Hijo','2016/01/04','Masculino','21-53596702-3','131','2025-06-05T23:40:17Z','2025-06-05T23:40:17Z'),('237','Casiano','Gallego','Hijo','2013/03/12','Masculino','24-51593089-2','12','2025-06-05T23:40:17Z','2025-06-05T23:40:17Z'),('238','Celso','Delgado','Hijo','2013/01/10','Masculino','26-51474197-8','77','2025-06-05T23:40:17Z','2025-06-05T23:40:17Z'),('239','Wilfredo','Mendez','Hijo','2022/01/08','Masculino','20-57876794-4','42','2025-06-05T23:40:18Z','2025-06-05T23:40:18Z'),('240','Amparo','Iglesias','Hijo','2019/09/11','Masculino','28-56220110-6','113','2025-06-05T23:40:18Z','2025-06-05T23:40:18Z'),('241','Paula','Moreno','Hija','2005/01/29','Femenino','24-45816134-6','99','2025-06-05T23:40:18Z','2025-06-05T23:40:18Z'),('242','Tadeo','Mendez','Hijo','2023/08/07','Masculino','23-58999441-3','197','2025-06-05T23:40:19Z','2025-06-05T23:40:19Z'),('243','Efren','Carrasco','Hijo','2011/10/04','Masculino','28-50569843-5','64','2025-06-05T23:40:19Z','2025-06-05T23:40:19Z'),('244','Marta','Duran','Hija','2022/09/16','Femenino','21-58366003-7','169','2025-06-05T23:40:20Z','2025-06-05T23:40:20Z'),('245','Remedios','Santana','Hija','2018/09/19','Femenino','24-55524303-6','163','2025-06-05T23:40:20Z','2025-06-05T23:40:20Z'),('246','Belen','Ramirez','Hija','2003/03/10','Femenino','22-44469348-6','155','2025-06-05T23:40:20Z','2025-06-05T23:40:20Z'),('247','Heraclio','Velasco','Hijo','2017/06/26','Masculino','27-54647235-1','137','2025-06-05T23:40:21Z','2025-06-05T23:40:21Z'),('248','Jordi','Hernandez','Hijo','1999/09/01','Masculino','24-41962882-8','69','2025-06-05T23:40:21Z','2025-06-05T23:40:21Z'),('249','Francesc','Hernandez','Hijo','1999/11/23','Masculino','26-42124653-1','59','2025-06-05T23:40:21Z','2025-06-05T23:40:21Z'),('250','Elena','Delgado','Hija','2002/10/11','Femenino','24-44176992-3','152','2025-06-05T23:40:22Z','2025-06-05T23:40:22Z'),('251','Heliodoro','Esteban','Hijo','2018/04/02','Masculino','20-55192966-6','83','2025-06-05T23:40:22Z','2025-06-05T23:40:22Z'),('252','Alicia','Cruz','Hijo','2006/01/22','Masculino','25-46513891-2','128','2025-06-05T23:40:22Z','2025-06-05T23:40:22Z'),('253','Elias','Perez','Hijo','2013/04/01','Masculino','23-51632070-1','151','2025-06-05T23:40:23Z','2025-06-05T23:40:23Z'),('254','Aurea','Sanz','Hija','2020/10/24','Femenino','21-57017267-7','56','2025-06-05T23:40:23Z','2025-06-05T23:40:23Z'),('255','Esiquio','Cambil','Hijo','2016/09/06','Masculino','23-54076166-4','13','2025-06-05T23:40:23Z','2025-06-05T23:40:23Z'),('256','Basileo','Morales','Hijo','2021/09/17','Masculino','21-57656552-8','18','2025-06-05T23:40:24Z','2025-06-05T23:40:24Z'),('257','Columbano','Cabrera','Hijo','2000/01/06','Masculino','21-42210410-6','8','2025-06-05T23:40:24Z','2025-06-05T23:40:24Z'),('258','Arcadio','Sanchez','Hijo','2018/11/15','Masculino','28-55635398-6','80','2025-06-05T23:40:24Z','2025-06-05T23:40:24Z'),('260','Santiago','Ferrer','Hijo','2003/09/18','Masculino','22-44843563-3','38','2025-06-05T23:40:25Z','2025-06-05T23:40:25Z'),('261','Natividad','Leon','Hija','2023/01/25','Femenino','27-58621327-7','194','2025-06-05T23:40:25Z','2025-06-05T23:40:25Z'),('262','Benedicto','Vargas','Hijo','2020/03/12','Masculino','26-56576784-3','67','2025-06-05T23:40:26Z','2025-06-05T23:40:26Z'),('264','Cirilo','Rubio','Hijo','2008/05/09','Masculino','25-48147186-5','111','2025-06-05T23:40:27Z','2025-06-05T23:40:27Z'),('265','German','Arias','Hijo','2004/03/05','Masculino','26-45172951-8','136','2025-06-05T23:40:27Z','2025-06-05T23:40:27Z'),('266','Alipio','Ferrer','Hijo','2011/02/22','Masculino','26-50133258-2','135','2025-06-05T23:40:27Z','2025-06-05T23:40:27Z'),('267','Heliodoro','Ramirez','Hijo','2020/10/17','Masculino','27-57003624-2','155','2025-06-05T23:40:28Z','2025-06-05T23:40:28Z'),('268','Marina','Caballero','Hija','2011/06/18','Femenino','24-50359347-5','97','2025-06-05T23:40:28Z','2025-06-05T23:40:28Z'),('269','Raul','Gallego','Hijo','2013/11/25','Masculino','21-52095941-7','12','2025-06-05T23:40:28Z','2025-06-05T23:40:28Z'),('270','Esther','Castillo','Hija','2020/01/25','Femenino','22-56485179-2','93','2025-06-05T23:40:29Z','2025-06-05T23:40:29Z'),('271','Francesc','Cruz','Hijo','2001/07/03','Masculino','20-43270688-7','128','2025-06-05T23:40:29Z','2025-06-05T23:40:29Z'),('272','Marta','Cano','Hija','2000/06/18','Femenino','27-42530053-1','23','2025-06-05T23:40:29Z','2025-06-05T23:40:29Z'),('273','Alvaro','Rodriguez','Hijo','2007/05/17','Masculino','23-47449430-2','94','2025-06-05T23:40:30Z','2025-06-05T23:40:30Z'),('274','Cecilia','Vargas','Hija','2016/02/08','Femenino','28-53664918-5','67','2025-06-05T23:40:30Z','2025-06-05T23:40:30Z'),('275','Gertrudis','Gil','Hija','2016/08/26','Femenino','22-54054726-5','57','2025-06-05T23:40:30Z','2025-06-05T23:40:30Z'),('276','Alvaro','Castro','Hijo','1999/04/11','Masculino','21-41684170-2','51','2025-06-05T23:40:31Z','2025-06-05T23:40:31Z'),('277','Vicenta','Hernandez','Hija','2023/07/23','Femenino','22-58970205-7','199','2025-06-05T23:40:31Z','2025-06-05T23:40:31Z'),('278','Benito','Ferrer','Hijo','2019/06/14','Masculino','22-56046645-8','135','2025-06-05T23:40:31Z','2025-06-05T23:40:31Z'),('279','Teodosia','Castro','Hijo','2017/10/03','Masculino','25-54840190-6','51','2025-06-05T23:40:32Z','2025-06-05T23:40:32Z'),('280','Francisca','Vargas','Hija','2016/07/28','Femenino','28-53998204-1','167','2025-06-05T23:40:32Z','2025-06-05T23:40:32Z'),('281','Andres','Mora','Hijo','2010/06/24','Masculino','26-49659641-2','44','2025-06-05T23:40:33Z','2025-06-05T23:40:33Z'),('282','Adela','Nieto','Hija','2007/07/15','Femenino','26-47564423-7','145','2025-06-05T23:40:33Z','2025-06-05T23:40:33Z'),('283','Rosendo','Bravo','Hijo','2004/08/25','Masculino','24-45510135-4','17','2025-06-05T23:40:33Z','2025-06-05T23:40:33Z'),('284','Aurelia','Medina','Hija','2022/05/14','Femenino','25-58122373-2','90','2025-06-05T23:40:34Z','2025-06-05T23:40:34Z'),('285','Cristobal','Santos','Hijo','2011/06/24','Masculino','25-50371041-6','60','2025-06-05T23:40:34Z','2025-06-05T23:40:34Z'),('286','Ester','Rubio','Hija','2017/04/19','Femenino','20-54514700-3','111','2025-06-05T23:40:34Z','2025-06-05T23:40:34Z'),('287','Fabiola','Reyes','Hija','2022/04/28','Femenino','22-58091188-4','161','2025-06-05T23:40:35Z','2025-06-05T23:40:35Z'),('288','Tadeo','Suarez','Hijo','2019/04/20','Masculino','26-55939448-7','127','2025-06-05T23:40:35Z','2025-06-05T23:40:35Z'),('289','Mar','Medina','Hijo','2021/03/09','Masculino','26-57282337-5','90','2025-06-05T23:40:35Z','2025-06-05T23:40:35Z'),('290','Jesus','Hernandez','Hijo','2008/03/26','Masculino','28-48061428-8','196','2025-06-05T23:40:36Z','2025-06-05T23:40:36Z'),('291','Natalia','Delgado','Hija','2015/02/25','Femenino','20-52986652-8','184','2025-06-05T23:40:36Z','2025-06-05T23:40:36Z'),('292','Benjamin','Gil','Hijo','2016/02/08','Masculino','20-53664918-1','57','2025-06-05T23:40:36Z','2025-06-05T23:40:36Z'),('293','Raimundo','Soler','Hijo','2008/02/09','Masculino','26-47971773-4','46','2025-06-05T23:40:37Z','2025-06-05T23:40:37Z'),('294','Borja','Suarez','Hija','2019/08/11','Femenino','20-56159690-7','127','2025-06-05T23:40:37Z','2025-06-05T23:40:37Z'),('295','Victoria','Parra','Hija','2016/03/05','Femenino','20-53715593-1','72','2025-06-05T23:40:37Z','2025-06-05T23:40:37Z'),('296','Aquiles','Parra','Hijo','2022/03/22','Masculino','22-58019074-4','43','2025-06-05T23:40:38Z','2025-06-05T23:40:38Z'),('298','Laura','Mora','Hija','2020/03/28','Femenino','21-56607969-4','44','2025-06-05T23:40:38Z','2025-06-05T23:40:38Z'),('299','Baldomero','Mendez','Hijo','2008/08/04','Masculino','21-48316753-6','42','2025-06-05T23:40:39Z','2025-06-05T23:40:39Z'),('300','Ines','Ruiz','Hija','2014/05/22','Femenino','23-52442870-6','140','2025-06-05T23:40:39Z','2025-06-05T23:40:39Z'),('301','Guido','Pastor','Hijo','2018/08/22','Masculino','28-55469729-5','124','2025-06-05T23:40:40Z','2025-06-05T23:40:40Z'),('302','Carina','Delgado','Hija','2010/09/16','Femenino','22-49823361-6','98','2025-06-05T23:40:40Z','2025-06-05T23:40:40Z'),('303','Eugenio','Gil','Hijo','2004/08/23','Masculino','27-45506237-1','92','2025-06-05T23:40:40Z','2025-06-05T23:40:40Z'),('304','Victorino','Mendez','Hijo','2003/01/26','Masculino','25-44385539-3','42','2025-06-05T23:40:41Z','2025-06-05T23:40:41Z'),('305','Artemio','Medina','Hijo','2017/02/02','Masculino','23-54366573-2','90','2025-06-05T23:40:41Z','2025-06-05T23:40:41Z'),('306','Albina','Santos','Hija','2011/09/07','Femenino','27-50517219-5','60','2025-06-05T23:40:41Z','2025-06-05T23:40:41Z'),('307','Jonas','Castillo','Hijo','2021/02/23','Masculino','24-57255050-8','93','2025-06-05T23:40:42Z','2025-06-05T23:40:42Z'),('308','Irene','Mora','Hija','2015/09/23','Femenino','20-53395951-6','44','2025-06-05T23:40:42Z','2025-06-05T23:40:42Z'),('309','Marcelo','Pastor','Hijo','2018/09/27','Masculino','21-55539895-3','124','2025-06-05T23:40:42Z','2025-06-05T23:40:42Z'),('310','Elias','Santana','Hijo','2018/04/27','Masculino','27-55241692-3','163','2025-06-05T23:40:43Z','2025-06-05T23:40:43Z'),('311','Sandra','Diaz','Hija','2021/11/12','Femenino','27-57765699-8','168','2025-06-05T23:40:43Z','2025-06-05T23:40:43Z'),('312','Olga','Cruz','Hija','2022/03/01','Femenino','25-57978144-5','146','2025-06-05T23:40:43Z','2025-06-05T23:40:43Z'),('313','Almudena','Herrero','Hija','2000/07/22','Femenino','25-42596320-3','6','2025-06-05T23:40:44Z','2025-06-05T23:40:44Z'),('314','Narciso','Gallego','Hijo','2021/09/16','Masculino','25-57654603-1','12','2025-06-05T23:40:44Z','2025-06-05T23:40:44Z'),('315','Marcos','Cano','Hijo','2011/02/04','Masculino','24-50098175-4','23','2025-06-05T23:40:44Z','2025-06-05T23:40:44Z'),('316','Olga','Navarro','Hija','2010/08/21','Femenino','21-49772686-6','91','2025-06-05T23:40:45Z','2025-06-05T23:40:45Z'),('317','Amadeo','Caballero','Hijo','2022/09/18','Masculino','21-58369901-6','97','2025-06-05T23:40:45Z','2025-06-05T23:40:45Z'),('318','Genoveva','Campos','Hija','2021/01/26','Femenino','27-57200477-4','185','2025-06-05T23:40:46Z','2025-06-05T23:40:46Z'),('319','Aitor','Castillo','Hijo','2020/05/13','Masculino','24-56697625-7','93','2025-06-05T23:40:46Z','2025-06-05T23:40:46Z'),('320','Jacinto','Ramirez','Hijo','2017/03/02','Masculino','21-54421146-7','155','2025-06-05T23:40:46Z','2025-06-05T23:40:46Z'),('321','Francisca','Garrido','Hija','2017/04/01','Femenino','24-54479617-5','52','2025-06-05T23:40:47Z','2025-06-05T23:40:47Z'),('322','Jacinto','Gil','Hijo','2005/09/02','Masculino','23-46237127-2','92','2025-06-05T23:40:47Z','2025-06-05T23:40:47Z'),('323','Carlos','Mora','Hijo','2018/05/19','Masculino','27-55284571-8','44','2025-06-05T23:40:47Z','2025-06-05T23:40:47Z'),('324','Ladislao','Parra','Hijo','2002/07/26','Masculino','28-44026916-4','72','2025-06-05T23:40:48Z','2025-06-05T23:40:48Z'),('325','Pancracio','Hernandez','Hijo','2017/01/27','Masculino','23-54354879-5','196','2025-06-05T23:40:48Z','2025-06-05T23:40:48Z'),('326','Inmaculada','Castro','Hija','2001/11/01','Femenino','20-43506522-4','51','2025-06-05T23:40:48Z','2025-06-05T23:40:48Z'),('327','Rafael','Gutierrez','Hijo','2016/09/29','Masculino','27-54120994-8','131','2025-06-05T23:40:49Z','2025-06-05T23:40:49Z'),('328','Adalberto','Vicente','Hijo','2002/02/21','Masculino','26-43724814-2','7','2025-06-05T23:40:49Z','2025-06-05T23:40:49Z'),('329','Andrea','Blanco','Hija','2015/01/16','Femenino','22-52908691-8','106','2025-06-05T23:40:49Z','2025-06-05T23:40:49Z'),('330','Bernardo','Parra','Hijo','2011/06/26','Masculino','21-50374939-3','72','2025-06-05T23:40:50Z','2025-06-05T23:40:50Z'),('331','Purificacion','Molina','Hija','2017/01/24','Femenino','27-54349031-5','20','2025-06-05T23:40:50Z','2025-06-05T23:40:50Z'),('332','Celina','Duran','Hija','2018/06/01','Femenino','25-55309908-4','170','2025-06-05T23:40:50Z','2025-06-05T23:40:50Z'),('333','Mateo','Gil','Hijo','2001/10/27','Masculino','21-43496777-8','92','2025-06-05T23:40:51Z','2025-06-05T23:40:51Z'),('334','Bruno','Serrano','Hijo','2015/07/28','Masculino','28-53284856-3','107','2025-06-05T23:40:51Z','2025-06-05T23:40:51Z'),('335','Aranzazu','Diaz','Hijo','2020/06/12','Masculino','25-56756096-2','168','2025-06-05T23:40:51Z','2025-06-05T23:40:51Z'),('336','Lucia','Delgado','Hija','2000/05/29','Femenino','25-42491072-5','152','2025-06-05T23:40:52Z','2025-06-05T23:40:52Z'),('337','Anastasia','Cabrera','Hija','2020/06/16','Femenino','28-56763892-8','8','2025-06-05T23:40:52Z','2025-06-05T23:40:52Z'),('338','Domingo','Duran','Hijo','2018/06/10','Masculino','27-55327450-2','170','2025-06-05T23:40:53Z','2025-06-05T23:40:53Z'),('339','Vicenta','Blanco','Hija','2014/01/02','Femenino','28-52170005-6','39','2025-06-05T23:40:53Z','2025-06-05T23:40:53Z'),('340','Ramon','Hernandez','Hijo','2020/06/08','Masculino','25-56748300-6','69','2025-06-05T23:40:53Z','2025-06-05T23:40:53Z'),('342','Victorio','Duran','Hijo','2022/10/06','Masculino','28-58404984-4','169','2025-06-05T23:40:54Z','2025-06-05T23:40:54Z'),('343','Balduino','Delgado','Hijo','2012/06/24','Masculino','21-51084389-1','98','2025-06-05T23:40:54Z','2025-06-05T23:40:54Z'),('344','Benito','Delgado','Hijo','2010/02/02','Masculino','28-49382878-8','98','2025-06-05T23:40:55Z','2025-06-05T23:40:55Z'),('345','Cecilia','Parra','Hija','2013/02/16','Femenino','25-51546312-3','43','2025-06-05T23:40:55Z','2025-06-05T23:40:55Z'),('346','Alejandra','Diaz','Hija','2020/09/05','Femenino','27-56921764-1','168','2025-06-05T23:40:55Z','2025-06-05T23:40:55Z'),('347','Sara','Martinez','Hija','2019/01/23','Femenino','25-55769882-8','182','2025-06-05T23:40:56Z','2025-06-05T23:40:56Z'),('348','Jonas','Rubio','Hijo','2001/07/01','Masculino','26-43266790-8','111','2025-06-05T23:40:56Z','2025-06-05T23:40:56Z'),('349','Siro','Blanco','Hijo','2021/07/27','Masculino','24-57555202-7','39','2025-06-05T23:40:56Z','2025-06-05T23:40:56Z'),('350','Carmelo','Castro','Hijo','2003/07/28','Masculino','21-44742213-7','51','2025-06-05T23:40:57Z','2025-06-05T23:40:57Z'),('351','Dario','Sanchez','Hijo','2015/06/25','Masculino','20-53220537-2','80','2025-06-05T23:40:57Z','2025-06-05T23:40:57Z'),('352','Sara','Esteban','Hija','2012/11/01','Femenino','24-51337765-3','83','2025-06-05T23:40:57Z','2025-06-05T23:40:57Z'),('353','Teresa','Castillo','Hija','2020/02/07','Femenino','27-56510517-2','93','2025-06-05T23:40:58Z','2025-06-05T23:40:58Z'),('354','Almudena','Suarez','Hija','2011/04/11','Femenino','25-50226812-7','125','2025-06-05T23:40:58Z','2025-06-05T23:40:58Z'),('355','Elisa','Gutierrez','Hija','2020/07/22','Femenino','21-56834057-1','131','2025-06-05T23:40:59Z','2025-06-05T23:40:59Z'),('356','Joaquin','Calvo','Hijo','2004/03/20','Masculino','23-45202187-2','95','2025-06-05T23:40:59Z','2025-06-05T23:40:59Z'),('357','Valentin','Garcia','Hijo','2023/07/26','Masculino','21-58976052-5','138','2025-06-05T23:40:59Z','2025-06-05T23:40:59Z'),('358','Colombo','Parra','Hijo','2009/09/03','Masculino','20-49086623-8','72','2025-06-05T23:41:00Z','2025-06-05T23:41:00Z'),('359','Adelaida','Saez','Hija','2012/09/11','Femenino','24-51238364-5','120','2025-06-05T23:41:00Z','2025-06-05T23:41:00Z'),('361','Leonardo','Cruz','Hijo','2018/05/25','Masculino','24-55296265-2','146','2025-06-05T23:41:01Z','2025-06-05T23:41:01Z'),('362','Milagros','Montoro','Hija','2019/07/27','Femenino','28-56130454-7','144','2025-06-05T23:41:01Z','2025-06-05T23:41:01Z'),('363','Rafael','Sanchez','Hijo','2003/03/24','Masculino','25-44496634-1','80','2025-06-05T23:41:01Z','2025-06-05T23:41:01Z'),('364','Gabriel','Delgado','Hijo','2020/11/06','Masculino','20-57042605-4','98','2025-06-05T23:41:02Z','2025-06-05T23:41:02Z'),('365','Ernesto','Martinez','Hijo','2019/04/27','Masculino','20-55953091-5','182','2025-06-05T23:41:02Z','2025-06-05T23:41:02Z'),('366','Elvira','Vargas','Hija','2016/07/21','Femenino','21-53984561-7','167','2025-06-05T23:41:02Z','2025-06-05T23:41:02Z'),('367','Bruno','Delgado','Hijo','1999/03/09','Masculino','26-41619851-3','77','2025-06-05T23:41:03Z','2025-06-05T23:41:03Z'),('368','Monica','Soler','Hija','2011/04/01','Femenino','23-50207321-7','46','2025-06-05T23:41:03Z','2025-06-05T23:41:03Z'),('369','Hildegarda','Reyes','Hija','2022/05/25','Femenino','26-58143812-5','161','2025-06-05T23:41:03Z','2025-06-05T23:41:03Z'),('370','Rebeca','Parra','Hija','2007/04/06','Femenino','23-47369519-2','43','2025-06-05T23:41:04Z','2025-06-05T23:41:04Z'),('371','Efren','Rodriguez','Hijo','2022/01/15','Masculino','23-57890437-8','94','2025-06-05T23:41:04Z','2025-06-05T23:41:04Z'),('372','Alejandra','Gutierrez','Hija','2016/06/25','Femenino','22-53933886-4','131','2025-06-05T23:41:04Z','2025-06-05T23:41:04Z'),('373','Vidal','Navarro','Hija','2010/08/07','Femenino','27-49745399-8','91','2025-06-05T23:41:05Z','2025-06-05T23:41:05Z'),('374','Lucia','Navarro','Hija','2011/11/06','Femenino','27-50634161-1','91','2025-06-05T23:41:05Z','2025-06-05T23:41:05Z'),('375','Vicenta','Sanchez','Hija','2016/08/04','Femenino','25-54011848-8','80','2025-06-05T23:41:06Z','2025-06-05T23:41:06Z'),('376','Diego','Hernandez','Hijo','2005/06/13','Masculino','26-46079255-1','196','2025-06-05T23:41:06Z','2025-06-05T23:41:06Z'),('377','Gabriel','Saez','Hijo','2012/08/23','Masculino','21-51201332-7','120','2025-06-05T23:41:06Z','2025-06-05T23:41:06Z'),('378','Rodrigo','Lorenzo','Hijo','1999/09/16','Masculino','28-41992118-7','104','2025-06-05T23:41:07Z','2025-06-05T23:41:07Z'),('379','Blanca','Duran','Hija','2019/10/08','Femenino','22-56272734-7','170','2025-06-05T23:41:07Z','2025-06-05T23:41:07Z'),('380','Domingo','Santana','Hijo','2018/02/22','Masculino','20-55116953-5','163','2025-06-05T23:41:07Z','2025-06-05T23:41:07Z'),('381','Lorena','Rubio','Hija','2014/02/19','Femenino','21-52263559-3','111','2025-06-05T23:41:08Z','2025-06-05T23:41:08Z'),('382','Lino','Cambil','Hijo','2016/11/18','Masculino','22-54218446-7','13','2025-06-05T23:41:08Z','2025-06-05T23:41:08Z'),('383','Lucia','Parra','Hija','2018/06/18','Femenino','28-55343042-3','72','2025-06-05T23:41:08Z','2025-06-05T23:41:08Z'),('384','Fatima','Cano','Hija','2006/08/18','Femenino','22-46919291-2','23','2025-06-05T23:41:09Z','2025-06-05T23:41:09Z'),('385','Dimas','Ortega','Hijo','1999/07/12','Masculino','27-41863481-5','191','2025-06-05T23:41:09Z','2025-06-05T23:41:09Z'),('386','Gertrudis','Castillo','Hija','2020/07/04','Femenino','22-56798975-3','93','2025-06-05T23:41:09Z','2025-06-05T23:41:09Z'),('387','Esperanza','Lorenzo','Hija','2008/06/15','Femenino','23-48219301-5','104','2025-06-05T23:41:10Z','2025-06-05T23:41:10Z'),('388','Beltran','Herrero','Hijo','2021/07/30','Masculino','24-57561049-1','178','2025-06-05T23:41:10Z','2025-06-05T23:41:10Z'),('389','Baldomero','Medina','Hijo','2018/10/18','Masculino','27-55580825-5','90','2025-06-05T23:41:10Z','2025-06-05T23:41:10Z'),('390','Barbara','Montero','Hija','2020/07/12','Femenino','21-56814567-7','70','2025-06-05T23:41:11Z','2025-06-05T23:41:11Z'),('391','Aquiles','Castillo','Hijo','2021/10/07','Masculino','20-57695533-1','93','2025-06-05T23:41:11Z','2025-06-05T23:41:11Z'),('392','Vanesa','Lopez','Hija','2012/08/09','Femenino','23-51174045-2','61','2025-06-05T23:41:11Z','2025-06-05T23:41:11Z'),('393','Venancio','Esteban','Hijo','2004/02/18','Masculino','24-45141766-5','83','2025-06-05T23:41:12Z','2025-06-05T23:41:12Z'),('394','Donato','Ferrer','Hijo','2016/05/26','Masculino','23-53875415-7','135','2025-06-05T23:41:12Z','2025-06-05T23:41:12Z'),('395','Elisa','Dominguez','Hija','2014/03/03','Femenino','26-52286947-1','175','2025-06-05T23:41:13Z','2025-06-05T23:41:13Z'),('396','Hildegarda','Duran','Hija','2022/05/08','Femenino','20-58110679-6','169','2025-06-05T23:41:13Z','2025-06-05T23:41:13Z'),('397','Gema','Castro','Hija','2013/06/29','Femenino','27-51805534-1','51','2025-06-05T23:41:13Z','2025-06-05T23:41:13Z'),('398','Salome','Santana','Hija','2018/06/11','Femenino','22-55329399-3','163','2025-06-05T23:41:14Z','2025-06-05T23:41:14Z'),('399','Lucrecia','Duran','Hija','2022/03/24','Femenino','20-58022972-3','169','2025-06-05T23:41:14Z','2025-06-05T23:41:14Z'),('400','Clotilde','Esteban','Hija','2009/06/02','Femenino','28-48905363-3','66','2025-06-05T23:41:14Z','2025-06-05T23:41:14Z'),('401','Celia','Soler','Hija','2020/11/02','Femenino','23-57034809-6','46','2025-06-05T23:41:15Z','2025-06-05T23:41:15Z'),('402','Edmundo','Suarez','Hijo','2019/06/08','Masculino','21-56034951-1','127','2025-06-05T23:41:15Z','2025-06-05T23:41:15Z'),('403','Onesimo','Nieto','Hijo','2009/01/20','Masculino','27-48646140-4','145','2025-06-05T23:41:15Z','2025-06-05T23:41:15Z'),('404','Silvia','Hernandez','Hija','2001/08/07','Femenino','27-43338904-5','59','2025-06-05T23:41:16Z','2025-06-05T23:41:16Z'),('405','Agustin','Ferrer','Hijo','2022/02/21','Masculino','27-57962552-6','135','2025-06-05T23:41:16Z','2025-06-05T23:41:16Z'),('406','Fatima','Santana','Hija','2018/04/21','Femenino','21-55229998-3','163','2025-06-05T23:41:16Z','2025-06-05T23:41:16Z'),('407','Inmaculada','Herrero','Hija','2021/03/29','Femenino','20-57321317-5','178','2025-06-05T23:41:17Z','2025-06-05T23:41:17Z'),('408','Beltran','Ortiz','Hijo','2014/10/12','Masculino','23-52721583-7','37','2025-06-05T23:41:17Z','2025-06-05T23:41:17Z'),('409','Federico','Ramirez','Hijo','2017/08/14','Masculino','24-54742738-1','150','2025-06-05T23:41:17Z','2025-06-05T23:41:17Z'),('410','Cristobal','Cabrera','Hijo','2008/06/22','Masculino','23-48232944-5','8','2025-06-05T23:41:18Z','2025-06-05T23:41:18Z'),('411','Virginia','Vidal','Hija','2023/07/15','Femenino','22-58954613-4','126','2025-06-05T23:41:18Z','2025-06-05T23:41:18Z'),('412','Ciro','Alvarez','Hijo','2022/07/21','Masculino','26-58254908-4','147','2025-06-05T23:41:19Z','2025-06-05T23:41:19Z'),('413','Tania','Iglesias','Hija','2012/02/19','Femenino','21-50838810-2','113','2025-06-05T23:41:19Z','2025-06-05T23:41:19Z'),('414','Lucrecia','Ferrer','Hija','2011/08/06','Femenino','20-50454850-6','135','2025-06-05T23:41:19Z','2025-06-05T23:41:19Z'),('415','Sebastian','Vargas','Hijo','2016/02/11','Masculino','23-53670766-4','167','2025-06-05T23:41:20Z','2025-06-05T23:41:20Z'),('417','Jorge','Cambil','Hijo','2019/01/11','Masculino','26-55746493-4','13','2025-06-05T23:41:20Z','2025-06-05T23:41:20Z'),('418','Elisa','Molina','Hija','2015/04/17','Femenino','20-53086054-8','20','2025-06-05T23:41:21Z','2025-06-05T23:41:21Z'),('419','Isidro','Gallego','Hijo','2013/01/07','Masculino','26-51468350-8','12','2025-06-05T23:41:21Z','2025-06-05T23:41:21Z'),('420','Velerio','Medina','Hijo','2022/08/17','Masculino','24-58307532-2','90','2025-06-05T23:41:21Z','2025-06-05T23:41:21Z'),('422','Guido','Ramirez','Hijo','2007/11/04','Masculino','25-47782716-7','155','2025-06-05T23:41:22Z','2025-06-05T23:41:22Z'),('423','Lidia','Campos','Hija','2021/03/29','Femenino','24-57321317-8','185','2025-06-05T23:41:22Z','2025-06-05T23:41:22Z'),('424','Nicomedes','Molina','Hijo','2014/02/22','Masculino','25-52269406-4','20','2025-06-05T23:41:23Z','2025-06-05T23:41:23Z'),('425','Sixto','Gil','Hijo','2016/04/25','Masculino','22-53814994-7','57','2025-06-05T23:41:23Z','2025-06-05T23:41:23Z'),('426','Tomas','Mendez','Hijo','2023/04/22','Masculino','25-58790894-6','197','2025-06-05T23:41:23Z','2025-06-05T23:41:23Z'),('427','Miriam','Cano','Hija','2010/03/13','Femenino','22-49458890-8','87','2025-06-05T23:41:24Z','2025-06-05T23:41:24Z'),('428','Laura','Campos','Hija','2021/04/25','Femenino','28-57373942-8','185','2025-06-05T23:41:24Z','2025-06-05T23:41:24Z'),('429','Atanasio','Bravo','Hijo','2004/02/23','Masculino','26-45151512-7','17','2025-06-05T23:41:24Z','2025-06-05T23:41:24Z'),('430','Hector','Sanz','Hijo','2019/01/03','Masculino','20-55730901-4','56','2025-06-05T23:41:25Z','2025-06-05T23:41:25Z'),('431','Bonifacio','Duran','Hijo','2022/08/23','Masculino','22-58319226-6','170','2025-06-05T23:41:25Z','2025-06-05T23:41:25Z'),('432','Felipe','Ramirez','Hijo','2022/10/03','Masculino','26-58399137-6','150','2025-06-05T23:41:26Z','2025-06-05T23:41:26Z'),('433','Elena','Parra','Hija','2022/01/08','Femenino','26-57876794-1','43','2025-06-05T23:41:26Z','2025-06-05T23:41:26Z'),('434','Cipriano','Medina','Hijo','2000/09/15','Masculino','21-42703517-7','16','2025-06-05T23:41:26Z','2025-06-05T23:41:26Z'),('435','Lino','Mendez','Hijo','2023/01/18','Masculino','28-58607684-4','197','2025-06-05T23:41:27Z','2025-06-05T23:41:27Z'),('436','Consuelo','Ramirez','Hija','2019/11/14','Femenino','23-56344848-2','155','2025-06-05T23:41:27Z','2025-06-05T23:41:27Z'),('437','Natividad','Medina','Hija','2017/08/04','Femenino','20-54723247-4','90','2025-06-05T23:41:27Z','2025-06-05T23:41:27Z'),('438','Natalia','Ortega','Hija','2000/04/26','Femenino','24-42426754-5','191','2025-06-05T23:41:28Z','2025-06-05T23:41:28Z'),('439','Juana','Santos','Hija','2011/07/18','Femenino','20-50417818-6','60','2025-06-05T23:41:28Z','2025-06-05T23:41:28Z'),('440','Ambrosio','Suarez','Hijo','2021/04/02','Masculino','21-57329114-2','127','2025-06-05T23:41:28Z','2025-06-05T23:41:28Z'),('441','Rosalia','Suarez','Hija','2019/09/24','Femenino','23-56245447-8','127','2025-06-05T23:41:29Z','2025-06-05T23:41:29Z'),('442','Barbara','Gil','Hija','2016/11/03','Femenino','22-54189210-7','57','2025-06-05T23:41:29Z','2025-06-05T23:41:29Z'),('443','Angela','Ruiz','Hija','2008/08/08','Femenino','20-48324549-3','140','2025-06-05T23:41:29Z','2025-06-05T23:41:29Z'),('444','Bonifacio','Diaz','Hijo','2020/07/09','Masculino','20-56808720-7','168','2025-06-05T23:41:30Z','2025-06-05T23:41:30Z'),('445','Natividad','Castro','Hija','2021/11/12','Femenino','22-57765699-6','51','2025-06-05T23:41:30Z','2025-06-05T23:41:30Z'),('446','Federico','Leon','Hijo','2023/05/06','Masculino','23-58818180-6','194','2025-06-05T23:41:30Z','2025-06-05T23:41:30Z'),('447','Lourdes','Hernandez','Hijo','2016/05/02','Masculino','23-53828638-3','69','2025-06-05T23:41:31Z','2025-06-05T23:41:31Z'),('448','Nieves','Moya','Hija','2023/02/13','Femenino','25-58658359-4','48','2025-06-05T23:41:31Z','2025-06-05T23:41:31Z'),('449','Sanson','Martinez','Hijo','2019/07/06','Masculino','22-56089524-8','182','2025-06-05T23:41:32Z','2025-06-05T23:41:32Z'),('450','Cosme','Cabrera','Hijo','2015/11/15','Masculino','28-53499250-6','8','2025-06-05T23:41:32Z','2025-06-05T23:41:32Z'),('451','Pilar','Pastor','Hija','2018/07/20','Femenino','28-55405411-4','124','2025-06-05T23:41:32Z','2025-06-05T23:41:32Z'),('452','Natividad','Garrido','Hija','2017/10/26','Femenino','26-54885017-3','52','2025-06-05T23:41:33Z','2025-06-05T23:41:33Z'),('453','Dimas','Alvarez','Hijo','2022/09/01','Masculino','26-58336767-7','147','2025-06-05T23:41:33Z','2025-06-05T23:41:33Z'),('454','Salvio','Suarez','Hijo','2019/04/19','Masculino','27-55937499-3','127','2025-06-05T23:41:33Z','2025-06-05T23:41:33Z'),('455','Gloria','Hernandez','Hija','2022/02/13','Femenino','27-57946959-5','116','2025-06-05T23:41:34Z','2025-06-05T23:41:34Z'),('456','Celso','Santos','Hijo','2011/10/16','Masculino','21-50593231-4','60','2025-06-05T23:41:34Z','2025-06-05T23:41:34Z'),('457','Siro','Herrero','Hijo','2011/06/26','Masculino','26-50374939-4','193','2025-06-05T23:41:34Z','2025-06-05T23:41:34Z'),('458','Margarita','Vargas','Hija','2012/01/10','Femenino','20-50760849-7','67','2025-06-05T23:41:35Z','2025-06-05T23:41:35Z'),('459','Angela','Sanz','Hija','2010/10/29','Femenino','25-49907169-7','56','2025-06-05T23:41:35Z','2025-06-05T23:41:35Z'),('460','Liduvina','Delgado','Hija','2009/08/21','Femenino','20-49061286-7','77','2025-06-05T23:41:35Z','2025-06-05T23:41:35Z'),('461','Melchor','Hernandez','Hijo','2005/06/27','Masculino','26-46106541-3','196','2025-06-05T23:41:36Z','2025-06-05T23:41:36Z'),('462','Jaume','Gil','Hijo','2016/09/20','Masculino','25-54103452-2','57','2025-06-05T23:41:36Z','2025-06-05T23:41:36Z'),('463','Bernabe','Mendez','Hijo','2021/11/19','Masculino','25-57779342-5','42','2025-06-05T23:41:36Z','2025-06-05T23:41:36Z'),('464','Aurea','Blanco','Hija','2017/02/12','Femenino','24-54386063-5','39','2025-06-05T23:41:37Z','2025-06-05T23:41:37Z'),('465','Fulgencio','Cambil','Hijo','2016/04/21','Masculino','28-53807198-2','13','2025-06-05T23:41:37Z','2025-06-05T23:41:37Z'),('466','Vladimiro','Moreno','Hijo','2020/09/02','Masculino','26-56915917-6','99','2025-06-05T23:41:37Z','2025-06-05T23:41:37Z'),('467','Aurelia','Vicente','Hija','2013/06/05','Femenino','24-51758757-8','162','2025-06-05T23:41:38Z','2025-06-05T23:41:38Z'),('468','Colombo','Rodriguez','Hijo','2021/02/15','Masculino','27-57239458-2','94','2025-06-05T23:41:38Z','2025-06-05T23:41:38Z'),('469','Cleofas','Moya','Hijo','2021/02/23','Masculino','25-57255050-4','31','2025-06-05T23:41:39Z','2025-06-05T23:41:39Z'),('470','Salome','Blanco','Hija','2018/04/19','Femenino','27-55226099-3','39','2025-06-05T23:41:39Z','2025-06-05T23:41:39Z'),('471','Tarsicio','Nieto','Hijo','2017/02/25','Masculino','26-54411401-6','145','2025-06-05T23:41:39Z','2025-06-05T23:41:39Z'),('472','Simeon','Suarez','Hijo','2009/02/24','Masculino','20-48714357-4','125','2025-06-05T23:41:40Z','2025-06-05T23:41:40Z'),('473','Otilia','Ramos','Hija','2018/09/26','Femenino','20-55537946-4','109','2025-06-05T23:41:40Z','2025-06-05T23:41:40Z'),('474','Priscila','Campos','Hija','2021/05/24','Femenino','25-57430464-8','185','2025-06-05T23:41:40Z','2025-06-05T23:41:40Z'),('475','Nicolas','Delgado','Hijo','2017/06/08','Masculino','23-54612152-2','77','2025-06-05T23:41:41Z','2025-06-05T23:41:41Z'),('476','Milagros','Vargas','Hija','2003/06/25','Femenino','20-44677895-2','67','2025-06-05T23:41:41Z','2025-06-05T23:41:41Z'),('477','Yolanda','Carrasco','Hija','2011/11/26','Femenino','20-50673142-6','64','2025-06-05T23:41:41Z','2025-06-05T23:41:41Z'),('478','Jordi','Mora','Hijo','2002/11/22','Masculino','25-44258851-5','44','2025-06-05T23:41:42Z','2025-06-05T23:41:42Z'),('479','Carolina','Iglesias','Hija','2023/05/20','Femenino','22-58845467-6','15','2025-06-05T23:41:42Z','2025-06-05T23:41:42Z'),('480','Lorenzo','Ruiz','Hijo','2008/03/23','Masculino','25-48055581-3','140','2025-06-05T23:41:42Z','2025-06-05T23:41:42Z'),('481','Lino','Ferrer','Hijo','2016/08/01','Masculino','24-54006000-7','135','2025-06-05T23:41:43Z','2025-06-05T23:41:43Z'),('482','Facundo','Ortega','Hijo','2003/10/17','Masculino','26-44900086-7','188','2025-06-05T23:41:43Z','2025-06-05T23:41:43Z'),('483','Julia','Perez','Hijo','2008/04/19','Masculino','20-48108205-5','151','2025-06-05T23:41:43Z','2025-06-05T23:41:43Z'),('484','Cecilia','Parra','Hija','2004/02/05','Femenino','26-45116429-1','72','2025-06-05T23:41:44Z','2025-06-05T23:41:44Z'),('485','Teodosia','Carrasco','Hijo','2011/05/13','Masculino','20-50289181-1','64','2025-06-05T23:41:44Z','2025-06-05T23:41:44Z'),('486','Purificacion','Molina','Hija','1999/01/18','Femenino','21-41522399-7','20','2025-06-05T23:41:45Z','2025-06-05T23:41:45Z'),('487','Dimas','Soler','Hijo','2020/09/13','Masculino','21-56937357-3','46','2025-06-05T23:41:45Z','2025-06-05T23:41:45Z'),('488','Amelia','Caballero','Hija','2009/05/29','Femenino','25-48897567-8','97','2025-06-05T23:41:45Z','2025-06-05T23:41:45Z'),('489','Purificacion','Mendez','Hija','2021/09/03','Femenino','23-57629266-8','42','2025-06-05T23:41:46Z','2025-06-05T23:41:46Z'),('490','Oto','Rodriguez','Hijo','2007/02/22','Masculino','26-47285710-1','94','2025-06-05T23:41:46Z','2025-06-05T23:41:46Z'),('491','Aresio','Ramirez','Hijo','2005/07/09','Masculino','26-46129930-3','155','2025-06-05T23:41:46Z','2025-06-05T23:41:46Z'),('492','Sergio','Moya','Hijo','2021/01/10','Masculino','20-57169292-7','31','2025-06-05T23:41:47Z','2025-06-05T23:41:47Z'),('493','Fatima','Vidal','Hija','2023/01/04','Femenino','21-58580397-3','126','2025-06-05T23:41:47Z','2025-06-05T23:41:47Z'),('494','Albina','Pastor','Hija','2021/05/04','Femenino','23-57391483-8','124','2025-06-05T23:41:47Z','2025-06-05T23:41:47Z'),('495','Lucas','Sanchez','Hijo','2003/05/06','Masculino','28-44580443-7','80','2025-06-05T23:41:48Z','2025-06-05T23:41:48Z'),('496','Paula','Reyes','Hija','2022/09/21','Femenino','28-58375748-2','161','2025-06-05T23:41:48Z','2025-06-05T23:41:48Z'),('497','Angela','Moya','Hija','2021/05/28','Femenino','20-57438260-8','31','2025-06-05T23:41:48Z','2025-06-05T23:41:48Z'),('498','Narciso','Herrero','Hijo','2006/06/04','Masculino','26-46773113-5','193','2025-06-05T23:41:49Z','2025-06-05T23:41:49Z'),('499','Candida','Cruz','Hija','2016/05/21','Femenino','21-53865670-2','146','2025-06-05T23:41:49Z','2025-06-05T23:41:49Z'),('500','Isidro','Velasco','Hijo','2017/01/12','Masculino','25-54325643-4','137','2025-06-05T23:41:49Z','2025-06-05T23:41:49Z');

/*!40000 ALTER TABLE ParentTable ENABLE KEYS */;
UNLOCK TABLES;

--
-- Table structure for table PaymentTable
--

DROP TABLE IF EXISTS PaymentTable;
/*!40101 SET @saved_cs_client     = @@character_set_client */;
/*!40101 SET character_set_client = utf8 */;
CREATE TABLE `PaymentTable` (
  `IdPayment` int NOT NULL AUTO_INCREMENT,
  `Month` varchar(2) COLLATE utf8mb4_general_ci NOT NULL,
  `Year` varchar(4) COLLATE utf8mb4_general_ci NOT NULL,
  `Status` tinyint(1) NOT NULL DEFAULT '1',
  `Amount` int DEFAULT NULL,
  `PaymentDate` varchar(20) COLLATE utf8mb4_general_ci DEFAULT NULL,
  `Observations` varchar(1000) COLLATE utf8mb4_general_ci DEFAULT NULL,
  `IdEnterprise` int NOT NULL,
  `CreatedAt` timestamp NULL DEFAULT CURRENT_TIMESTAMP,
  `UpdatedAt` timestamp NULL DEFAULT CURRENT_TIMESTAMP ON UPDATE CURRENT_TIMESTAMP,
  PRIMARY KEY (`IdPayment`),
  KEY `IdEnterprise` (`IdEnterprise`),
  CONSTRAINT `PaymentTable_ibfk_1` FOREIGN KEY (`IdEnterprise`) REFERENCES `EnterpriseTable` (`IdEnterprise`) ON DELETE CASCADE
) ENGINE=InnoDB AUTO_INCREMENT=601 DEFAULT CHARSET=utf8mb4 COLLATE=utf8mb4_general_ci;
/*!40101 SET character_set_client = @saved_cs_client */;
--
-- Dumping data for table PaymentTable
--

LOCK TABLES PaymentTable WRITE;
/*!40000 ALTER TABLE PaymentTable DISABLE KEYS */;

INSERT INTO PaymentTable VALUES ('1','01','2024','1','59381','05/01/2024','','1','2025-06-05T23:28:56Z','2025-06-05T23:28:56Z'),('2','02','2024','1','72655','05/02/2024','','1','2025-06-05T23:28:56Z','2025-06-05T23:28:56Z'),('3','03','2024','1','56582','05/03/2024','','1','2025-06-05T23:28:56Z','2025-06-05T23:28:56Z'),('4','04','2024','0','74232','','','1','2025-06-05T23:28:57Z','2025-06-05T23:28:57Z'),('5','05','2024','1','74418','05/05/2024','','1','2025-06-05T23:28:57Z','2025-06-05T23:28:57Z'),('6','06','2024','1','80838','05/06/2024','','1','2025-06-05T23:28:57Z','2025-06-05T23:28:57Z'),('7','07','2024','1','94824','05/07/2024','','1','2025-06-05T23:28:58Z','2025-06-05T23:28:58Z'),('8','08','2024','1','73065','05/08/2024','','1','2025-06-05T23:28:58Z','2025-06-05T23:28:58Z'),('9','09','2024','1','51328','05/09/2024','','1','2025-06-05T23:28:59Z','2025-06-05T23:28:59Z'),('10','10','2024','1','82132','05/10/2024','','1','2025-06-05T23:28:59Z','2025-06-05T23:28:59Z'),('11','11','2024','1','65467','05/11/2024','','1','2025-06-05T23:28:59Z','2025-06-05T23:28:59Z'),('12','12','2024','1','89750','05/12/2024','','1','2025-06-05T23:29:00Z','2025-06-05T23:29:00Z'),('13','01','2024','1','87207','05/01/2024','','2','2025-06-05T23:29:00Z','2025-06-05T23:29:00Z'),('14','02','2024','1','96475','05/02/2024','','2','2025-06-05T23:29:00Z','2025-06-05T23:29:00Z'),('15','03','2024','1','74847','05/03/2024','','2','2025-06-05T23:29:01Z','2025-06-05T23:29:01Z'),('16','04','2024','1','60269','05/04/2024','','2','2025-06-05T23:29:01Z','2025-06-05T23:29:01Z'),('17','05','2024','1','67940','05/05/2024','','2','2025-06-05T23:29:01Z','2025-06-05T23:29:01Z'),('18','06','2024','1','64001','05/06/2024','','2','2025-06-05T23:29:02Z','2025-06-05T23:29:02Z'),('19','07','2024','1','57673','05/07/2024','','2','2025-06-05T23:29:02Z','2025-06-05T23:29:02Z'),('20','08','2024','1','96370','05/08/2024','','2','2025-06-05T23:29:02Z','2025-06-05T23:29:02Z'),('21','09','2024','0','54063','','','2','2025-06-05T23:29:03Z','2025-06-05T23:29:03Z'),('22','10','2024','1','84832','05/10/2024','','2','2025-06-05T23:29:03Z','2025-06-05T23:29:03Z'),('23','11','2024','1','57967','05/11/2024','','2','2025-06-05T23:29:03Z','2025-06-05T23:29:03Z'),('24','12','2024','1','81042','05/12/2024','','2','2025-06-05T23:29:04Z','2025-06-05T23:29:04Z'),('25','01','2024','1','92375','05/01/2024','','3','2025-06-05T23:29:04Z','2025-06-05T23:29:04Z'),('26','02','2024','1','54803','05/02/2024','','3','2025-06-05T23:29:04Z','2025-06-05T23:29:04Z'),('27','03','2024','1','64520','05/03/2024','','3','2025-06-05T23:29:05Z','2025-06-05T23:29:05Z'),('28','04','2024','1','61349','05/04/2024','','3','2025-06-05T23:29:05Z','2025-06-05T23:29:05Z'),('29','05','2024','1','62433','05/05/2024','','3','2025-06-05T23:29:06Z','2025-06-05T23:29:06Z'),('30','06','2024','1','91248','05/06/2024','','3','2025-06-05T23:29:06Z','2025-06-05T23:29:06Z'),('31','07','2024','1','80875','05/07/2024','','3','2025-06-05T23:29:06Z','2025-06-05T23:29:06Z'),('32','08','2024','1','80634','05/08/2024','','3','2025-06-05T23:29:07Z','2025-06-05T23:29:07Z'),('33','09','2024','1','78332','05/09/2024','','3','2025-06-05T23:29:07Z','2025-06-05T23:29:07Z'),('34','10','2024','1','52132','05/10/2024','','3','2025-06-05T23:29:07Z','2025-06-05T23:29:07Z'),('35','11','2024','1','93916','05/11/2024','','3','2025-06-05T23:29:08Z','2025-06-05T23:29:08Z'),('36','12','2024','1','90319','05/12/2024','','3','2025-06-05T23:29:08Z','2025-06-05T23:29:08Z'),('37','01','2024','0','69184','','','4','2025-06-05T23:29:08Z','2025-06-05T23:29:08Z'),('38','02','2024','1','85190','05/02/2024','','4','2025-06-05T23:29:09Z','2025-06-05T23:29:09Z'),('39','03','2024','1','51359','05/03/2024','','4','2025-06-05T23:29:09Z','2025-06-05T23:29:09Z'),('40','04','2024','1','58437','05/04/2024','','4','2025-06-05T23:29:09Z','2025-06-05T23:29:09Z'),('41','05','2024','0','59743','','','4','2025-06-05T23:29:10Z','2025-06-05T23:29:10Z'),('42','06','2024','1','87652','05/06/2024','','4','2025-06-05T23:29:10Z','2025-06-05T23:29:10Z'),('43','07','2024','1','63060','05/07/2024','','4','2025-06-05T23:29:10Z','2025-06-05T23:29:10Z'),('44','08','2024','1','50189','05/08/2024','','4','2025-06-05T23:29:11Z','2025-06-05T23:29:11Z'),('45','09','2024','1','90027','05/09/2024','','4','2025-06-05T23:29:11Z','2025-06-05T23:29:11Z'),('46','10','2024','1','91193','05/10/2024','','4','2025-06-05T23:29:12Z','2025-06-05T23:29:12Z'),('47','11','2024','1','55683','05/11/2024','','4','2025-06-05T23:29:12Z','2025-06-05T23:29:12Z'),('48','12','2024','1','70844','05/12/2024','','4','2025-06-05T23:29:12Z','2025-06-05T23:29:12Z'),('49','01','2024','1','82436','05/01/2024','','5','2025-06-05T23:29:13Z','2025-06-05T23:29:13Z'),('50','02','2024','1','75483','05/02/2024','','5','2025-06-05T23:29:13Z','2025-06-05T23:29:13Z'),('51','03','2024','0','75148','','','5','2025-06-05T23:29:13Z','2025-06-05T23:29:13Z'),('52','04','2024','0','66348','','','5','2025-06-05T23:29:14Z','2025-06-05T23:29:14Z'),('53','05','2024','1','82495','05/05/2024','','5','2025-06-05T23:29:14Z','2025-06-05T23:29:14Z'),('54','06','2024','1','60477','05/06/2024','','5','2025-06-05T23:29:14Z','2025-06-05T23:29:14Z'),('55','07','2024','1','72208','05/07/2024','','5','2025-06-05T23:29:15Z','2025-06-05T23:29:15Z'),('56','08','2024','1','88364','05/08/2024','','5','2025-06-05T23:29:15Z','2025-06-05T23:29:15Z'),('57','09','2024','1','73023','05/09/2024','','5','2025-06-05T23:29:15Z','2025-06-05T23:29:15Z'),('58','10','2024','0','75429','','','5','2025-06-05T23:29:16Z','2025-06-05T23:29:16Z'),('59','11','2024','1','50317','05/11/2024','','5','2025-06-05T23:29:16Z','2025-06-05T23:29:16Z'),('60','12','2024','1','65561','05/12/2024','','5','2025-06-05T23:29:16Z','2025-06-05T23:29:16Z'),('61','01','2024','1','99998','05/01/2024','','6','2025-06-05T23:29:17Z','2025-06-05T23:29:17Z'),('62','02','2024','1','85807','05/02/2024','','6','2025-06-05T23:29:17Z','2025-06-05T23:29:17Z'),('63','03','2024','1','58285','05/03/2024','','6','2025-06-05T23:29:18Z','2025-06-05T23:29:18Z'),('64','04','2024','1','91761','05/04/2024','','6','2025-06-05T23:29:18Z','2025-06-05T23:29:18Z'),('65','05','2024','1','80883','05/05/2024','','6','2025-06-05T23:29:18Z','2025-06-05T23:29:18Z'),('66','06','2024','1','95998','05/06/2024','','6','2025-06-05T23:29:19Z','2025-06-05T23:29:19Z'),('67','07','2024','1','64407','05/07/2024','','6','2025-06-05T23:29:19Z','2025-06-05T23:29:19Z'),('68','08','2024','1','70463','05/08/2024','','6','2025-06-05T23:29:19Z','2025-06-05T23:29:19Z'),('69','09','2024','1','86605','05/09/2024','','6','2025-06-05T23:29:20Z','2025-06-05T23:29:20Z'),('70','10','2024','1','64059','05/10/2024','','6','2025-06-05T23:29:20Z','2025-06-05T23:29:20Z'),('71','11','2024','1','79325','05/11/2024','','6','2025-06-05T23:29:20Z','2025-06-05T23:29:20Z'),('72','12','2024','1','83032','05/12/2024','','6','2025-06-05T23:29:21Z','2025-06-05T23:29:21Z'),('73','01','2024','1','50214','05/01/2024','','7','2025-06-05T23:29:21Z','2025-06-05T23:29:21Z'),('74','02','2024','1','92747','05/02/2024','','7','2025-06-05T23:29:21Z','2025-06-05T23:29:21Z'),('75','03','2024','1','78055','05/03/2024','','7','2025-06-05T23:29:22Z','2025-06-05T23:29:22Z'),('76','04','2024','1','55572','05/04/2024','','7','2025-06-05T23:29:22Z','2025-06-05T23:29:22Z'),('77','05','2024','1','82022','05/05/2024','','7','2025-06-05T23:29:22Z','2025-06-05T23:29:22Z'),('78','06','2024','1','64916','05/06/2024','','7','2025-06-05T23:29:23Z','2025-06-05T23:29:23Z'),('79','07','2024','1','78947','05/07/2024','','7','2025-06-05T23:29:23Z','2025-06-05T23:29:23Z'),('80','08','2024','1','52716','05/08/2024','','7','2025-06-05T23:29:23Z','2025-06-05T23:29:23Z'),('81','09','2024','1','69132','05/09/2024','','7','2025-06-05T23:29:24Z','2025-06-05T23:29:24Z'),('82','10','2024','1','68139','05/10/2024','','7','2025-06-05T23:29:24Z','2025-06-05T23:29:24Z'),('83','11','2024','0','64096','','','7','2025-06-05T23:29:25Z','2025-06-05T23:29:25Z'),('84','12','2024','1','66989','05/12/2024','','7','2025-06-05T23:29:25Z','2025-06-05T23:29:25Z'),('85','01','2024','1','66805','05/01/2024','','8','2025-06-05T23:29:25Z','2025-06-05T23:29:25Z'),('86','02','2024','1','57005','05/02/2024','','8','2025-06-05T23:29:26Z','2025-06-05T23:29:26Z'),('87','03','2024','1','51241','05/03/2024','','8','2025-06-05T23:29:26Z','2025-06-05T23:29:26Z'),('88','04','2024','1','70846','05/04/2024','','8','2025-06-05T23:29:26Z','2025-06-05T23:29:26Z'),('89','05','2024','1','53457','05/05/2024','','8','2025-06-05T23:29:27Z','2025-06-05T23:29:27Z'),('90','06','2024','1','75892','05/06/2024','','8','2025-06-05T23:29:27Z','2025-06-05T23:29:27Z'),('91','07','2024','1','84032','05/07/2024','','8','2025-06-05T23:29:27Z','2025-06-05T23:29:27Z'),('92','08','2024','1','64388','05/08/2024','','8','2025-06-05T23:29:28Z','2025-06-05T23:29:28Z'),('93','09','2024','1','72461','05/09/2024','','8','2025-06-05T23:29:28Z','2025-06-05T23:29:28Z'),('94','10','2024','1','51090','05/10/2024','','8','2025-06-05T23:29:28Z','2025-06-05T23:29:28Z'),('95','11','2024','1','79633','05/11/2024','','8','2025-06-05T23:29:29Z','2025-06-05T23:29:29Z'),('96','12','2024','1','65508','05/12/2024','','8','2025-06-05T23:29:29Z','2025-06-05T23:29:29Z'),('97','01','2024','1','67730','05/01/2024','','9','2025-06-05T23:29:29Z','2025-06-05T23:29:29Z'),('98','02','2024','1','90886','05/02/2024','','9','2025-06-05T23:29:30Z','2025-06-05T23:29:30Z'),('99','03','2024','1','58925','05/03/2024','','9','2025-06-05T23:29:30Z','2025-06-05T23:29:30Z'),('100','04','2024','0','50773','','','9','2025-06-05T23:29:31Z','2025-06-05T23:29:31Z'),('101','05','2024','0','66659','','','9','2025-06-05T23:29:31Z','2025-06-05T23:29:31Z'),('102','06','2024','1','75069','05/06/2024','','9','2025-06-05T23:29:31Z','2025-06-05T23:29:31Z'),('103','07','2024','1','87491','05/07/2024','','9','2025-06-05T23:29:32Z','2025-06-05T23:29:32Z'),('104','08','2024','1','59447','05/08/2024','','9','2025-06-05T23:29:32Z','2025-06-05T23:29:32Z'),('105','09','2024','1','84875','05/09/2024','','9','2025-06-05T23:29:32Z','2025-06-05T23:29:32Z'),('106','10','2024','1','91430','05/10/2024','','9','2025-06-05T23:29:33Z','2025-06-05T23:29:33Z'),('107','11','2024','1','59113','05/11/2024','','9','2025-06-05T23:29:33Z','2025-06-05T23:29:33Z'),('108','12','2024','1','69808','05/12/2024','','9','2025-06-05T23:29:33Z','2025-06-05T23:29:33Z'),('109','01','2024','1','80510','05/01/2024','','10','2025-06-05T23:29:34Z','2025-06-05T23:29:34Z'),('110','02','2024','1','77716','05/02/2024','','10','2025-06-05T23:29:34Z','2025-06-05T23:29:34Z'),('111','03','2024','1','51440','05/03/2024','','10','2025-06-05T23:29:34Z','2025-06-05T23:29:34Z'),('112','04','2024','1','72514','05/04/2024','','10','2025-06-05T23:29:35Z','2025-06-05T23:29:35Z'),('113','05','2024','1','99897','05/05/2024','','10','2025-06-05T23:29:35Z','2025-06-05T23:29:35Z'),('114','06','2024','1','96803','05/06/2024','','10','2025-06-05T23:29:35Z','2025-06-05T23:29:35Z'),('115','07','2024','1','67146','05/07/2024','','10','2025-06-05T23:29:36Z','2025-06-05T23:29:36Z'),('116','08','2024','1','95461','05/08/2024','','10','2025-06-05T23:29:36Z','2025-06-05T23:29:36Z'),('117','09','2024','1','73433','05/09/2024','','10','2025-06-05T23:29:36Z','2025-06-05T23:29:36Z'),('118','10','2024','1','85983','05/10/2024','','10','2025-06-05T23:29:37Z','2025-06-05T23:29:37Z'),('119','11','2024','1','54791','05/11/2024','','10','2025-06-05T23:29:37Z','2025-06-05T23:29:37Z'),('120','12','2024','1','95236','05/12/2024','','10','2025-06-05T23:29:38Z','2025-06-05T23:29:38Z'),('121','01','2024','1','66519','05/01/2024','','11','2025-06-05T23:29:38Z','2025-06-05T23:29:38Z'),('122','02','2024','1','84223','05/02/2024','','11','2025-06-05T23:29:38Z','2025-06-05T23:29:38Z'),('123','03','2024','1','77271','05/03/2024','','11','2025-06-05T23:29:39Z','2025-06-05T23:29:39Z'),('124','04','2024','1','63113','05/04/2024','','11','2025-06-05T23:29:39Z','2025-06-05T23:29:39Z'),('125','05','2024','1','68397','05/05/2024','','11','2025-06-05T23:29:39Z','2025-06-05T23:29:39Z'),('126','06','2024','1','56764','05/06/2024','','11','2025-06-05T23:29:40Z','2025-06-05T23:29:40Z'),('127','07','2024','1','50055','05/07/2024','','11','2025-06-05T23:29:40Z','2025-06-05T23:29:40Z'),('128','08','2024','1','71695','05/08/2024','','11','2025-06-05T23:29:40Z','2025-06-05T23:29:40Z'),('129','09','2024','0','90985','','','11','2025-06-05T23:29:41Z','2025-06-05T23:29:41Z'),('130','10','2024','1','84658','05/10/2024','','11','2025-06-05T23:29:41Z','2025-06-05T23:29:41Z'),('131','11','2024','1','90881','05/11/2024','','11','2025-06-05T23:29:41Z','2025-06-05T23:29:41Z'),('132','12','2024','1','71235','05/12/2024','','11','2025-06-05T23:29:42Z','2025-06-05T23:29:42Z'),('133','01','2024','1','73863','05/01/2024','','12','2025-06-05T23:29:42Z','2025-06-05T23:29:42Z'),('134','02','2024','1','91976','05/02/2024','','12','2025-06-05T23:29:42Z','2025-06-05T23:29:42Z'),('135','03','2024','1','64832','05/03/2024','','12','2025-06-05T23:29:43Z','2025-06-05T23:29:43Z'),('136','04','2024','1','54178','05/04/2024','','12','2025-06-05T23:29:43Z','2025-06-05T23:29:43Z'),('137','05','2024','1','84131','05/05/2024','','12','2025-06-05T23:29:44Z','2025-06-05T23:29:44Z'),('138','06','2024','1','50376','05/06/2024','','12','2025-06-05T23:29:44Z','2025-06-05T23:29:44Z'),('139','07','2024','1','74288','05/07/2024','','12','2025-06-05T23:29:44Z','2025-06-05T23:29:44Z'),('140','08','2024','1','72303','05/08/2024','','12','2025-06-05T23:29:45Z','2025-06-05T23:29:45Z'),('141','09','2024','1','93357','05/09/2024','','12','2025-06-05T23:29:45Z','2025-06-05T23:29:45Z'),('142','10','2024','1','61240','05/10/2024','','12','2025-06-05T23:29:45Z','2025-06-05T23:29:45Z'),('143','11','2024','1','73699','05/11/2024','','12','2025-06-05T23:29:46Z','2025-06-05T23:29:46Z'),('144','12','2024','1','82363','05/12/2024','','12','2025-06-05T23:29:46Z','2025-06-05T23:29:46Z'),('145','01','2024','1','66471','05/01/2024','','13','2025-06-05T23:29:46Z','2025-06-05T23:29:46Z'),('146','02','2024','1','67967','05/02/2024','','13','2025-06-05T23:29:47Z','2025-06-05T23:29:47Z'),('147','03','2024','1','82105','05/03/2024','','13','2025-06-05T23:29:47Z','2025-06-05T23:29:47Z'),('148','04','2024','1','92269','05/04/2024','','13','2025-06-05T23:29:47Z','2025-06-05T23:29:47Z'),('149','05','2024','1','77795','05/05/2024','','13','2025-06-05T23:29:48Z','2025-06-05T23:29:48Z'),('150','06','2024','1','59569','05/06/2024','','13','2025-06-05T23:29:48Z','2025-06-05T23:29:48Z'),('151','07','2024','1','91953','05/07/2024','','13','2025-06-05T23:29:48Z','2025-06-05T23:29:48Z'),('152','08','2024','1','94703','05/08/2024','','13','2025-06-05T23:29:49Z','2025-06-05T23:29:49Z'),('153','09','2024','1','58387','05/09/2024','','13','2025-06-05T23:29:49Z','2025-06-05T23:29:49Z'),('154','10','2024','0','98088','','','13','2025-06-05T23:29:49Z','2025-06-05T23:29:49Z'),('155','11','2024','1','83816','05/11/2024','','13','2025-06-05T23:29:50Z','2025-06-05T23:29:50Z'),('156','12','2024','1','77888','05/12/2024','','13','2025-06-05T23:29:50Z','2025-06-05T23:29:50Z'),('157','01','2024','1','92086','05/01/2024','','14','2025-06-05T23:29:51Z','2025-06-05T23:29:51Z'),('158','02','2024','1','79930','05/02/2024','','14','2025-06-05T23:29:51Z','2025-06-05T23:29:51Z'),('159','03','2024','1','96047','05/03/2024','','14','2025-06-05T23:29:51Z','2025-06-05T23:29:51Z'),('160','04','2024','1','69884','05/04/2024','','14','2025-06-05T23:29:52Z','2025-06-05T23:29:52Z'),('161','05','2024','1','78232','05/05/2024','','14','2025-06-05T23:29:52Z','2025-06-05T23:29:52Z'),('162','06','2024','1','91998','05/06/2024','','14','2025-06-05T23:29:52Z','2025-06-05T23:29:52Z'),('163','07','2024','1','58549','05/07/2024','','14','2025-06-05T23:29:53Z','2025-06-05T23:29:53Z'),('164','08','2024','1','78917','05/08/2024','','14','2025-06-05T23:29:53Z','2025-06-05T23:29:53Z'),('165','09','2024','1','61166','05/09/2024','','14','2025-06-05T23:29:53Z','2025-06-05T23:29:53Z'),('166','10','2024','1','66415','05/10/2024','','14','2025-06-05T23:29:54Z','2025-06-05T23:29:54Z'),('167','11','2024','1','71434','05/11/2024','','14','2025-06-05T23:29:54Z','2025-06-05T23:29:54Z'),('168','12','2024','1','84807','05/12/2024','','14','2025-06-05T23:29:54Z','2025-06-05T23:29:54Z'),('169','01','2024','1','68321','05/01/2024','','15','2025-06-05T23:29:55Z','2025-06-05T23:29:55Z'),('170','02','2024','1','99098','05/02/2024','','15','2025-06-05T23:29:55Z','2025-06-05T23:29:55Z'),('171','03','2024','1','55299','05/03/2024','','15','2025-06-05T23:29:55Z','2025-06-05T23:29:55Z'),('172','04','2024','1','82053','05/04/2024','','15','2025-06-05T23:29:56Z','2025-06-05T23:29:56Z'),('173','05','2024','1','80435','05/05/2024','','15','2025-06-05T23:29:56Z','2025-06-05T23:29:56Z'),('174','06','2024','0','84756','','','15','2025-06-05T23:29:57Z','2025-06-05T23:29:57Z'),('175','07','2024','1','66740','05/07/2024','','15','2025-06-05T23:29:57Z','2025-06-05T23:29:57Z'),('176','08','2024','1','95760','05/08/2024','','15','2025-06-05T23:29:57Z','2025-06-05T23:29:57Z'),('177','09','2024','1','81679','05/09/2024','','15','2025-06-05T23:29:58Z','2025-06-05T23:29:58Z'),('178','10','2024','1','55728','05/10/2024','','15','2025-06-05T23:29:58Z','2025-06-05T23:29:58Z'),('179','11','2024','1','63951','05/11/2024','','15','2025-06-05T23:29:58Z','2025-06-05T23:29:58Z'),('180','12','2024','1','96822','05/12/2024','','15','2025-06-05T23:29:59Z','2025-06-05T23:29:59Z'),('181','01','2024','1','77037','05/01/2024','','16','2025-06-05T23:29:59Z','2025-06-05T23:29:59Z'),('182','02','2024','1','59760','05/02/2024','','16','2025-06-05T23:29:59Z','2025-06-05T23:29:59Z'),('183','03','2024','0','51414','','','16','2025-06-05T23:30:00Z','2025-06-05T23:30:00Z'),('184','04','2024','1','88492','05/04/2024','','16','2025-06-05T23:30:00Z','2025-06-05T23:30:00Z'),('185','05','2024','1','85435','05/05/2024','','16','2025-06-05T23:30:00Z','2025-06-05T23:30:00Z'),('186','06','2024','1','53825','05/06/2024','','16','2025-06-05T23:30:01Z','2025-06-05T23:30:01Z'),('187','07','2024','1','65757','05/07/2024','','16','2025-06-05T23:30:01Z','2025-06-05T23:30:01Z'),('188','08','2024','1','88860','05/08/2024','','16','2025-06-05T23:30:01Z','2025-06-05T23:30:01Z'),('189','09','2024','1','91578','05/09/2024','','16','2025-06-05T23:30:02Z','2025-06-05T23:30:02Z'),('190','10','2024','1','86345','05/10/2024','','16','2025-06-05T23:30:02Z','2025-06-05T23:30:02Z'),('191','11','2024','1','87040','05/11/2024','','16','2025-06-05T23:30:02Z','2025-06-05T23:30:02Z'),('192','12','2024','1','51229','05/12/2024','','16','2025-06-05T23:30:03Z','2025-06-05T23:30:03Z'),('193','01','2024','1','62330','05/01/2024','','17','2025-06-05T23:30:03Z','2025-06-05T23:30:03Z'),('194','02','2024','1','67955','05/02/2024','','17','2025-06-05T23:30:04Z','2025-06-05T23:30:04Z'),('195','03','2024','1','58080','05/03/2024','','17','2025-06-05T23:30:04Z','2025-06-05T23:30:04Z'),('196','04','2024','0','93536','','','17','2025-06-05T23:30:04Z','2025-06-05T23:30:04Z'),('197','05','2024','1','66212','05/05/2024','','17','2025-06-05T23:30:05Z','2025-06-05T23:30:05Z'),('198','06','2024','1','83744','05/06/2024','','17','2025-06-05T23:30:05Z','2025-06-05T23:30:05Z'),('199','07','2024','1','76564','05/07/2024','','17','2025-06-05T23:30:05Z','2025-06-05T23:30:05Z'),('200','08','2024','1','90543','05/08/2024','','17','2025-06-05T23:30:06Z','2025-06-05T23:30:06Z'),('201','09','2024','1','85665','05/09/2024','','17','2025-06-05T23:30:06Z','2025-06-05T23:30:06Z'),('202','10','2024','1','91564','05/10/2024','','17','2025-06-05T23:30:06Z','2025-06-05T23:30:06Z'),('203','11','2024','1','95894','05/11/2024','','17','2025-06-05T23:30:07Z','2025-06-05T23:30:07Z'),('204','12','2024','0','94151','','','17','2025-06-05T23:30:07Z','2025-06-05T23:30:07Z'),('205','01','2024','1','52897','05/01/2024','','18','2025-06-05T23:30:07Z','2025-06-05T23:30:07Z'),('206','02','2024','1','63228','05/02/2024','','18','2025-06-05T23:30:08Z','2025-06-05T23:30:08Z'),('207','03','2024','1','58256','05/03/2024','','18','2025-06-05T23:30:08Z','2025-06-05T23:30:08Z'),('208','04','2024','1','85886','05/04/2024','','18','2025-06-05T23:30:08Z','2025-06-05T23:30:08Z'),('209','05','2024','1','62539','05/05/2024','','18','2025-06-05T23:30:09Z','2025-06-05T23:30:09Z'),('210','06','2024','1','95140','05/06/2024','','18','2025-06-05T23:30:09Z','2025-06-05T23:30:09Z'),('211','07','2024','1','76670','05/07/2024','','18','2025-06-05T23:30:10Z','2025-06-05T23:30:10Z'),('212','08','2024','1','83938','05/08/2024','','18','2025-06-05T23:30:10Z','2025-06-05T23:30:10Z'),('213','09','2024','1','94804','05/09/2024','','18','2025-06-05T23:30:10Z','2025-06-05T23:30:10Z'),('214','10','2024','1','52874','05/10/2024','','18','2025-06-05T23:30:11Z','2025-06-05T23:30:11Z'),('215','11','2024','1','74802','05/11/2024','','18','2025-06-05T23:30:11Z','2025-06-05T23:30:11Z'),('216','12','2024','1','77247','05/12/2024','','18','2025-06-05T23:30:11Z','2025-06-05T23:30:11Z'),('217','01','2024','1','53879','05/01/2024','','19','2025-06-05T23:30:12Z','2025-06-05T23:30:12Z'),('218','02','2024','1','99716','05/02/2024','','19','2025-06-05T23:30:12Z','2025-06-05T23:30:12Z'),('219','03','2024','1','93981','05/03/2024','','19','2025-06-05T23:30:12Z','2025-06-05T23:30:12Z'),('220','04','2024','1','60277','05/04/2024','','19','2025-06-05T23:30:13Z','2025-06-05T23:30:13Z'),('221','05','2024','1','96643','05/05/2024','','19','2025-06-05T23:30:13Z','2025-06-05T23:30:13Z'),('222','06','2024','1','62655','05/06/2024','','19','2025-06-05T23:30:13Z','2025-06-05T23:30:13Z'),('223','07','2024','1','85453','05/07/2024','','19','2025-06-05T23:30:14Z','2025-06-05T23:30:14Z'),('224','08','2024','1','93277','05/08/2024','','19','2025-06-05T23:30:14Z','2025-06-05T23:30:14Z'),('225','09','2024','1','50385','05/09/2024','','19','2025-06-05T23:30:14Z','2025-06-05T23:30:14Z'),('226','10','2024','1','64819','05/10/2024','','19','2025-06-05T23:30:15Z','2025-06-05T23:30:15Z'),('227','11','2024','1','55136','05/11/2024','','19','2025-06-05T23:30:15Z','2025-06-05T23:30:15Z'),('228','12','2024','1','95570','05/12/2024','','19','2025-06-05T23:30:16Z','2025-06-05T23:30:16Z'),('229','01','2024','1','72899','05/01/2024','','20','2025-06-05T23:30:16Z','2025-06-05T23:30:16Z'),('230','02','2024','1','56332','05/02/2024','','20','2025-06-05T23:30:16Z','2025-06-05T23:30:16Z'),('231','03','2024','1','58431','05/03/2024','','20','2025-06-05T23:30:17Z','2025-06-05T23:30:17Z'),('232','04','2024','1','62162','05/04/2024','','20','2025-06-05T23:30:17Z','2025-06-05T23:30:17Z'),('233','05','2024','1','68064','05/05/2024','','20','2025-06-05T23:30:17Z','2025-06-05T23:30:17Z'),('234','06','2024','1','73626','05/06/2024','','20','2025-06-05T23:30:18Z','2025-06-05T23:30:18Z'),('235','07','2024','1','74971','05/07/2024','','20','2025-06-05T23:30:18Z','2025-06-05T23:30:18Z'),('236','08','2024','1','84800','05/08/2024','','20','2025-06-05T23:30:18Z','2025-06-05T23:30:18Z'),('237','09','2024','1','82373','05/09/2024','','20','2025-06-05T23:30:19Z','2025-06-05T23:30:19Z'),('238','10','2024','1','73028','05/10/2024','','20','2025-06-05T23:30:19Z','2025-06-05T23:30:19Z'),('239','11','2024','1','92913','05/11/2024','','20','2025-06-05T23:30:19Z','2025-06-05T23:30:19Z'),('240','12','2024','1','73645','05/12/2024','','20','2025-06-05T23:30:20Z','2025-06-05T23:30:20Z'),('241','01','2024','1','66814','05/01/2024','','21','2025-06-05T23:30:20Z','2025-06-05T23:30:20Z'),('242','02','2024','1','78017','05/02/2024','','21','2025-06-05T23:30:20Z','2025-06-05T23:30:20Z'),('243','03','2024','0','62930','','','21','2025-06-05T23:30:21Z','2025-06-05T23:30:21Z'),('244','04','2024','1','70113','05/04/2024','','21','2025-06-05T23:30:21Z','2025-06-05T23:30:21Z'),('245','05','2024','1','68232','05/05/2024','','21','2025-06-05T23:30:22Z','2025-06-05T23:30:22Z'),('246','06','2024','1','87109','05/06/2024','','21','2025-06-05T23:30:22Z','2025-06-05T23:30:22Z'),('247','07','2024','1','60074','05/07/2024','','21','2025-06-05T23:30:22Z','2025-06-05T23:30:22Z'),('248','08','2024','1','92988','05/08/2024','','21','2025-06-05T23:30:23Z','2025-06-05T23:30:23Z'),('249','09','2024','1','55593','05/09/2024','','21','2025-06-05T23:30:23Z','2025-06-05T23:30:23Z'),('250','10','2024','1','53259','05/10/2024','','21','2025-06-05T23:30:23Z','2025-06-05T23:30:23Z'),('251','11','2024','1','63599','05/11/2024','','21','2025-06-05T23:30:24Z','2025-06-05T23:30:24Z'),('252','12','2024','0','57353','','','21','2025-06-05T23:30:24Z','2025-06-05T23:30:24Z'),('253','01','2024','1','84594','05/01/2024','','22','2025-06-05T23:30:24Z','2025-06-05T23:30:24Z'),('254','02','2024','0','50482','','','22','2025-06-05T23:30:25Z','2025-06-05T23:30:25Z'),('255','03','2024','1','57802','05/03/2024','','22','2025-06-05T23:30:25Z','2025-06-05T23:30:25Z'),('256','04','2024','1','56509','05/04/2024','','22','2025-06-05T23:30:25Z','2025-06-05T23:30:25Z'),('257','05','2024','1','61273','05/05/2024','','22','2025-06-05T23:30:26Z','2025-06-05T23:30:26Z'),('258','06','2024','1','66011','05/06/2024','','22','2025-06-05T23:30:26Z','2025-06-05T23:30:26Z'),('259','07','2024','0','78938','','','22','2025-06-05T23:30:26Z','2025-06-05T23:30:26Z'),('260','08','2024','1','89597','05/08/2024','','22','2025-06-05T23:30:27Z','2025-06-05T23:30:27Z'),('261','09','2024','1','91289','05/09/2024','','22','2025-06-05T23:30:27Z','2025-06-05T23:30:27Z'),('262','10','2024','1','68562','05/10/2024','','22','2025-06-05T23:30:28Z','2025-06-05T23:30:28Z'),('263','11','2024','0','68951','','','22','2025-06-05T23:30:28Z','2025-06-05T23:30:28Z'),('264','12','2024','1','77200','05/12/2024','','22','2025-06-05T23:30:28Z','2025-06-05T23:30:28Z'),('265','01','2024','1','52611','05/01/2024','','23','2025-06-05T23:30:29Z','2025-06-05T23:30:29Z'),('266','02','2024','1','80728','05/02/2024','','23','2025-06-05T23:30:29Z','2025-06-05T23:30:29Z'),('267','03','2024','1','52709','05/03/2024','','23','2025-06-05T23:30:29Z','2025-06-05T23:30:29Z'),('268','04','2024','1','52660','05/04/2024','','23','2025-06-05T23:30:30Z','2025-06-05T23:30:30Z'),('269','05','2024','1','53405','05/05/2024','','23','2025-06-05T23:30:30Z','2025-06-05T23:30:30Z'),('270','06','2024','1','93096','05/06/2024','','23','2025-06-05T23:30:30Z','2025-06-05T23:30:30Z'),('271','07','2024','0','85336','','','23','2025-06-05T23:30:31Z','2025-06-05T23:30:31Z'),('272','08','2024','1','54461','05/08/2024','','23','2025-06-05T23:30:31Z','2025-06-05T23:30:31Z'),('273','09','2024','1','98965','05/09/2024','','23','2025-06-05T23:30:31Z','2025-06-05T23:30:31Z'),('274','10','2024','1','85413','05/10/2024','','23','2025-06-05T23:30:32Z','2025-06-05T23:30:32Z'),('275','11','2024','0','57466','','','23','2025-06-05T23:30:32Z','2025-06-05T23:30:32Z'),('276','12','2024','1','71259','05/12/2024','','23','2025-06-05T23:30:32Z','2025-06-05T23:30:32Z'),('277','01','2024','1','60564','05/01/2024','','24','2025-06-05T23:30:33Z','2025-06-05T23:30:33Z'),('278','02','2024','1','51614','05/02/2024','','24','2025-06-05T23:30:33Z','2025-06-05T23:30:33Z'),('279','03','2024','1','65125','05/03/2024','','24','2025-06-05T23:30:34Z','2025-06-05T23:30:34Z'),('280','04','2024','0','79362','','','24','2025-06-05T23:30:34Z','2025-06-05T23:30:34Z'),('281','05','2024','1','90823','05/05/2024','','24','2025-06-05T23:30:34Z','2025-06-05T23:30:34Z'),('282','06','2024','1','95100','05/06/2024','','24','2025-06-05T23:30:35Z','2025-06-05T23:30:35Z'),('283','07','2024','1','70175','05/07/2024','','24','2025-06-05T23:30:35Z','2025-06-05T23:30:35Z'),('284','08','2024','1','64780','05/08/2024','','24','2025-06-05T23:30:35Z','2025-06-05T23:30:35Z'),('285','09','2024','1','54857','05/09/2024','','24','2025-06-05T23:30:36Z','2025-06-05T23:30:36Z'),('286','10','2024','1','61779','05/10/2024','','24','2025-06-05T23:30:36Z','2025-06-05T23:30:36Z'),('287','11','2024','1','77039','05/11/2024','','24','2025-06-05T23:30:36Z','2025-06-05T23:30:36Z'),('288','12','2024','1','65814','05/12/2024','','24','2025-06-05T23:30:37Z','2025-06-05T23:30:37Z'),('301','01','2024','1','96398','05/01/2024','','26','2025-06-05T23:30:41Z','2025-06-05T23:30:41Z'),('302','02','2024','0','69384','','','26','2025-06-05T23:30:42Z','2025-06-05T23:30:42Z'),('303','03','2024','0','96851','','','26','2025-06-05T23:30:42Z','2025-06-05T23:30:42Z'),('304','04','2024','0','99569','','','26','2025-06-05T23:30:42Z','2025-06-05T23:30:42Z'),('305','05','2024','1','68555','05/05/2024','','26','2025-06-05T23:30:43Z','2025-06-05T23:30:43Z'),('306','06','2024','1','64085','05/06/2024','','26','2025-06-05T23:30:43Z','2025-06-05T23:30:43Z'),('307','07','2024','1','88404','05/07/2024','','26','2025-06-05T23:30:43Z','2025-06-05T23:30:43Z'),('308','08','2024','0','99564','','','26','2025-06-05T23:30:44Z','2025-06-05T23:30:44Z'),('309','09','2024','1','64425','05/09/2024','','26','2025-06-05T23:30:44Z','2025-06-05T23:30:44Z'),('310','10','2024','1','83136','05/10/2024','','26','2025-06-05T23:30:44Z','2025-06-05T23:30:44Z'),('311','11','2024','1','69517','05/11/2024','','26','2025-06-05T23:30:45Z','2025-06-05T23:30:45Z'),('312','12','2024','1','63334','05/12/2024','','26','2025-06-05T23:30:45Z','2025-06-05T23:30:45Z'),('313','01','2024','1','60417','05/01/2024','','27','2025-06-05T23:30:46Z','2025-06-05T23:30:46Z'),('314','02','2024','1','62383','05/02/2024','','27','2025-06-05T23:30:46Z','2025-06-05T23:30:46Z'),('315','03','2024','1','66460','05/03/2024','','27','2025-06-05T23:30:46Z','2025-06-05T23:30:46Z'),('316','04','2024','1','53187','05/04/2024','','27','2025-06-05T23:30:47Z','2025-06-05T23:30:47Z'),('317','05','2024','1','55175','05/05/2024','','27','2025-06-05T23:30:47Z','2025-06-05T23:30:47Z'),('318','06','2024','1','85064','05/06/2024','','27','2025-06-05T23:30:47Z','2025-06-05T23:30:47Z'),('319','07','2024','1','56330','05/07/2024','','27','2025-06-05T23:30:48Z','2025-06-05T23:30:48Z'),('320','08','2024','1','78317','05/08/2024','','27','2025-06-05T23:30:48Z','2025-06-05T23:30:48Z'),('321','09','2024','1','74949','05/09/2024','','27','2025-06-05T23:30:48Z','2025-06-05T23:30:48Z'),('322','10','2024','1','80898','05/10/2024','','27','2025-06-05T23:30:49Z','2025-06-05T23:30:49Z'),('323','11','2024','1','79600','05/11/2024','','27','2025-06-05T23:30:49Z','2025-06-05T23:30:49Z'),('324','12','2024','1','94299','05/12/2024','','27','2025-06-05T23:30:49Z','2025-06-05T23:30:49Z'),('325','01','2024','1','81490','05/01/2024','','28','2025-06-05T23:30:50Z','2025-06-05T23:30:50Z'),('326','02','2024','0','58771','','','28','2025-06-05T23:30:50Z','2025-06-05T23:30:50Z'),('327','03','2024','1','70590','05/03/2024','','28','2025-06-05T23:30:50Z','2025-06-05T23:30:50Z'),('328','04','2024','0','87013','','','28','2025-06-05T23:30:51Z','2025-06-05T23:30:51Z'),('329','05','2024','1','88137','05/05/2024','','28','2025-06-05T23:30:51Z','2025-06-05T23:30:51Z'),('330','06','2024','1','85878','05/06/2024','','28','2025-06-05T23:30:51Z','2025-06-05T23:30:51Z'),('331','07','2024','1','91537','05/07/2024','','28','2025-06-05T23:30:52Z','2025-06-05T23:30:52Z'),('332','08','2024','1','86409','05/08/2024','','28','2025-06-05T23:30:52Z','2025-06-05T23:30:52Z'),('333','09','2024','1','64946','05/09/2024','','28','2025-06-05T23:30:53Z','2025-06-05T23:30:53Z'),('334','10','2024','1','65765','05/10/2024','','28','2025-06-05T23:30:53Z','2025-06-05T23:30:53Z'),('335','11','2024','1','72722','05/11/2024','','28','2025-06-05T23:30:53Z','2025-06-05T23:30:53Z'),('336','12','2024','1','92555','05/12/2024','','28','2025-06-05T23:30:54Z','2025-06-05T23:30:54Z'),('337','01','2024','1','98691','05/01/2024','','29','2025-06-05T23:30:54Z','2025-06-05T23:30:54Z'),('338','02','2024','1','98689','05/02/2024','','29','2025-06-05T23:30:54Z','2025-06-05T23:30:54Z'),('339','03','2024','1','51424','05/03/2024','','29','2025-06-05T23:30:55Z','2025-06-05T23:30:55Z'),('340','04','2024','1','74484','05/04/2024','','29','2025-06-05T23:30:55Z','2025-06-05T23:30:55Z'),('341','05','2024','1','83336','05/05/2024','','29','2025-06-05T23:30:55Z','2025-06-05T23:30:55Z'),('342','06','2024','1','95132','05/06/2024','','29','2025-06-05T23:30:56Z','2025-06-05T23:30:56Z'),('343','07','2024','1','95489','05/07/2024','','29','2025-06-05T23:30:56Z','2025-06-05T23:30:56Z'),('344','08','2024','1','96982','05/08/2024','','29','2025-06-05T23:30:56Z','2025-06-05T23:30:56Z'),('345','09','2024','1','77205','05/09/2024','','29','2025-06-05T23:30:57Z','2025-06-05T23:30:57Z'),('346','10','2024','1','61134','05/10/2024','','29','2025-06-05T23:30:57Z','2025-06-05T23:30:57Z'),('347','11','2024','1','54827','05/11/2024','','29','2025-06-05T23:30:57Z','2025-06-05T23:30:57Z'),('348','12','2024','1','98446','05/12/2024','','29','2025-06-05T23:30:58Z','2025-06-05T23:30:58Z'),('349','01','2024','1','79994','05/01/2024','','30','2025-06-05T23:30:58Z','2025-06-05T23:30:58Z'),('350','02','2024','1','84866','05/02/2024','','30','2025-06-05T23:30:58Z','2025-06-05T23:30:58Z'),('351','03','2024','1','62649','05/03/2024','','30','2025-06-05T23:30:59Z','2025-06-05T23:30:59Z'),('352','04','2024','1','87124','05/04/2024','','30','2025-06-05T23:30:59Z','2025-06-05T23:30:59Z'),('353','05','2024','1','72743','05/05/2024','','30','2025-06-05T23:31:00Z','2025-06-05T23:31:00Z'),('354','06','2024','1','56837','05/06/2024','','30','2025-06-05T23:31:00Z','2025-06-05T23:31:00Z'),('355','07','2024','1','87823','05/07/2024','','30','2025-06-05T23:31:00Z','2025-06-05T23:31:00Z'),('356','08','2024','1','82843','05/08/2024','','30','2025-06-05T23:31:01Z','2025-06-05T23:31:01Z'),('357','09','2024','1','76005','05/09/2024','','30','2025-06-05T23:31:01Z','2025-06-05T23:31:01Z'),('358','10','2024','1','79170','05/10/2024','','30','2025-06-05T23:31:01Z','2025-06-05T23:31:01Z'),('359','11','2024','1','97410','05/11/2024','','30','2025-06-05T23:31:02Z','2025-06-05T23:31:02Z'),('360','12','2024','1','59006','05/12/2024','','30','2025-06-05T23:31:02Z','2025-06-05T23:31:02Z'),('361','01','2024','1','57319','05/01/2024','','31','2025-06-05T23:31:02Z','2025-06-05T23:31:02Z'),('362','02','2024','1','71309','05/02/2024','','31','2025-06-05T23:31:03Z','2025-06-05T23:31:03Z'),('363','03','2024','1','96163','05/03/2024','','31','2025-06-05T23:31:03Z','2025-06-05T23:31:03Z'),('364','04','2024','1','53459','05/04/2024','','31','2025-06-05T23:31:03Z','2025-06-05T23:31:03Z'),('365','05','2024','1','96377','05/05/2024','','31','2025-06-05T23:31:04Z','2025-06-05T23:31:04Z'),('366','06','2024','1','60890','05/06/2024','','31','2025-06-05T23:31:04Z','2025-06-05T23:31:04Z'),('367','07','2024','1','78949','05/07/2024','','31','2025-06-05T23:31:04Z','2025-06-05T23:31:04Z'),('368','08','2024','1','60751','05/08/2024','','31','2025-06-05T23:31:05Z','2025-06-05T23:31:05Z'),('369','09','2024','1','76638','05/09/2024','','31','2025-06-05T23:31:05Z','2025-06-05T23:31:05Z'),('370','10','2024','1','58349','05/10/2024','','31','2025-06-05T23:31:06Z','2025-06-05T23:31:06Z'),('371','11','2024','0','95045','','','31','2025-06-05T23:31:06Z','2025-06-05T23:31:06Z'),('372','12','2024','1','67987','05/12/2024','','31','2025-06-05T23:31:06Z','2025-06-05T23:31:06Z'),('373','01','2024','0','99674','','','32','2025-06-05T23:31:07Z','2025-06-05T23:31:07Z'),('374','02','2024','1','57043','05/02/2024','','32','2025-06-05T23:31:07Z','2025-06-05T23:31:07Z'),('375','03','2024','1','59602','05/03/2024','','32','2025-06-05T23:31:07Z','2025-06-05T23:31:07Z'),('376','04','2024','1','84140','05/04/2024','','32','2025-06-05T23:31:08Z','2025-06-05T23:31:08Z'),('377','05','2024','1','83868','05/05/2024','','32','2025-06-05T23:31:08Z','2025-06-05T23:31:08Z'),('378','06','2024','0','93046','','','32','2025-06-05T23:31:08Z','2025-06-05T23:31:08Z'),('379','07','2024','1','79736','05/07/2024','','32','2025-06-05T23:31:09Z','2025-06-05T23:31:09Z'),('380','08','2024','1','81745','05/08/2024','','32','2025-06-05T23:31:09Z','2025-06-05T23:31:09Z'),('381','09','2024','1','96995','05/09/2024','','32','2025-06-05T23:31:09Z','2025-06-05T23:31:09Z'),('382','10','2024','1','96802','05/10/2024','','32','2025-06-05T23:31:10Z','2025-06-05T23:31:10Z'),('383','11','2024','1','87224','05/11/2024','','32','2025-06-05T23:31:10Z','2025-06-05T23:31:10Z'),('384','12','2024','1','50337','05/12/2024','','32','2025-06-05T23:31:10Z','2025-06-05T23:31:10Z'),('385','01','2024','1','67525','05/01/2024','','33','2025-06-05T23:31:11Z','2025-06-05T23:31:11Z'),('386','02','2024','1','60370','05/02/2024','','33','2025-06-05T23:31:11Z','2025-06-05T23:31:11Z'),('387','03','2024','1','66003','05/03/2024','','33','2025-06-05T23:31:11Z','2025-06-05T23:31:11Z'),('388','04','2024','0','86887','','','33','2025-06-05T23:31:12Z','2025-06-05T23:31:12Z'),('389','05','2024','1','91319','05/05/2024','','33','2025-06-05T23:31:12Z','2025-06-05T23:31:12Z'),('390','06','2024','1','82357','05/06/2024','','33','2025-06-05T23:31:13Z','2025-06-05T23:31:13Z'),('391','07','2024','0','60117','','','33','2025-06-05T23:31:13Z','2025-06-05T23:31:13Z'),('392','08','2024','1','92683','05/08/2024','','33','2025-06-05T23:31:13Z','2025-06-05T23:31:13Z'),('393','09','2024','1','72772','05/09/2024','','33','2025-06-05T23:31:14Z','2025-06-05T23:31:14Z'),('394','10','2024','1','95631','05/10/2024','','33','2025-06-05T23:31:14Z','2025-06-05T23:31:14Z'),('395','11','2024','1','90007','05/11/2024','','33','2025-06-05T23:31:14Z','2025-06-05T23:31:14Z'),('396','12','2024','1','85805','05/12/2024','','33','2025-06-05T23:31:15Z','2025-06-05T23:31:15Z'),('397','01','2024','1','50461','05/01/2024','','34','2025-06-05T23:31:15Z','2025-06-05T23:31:15Z'),('398','02','2024','1','85703','05/02/2024','','34','2025-06-05T23:31:15Z','2025-06-05T23:31:15Z'),('399','03','2024','1','90737','05/03/2024','','34','2025-06-05T23:31:16Z','2025-06-05T23:31:16Z'),('400','04','2024','1','99376','05/04/2024','','34','2025-06-05T23:31:16Z','2025-06-05T23:31:16Z'),('401','05','2024','0','61670','','','34','2025-06-05T23:31:16Z','2025-06-05T23:31:16Z'),('402','06','2024','1','78233','05/06/2024','','34','2025-06-05T23:31:17Z','2025-06-05T23:31:17Z'),('403','07','2024','1','50751','05/07/2024','','34','2025-06-05T23:31:17Z','2025-06-05T23:31:17Z'),('404','08','2024','1','54189','05/08/2024','','34','2025-06-05T23:31:17Z','2025-06-05T23:31:17Z'),('405','09','2024','1','99543','05/09/2024','','34','2025-06-05T23:31:18Z','2025-06-05T23:31:18Z'),('406','10','2024','1','87413','05/10/2024','','34','2025-06-05T23:31:18Z','2025-06-05T23:31:18Z'),('407','11','2024','1','92633','05/11/2024','','34','2025-06-05T23:31:19Z','2025-06-05T23:31:19Z'),('408','12','2024','1','88533','05/12/2024','','34','2025-06-05T23:31:19Z','2025-06-05T23:31:19Z'),('409','01','2024','1','98529','05/01/2024','','35','2025-06-05T23:31:19Z','2025-06-05T23:31:19Z'),('410','02','2024','1','60099','05/02/2024','','35','2025-06-05T23:31:20Z','2025-06-05T23:31:20Z'),('411','03','2024','0','72001','','','35','2025-06-05T23:31:20Z','2025-06-05T23:31:20Z'),('412','04','2024','1','92662','05/04/2024','','35','2025-06-05T23:31:20Z','2025-06-05T23:31:20Z'),('413','05','2024','1','58692','05/05/2024','','35','2025-06-05T23:31:21Z','2025-06-05T23:31:21Z'),('414','06','2024','1','72063','05/06/2024','','35','2025-06-05T23:31:21Z','2025-06-05T23:31:21Z'),('415','07','2024','1','50128','05/07/2024','','35','2025-06-05T23:31:21Z','2025-06-05T23:31:21Z'),('416','08','2024','1','61611','05/08/2024','','35','2025-06-05T23:31:22Z','2025-06-05T23:31:22Z'),('417','09','2024','1','58062','05/09/2024','','35','2025-06-05T23:31:22Z','2025-06-05T23:31:22Z'),('418','10','2024','1','92128','05/10/2024','','35','2025-06-05T23:31:22Z','2025-06-05T23:31:22Z'),('419','11','2024','1','98254','05/11/2024','','35','2025-06-05T23:31:23Z','2025-06-05T23:31:23Z'),('420','12','2024','1','64408','05/12/2024','','35','2025-06-05T23:31:23Z','2025-06-05T23:31:23Z'),('421','01','2024','1','99514','05/01/2024','','36','2025-06-05T23:31:23Z','2025-06-05T23:31:23Z'),('422','02','2024','1','65243','05/02/2024','','36','2025-06-05T23:31:24Z','2025-06-05T23:31:24Z'),('423','03','2024','1','63193','05/03/2024','','36','2025-06-05T23:31:24Z','2025-06-05T23:31:24Z'),('424','04','2024','1','64550','05/04/2024','','36','2025-06-05T23:31:24Z','2025-06-05T23:31:24Z'),('425','05','2024','1','73356','05/05/2024','','36','2025-06-05T23:31:25Z','2025-06-05T23:31:25Z'),('426','06','2024','1','78164','05/06/2024','','36','2025-06-05T23:31:25Z','2025-06-05T23:31:25Z'),('427','07','2024','1','65347','05/07/2024','','36','2025-06-05T23:31:26Z','2025-06-05T23:31:26Z'),('428','08','2024','1','54839','05/08/2024','','36','2025-06-05T23:31:26Z','2025-06-05T23:31:26Z'),('429','09','2024','1','62718','05/09/2024','','36','2025-06-05T23:31:26Z','2025-06-05T23:31:26Z'),('430','10','2024','1','61044','05/10/2024','','36','2025-06-05T23:31:27Z','2025-06-05T23:31:27Z'),('431','11','2024','1','95566','05/11/2024','','36','2025-06-05T23:31:27Z','2025-06-05T23:31:27Z'),('432','12','2024','0','51175','','','36','2025-06-05T23:31:27Z','2025-06-05T23:31:27Z'),('433','01','2024','1','71643','05/01/2024','','37','2025-06-05T23:31:28Z','2025-06-05T23:31:28Z'),('434','02','2024','1','89535','05/02/2024','','37','2025-06-05T23:31:28Z','2025-06-05T23:31:28Z'),('435','03','2024','1','67267','05/03/2024','','37','2025-06-05T23:31:28Z','2025-06-05T23:31:28Z'),('436','04','2024','1','67718','05/04/2024','','37','2025-06-05T23:31:29Z','2025-06-05T23:31:29Z'),('437','05','2024','1','88578','05/05/2024','','37','2025-06-05T23:31:29Z','2025-06-05T23:31:29Z'),('438','06','2024','1','92995','05/06/2024','','37','2025-06-05T23:31:29Z','2025-06-05T23:31:29Z'),('439','07','2024','0','84142','','','37','2025-06-05T23:31:30Z','2025-06-05T23:31:30Z'),('440','08','2024','1','56458','05/08/2024','','37','2025-06-05T23:31:30Z','2025-06-05T23:31:30Z'),('441','09','2024','1','59813','05/09/2024','','37','2025-06-05T23:31:31Z','2025-06-05T23:31:31Z'),('442','10','2024','1','80783','05/10/2024','','37','2025-06-05T23:31:31Z','2025-06-05T23:31:31Z'),('443','11','2024','0','74016','','','37','2025-06-05T23:31:31Z','2025-06-05T23:31:31Z'),('444','12','2024','1','88977','05/12/2024','','37','2025-06-05T23:31:32Z','2025-06-05T23:31:32Z'),('445','01','2024','1','57912','05/01/2024','','38','2025-06-05T23:31:32Z','2025-06-05T23:31:32Z'),('446','02','2024','1','84208','05/02/2024','','38','2025-06-05T23:31:32Z','2025-06-05T23:31:32Z'),('447','03','2024','1','70303','05/03/2024','','38','2025-06-05T23:31:33Z','2025-06-05T23:31:33Z'),('448','04','2024','1','65583','05/04/2024','','38','2025-06-05T23:31:33Z','2025-06-05T23:31:33Z'),('449','05','2024','1','82992','05/05/2024','','38','2025-06-05T23:31:33Z','2025-06-05T23:31:33Z'),('450','06','2024','1','57875','05/06/2024','','38','2025-06-05T23:31:34Z','2025-06-05T23:31:34Z'),('451','07','2024','1','98312','05/07/2024','','38','2025-06-05T23:31:34Z','2025-06-05T23:31:34Z'),('452','08','2024','1','51771','05/08/2024','','38','2025-06-05T23:31:34Z','2025-06-05T23:31:34Z'),('453','09','2024','1','56381','05/09/2024','','38','2025-06-05T23:31:35Z','2025-06-05T23:31:35Z'),('454','10','2024','1','97084','05/10/2024','','38','2025-06-05T23:31:35Z','2025-06-05T23:31:35Z'),('455','11','2024','1','94104','05/11/2024','','38','2025-06-05T23:31:35Z','2025-06-05T23:31:35Z'),('456','12','2024','0','51990','','','38','2025-06-05T23:31:36Z','2025-06-05T23:31:36Z'),('457','01','2024','1','57757','05/01/2024','','39','2025-06-05T23:31:36Z','2025-06-05T23:31:36Z'),('458','02','2024','1','72639','05/02/2024','','39','2025-06-05T23:31:37Z','2025-06-05T23:31:37Z'),('459','03','2024','0','58295','','','39','2025-06-05T23:31:37Z','2025-06-05T23:31:37Z'),('460','04','2024','1','73962','05/04/2024','','39','2025-06-05T23:31:37Z','2025-06-05T23:31:37Z'),('461','05','2024','1','56015','05/05/2024','','39','2025-06-05T23:31:38Z','2025-06-05T23:31:38Z'),('462','06','2024','1','57991','05/06/2024','','39','2025-06-05T23:31:38Z','2025-06-05T23:31:38Z'),('463','07','2024','1','78868','05/07/2024','','39','2025-06-05T23:31:38Z','2025-06-05T23:31:38Z'),('464','08','2024','0','58587','','','39','2025-06-05T23:31:39Z','2025-06-05T23:31:39Z'),('465','09','2024','1','59333','05/09/2024','','39','2025-06-05T23:31:39Z','2025-06-05T23:31:39Z'),('466','10','2024','1','73387','05/10/2024','','39','2025-06-05T23:31:39Z','2025-06-05T23:31:39Z'),('467','11','2024','1','61178','05/11/2024','','39','2025-06-05T23:31:40Z','2025-06-05T23:31:40Z'),('468','12','2024','1','75959','05/12/2024','','39','2025-06-05T23:31:40Z','2025-06-05T23:31:40Z'),('469','01','2024','1','88707','05/01/2024','','40','2025-06-05T23:31:40Z','2025-06-05T23:31:40Z'),('470','02','2024','1','72474','05/02/2024','','40','2025-06-05T23:31:41Z','2025-06-05T23:31:41Z'),('471','03','2024','1','80735','05/03/2024','','40','2025-06-05T23:31:41Z','2025-06-05T23:31:41Z'),('472','04','2024','1','66611','05/04/2024','','40','2025-06-05T23:31:42Z','2025-06-05T23:31:42Z'),('473','05','2024','1','65583','05/05/2024','','40','2025-06-05T23:31:42Z','2025-06-05T23:31:42Z'),('474','06','2024','1','86307','05/06/2024','','40','2025-06-05T23:31:42Z','2025-06-05T23:31:42Z'),('475','07','2024','1','75205','05/07/2024','','40','2025-06-05T23:31:43Z','2025-06-05T23:31:43Z'),('476','08','2024','1','72637','05/08/2024','','40','2025-06-05T23:31:43Z','2025-06-05T23:31:43Z'),('477','09','2024','1','65716','05/09/2024','','40','2025-06-05T23:31:43Z','2025-06-05T23:31:43Z'),('478','10','2024','1','66063','05/10/2024','','40','2025-06-05T23:31:44Z','2025-06-05T23:31:44Z'),('479','11','2024','1','55769','05/11/2024','','40','2025-06-05T23:31:44Z','2025-06-05T23:31:44Z'),('480','12','2024','0','75489','','','40','2025-06-05T23:31:44Z','2025-06-05T23:31:44Z'),('481','01','2024','1','72203','05/01/2024','','41','2025-06-05T23:31:45Z','2025-06-05T23:31:45Z'),('482','02','2024','1','64303','05/02/2024','','41','2025-06-05T23:31:45Z','2025-06-05T23:31:45Z'),('483','03','2024','1','68245','05/03/2024','','41','2025-06-05T23:31:45Z','2025-06-05T23:31:45Z'),('484','04','2024','0','75558','','','41','2025-06-05T23:31:46Z','2025-06-05T23:31:46Z'),('485','05','2024','1','71031','05/05/2024','','41','2025-06-05T23:31:46Z','2025-06-05T23:31:46Z'),('486','06','2024','1','64302','05/06/2024','','41','2025-06-05T23:31:46Z','2025-06-05T23:31:46Z'),('487','07','2024','1','86194','05/07/2024','','41','2025-06-05T23:31:47Z','2025-06-05T23:31:47Z'),('488','08','2024','1','60478','05/08/2024','','41','2025-06-05T23:31:47Z','2025-06-05T23:31:47Z'),('489','09','2024','1','50292','05/09/2024','','41','2025-06-05T23:31:48Z','2025-06-05T23:31:48Z'),('490','10','2024','1','69448','05/10/2024','','41','2025-06-05T23:31:48Z','2025-06-05T23:31:48Z'),('491','11','2024','1','97391','05/11/2024','','41','2025-06-05T23:31:48Z','2025-06-05T23:31:48Z'),('492','12','2024','1','95825','05/12/2024','','41','2025-06-05T23:31:49Z','2025-06-05T23:31:49Z'),('493','01','2024','1','52184','05/01/2024','','42','2025-06-05T23:31:49Z','2025-06-05T23:31:49Z'),('494','02','2024','1','50002','05/02/2024','','42','2025-06-05T23:31:49Z','2025-06-05T23:31:49Z'),('495','03','2024','1','72013','05/03/2024','','42','2025-06-05T23:31:50Z','2025-06-05T23:31:50Z'),('496','04','2024','1','96966','05/04/2024','','42','2025-06-05T23:31:50Z','2025-06-05T23:31:50Z'),('497','05','2024','1','73909','05/05/2024','','42','2025-06-05T23:31:50Z','2025-06-05T23:31:50Z'),('498','06','2024','1','65586','05/06/2024','','42','2025-06-05T23:31:51Z','2025-06-05T23:31:51Z'),('499','07','2024','1','96478','05/07/2024','','42','2025-06-05T23:31:51Z','2025-06-05T23:31:51Z'),('500','08','2024','1','71421','05/08/2024','','42','2025-06-05T23:31:51Z','2025-06-05T23:31:51Z'),('501','09','2024','1','66231','05/09/2024','','42','2025-06-05T23:31:52Z','2025-06-05T23:31:52Z'),('502','10','2024','1','78059','05/10/2024','','42','2025-06-05T23:31:52Z','2025-06-05T23:31:52Z'),('503','11','2024','1','65273','05/11/2024','','42','2025-06-05T23:31:52Z','2025-06-05T23:31:52Z'),('504','12','2024','1','52444','05/12/2024','','42','2025-06-05T23:31:53Z','2025-06-05T23:31:53Z'),('505','01','2024','1','87928','05/01/2024','','43','2025-06-05T23:31:53Z','2025-06-05T23:31:53Z'),('506','02','2024','1','82280','05/02/2024','','43','2025-06-05T23:31:54Z','2025-06-05T23:31:54Z'),('507','03','2024','1','84004','05/03/2024','','43','2025-06-05T23:31:54Z','2025-06-05T23:31:54Z'),('508','04','2024','1','53568','05/04/2024','','43','2025-06-05T23:31:54Z','2025-06-05T23:31:54Z'),('509','05','2024','1','80159','05/05/2024','','43','2025-06-05T23:31:55Z','2025-06-05T23:31:55Z'),('510','06','2024','1','64947','05/06/2024','','43','2025-06-05T23:31:55Z','2025-06-05T23:31:55Z'),('511','07','2024','1','85050','05/07/2024','','43','2025-06-05T23:31:55Z','2025-06-05T23:31:55Z'),('512','08','2024','1','61816','05/08/2024','','43','2025-06-05T23:31:56Z','2025-06-05T23:31:56Z'),('513','09','2024','1','63225','05/09/2024','','43','2025-06-05T23:31:56Z','2025-06-05T23:31:56Z'),('514','10','2024','0','96830','','','43','2025-06-05T23:31:56Z','2025-06-05T23:31:56Z'),('515','11','2024','1','81923','05/11/2024','','43','2025-06-05T23:31:57Z','2025-06-05T23:31:57Z'),('516','12','2024','1','76836','05/12/2024','','43','2025-06-05T23:31:57Z','2025-06-05T23:31:57Z'),('517','01','2024','1','77925','05/01/2024','','44','2025-06-05T23:31:57Z','2025-06-05T23:31:57Z'),('518','02','2024','1','87725','05/02/2024','','44','2025-06-05T23:31:58Z','2025-06-05T23:31:58Z'),('519','03','2024','1','77118','05/03/2024','','44','2025-06-05T23:31:58Z','2025-06-05T23:31:58Z'),('520','04','2024','1','98231','05/04/2024','','44','2025-06-05T23:31:58Z','2025-06-05T23:31:58Z'),('521','05','2024','1','79881','05/05/2024','','44','2025-06-05T23:31:59Z','2025-06-05T23:31:59Z'),('522','06','2024','1','94621','05/06/2024','','44','2025-06-05T23:31:59Z','2025-06-05T23:31:59Z'),('523','07','2024','1','54397','05/07/2024','','44','2025-06-05T23:32:00Z','2025-06-05T23:32:00Z'),('524','08','2024','1','66947','05/08/2024','','44','2025-06-05T23:32:00Z','2025-06-05T23:32:00Z'),('525','09','2024','1','96803','05/09/2024','','44','2025-06-05T23:32:00Z','2025-06-05T23:32:00Z'),('526','10','2024','1','55085','05/10/2024','','44','2025-06-05T23:32:01Z','2025-06-05T23:32:01Z'),('527','11','2024','0','96663','','','44','2025-06-05T23:32:01Z','2025-06-05T23:32:01Z'),('528','12','2024','1','64596','05/12/2024','','44','2025-06-05T23:32:01Z','2025-06-05T23:32:01Z'),('529','01','2024','1','67740','05/01/2024','','45','2025-06-05T23:32:02Z','2025-06-05T23:32:02Z'),('530','02','2024','0','84532','','','45','2025-06-05T23:32:02Z','2025-06-05T23:32:02Z'),('531','03','2024','1','76313','05/03/2024','','45','2025-06-05T23:32:02Z','2025-06-05T23:32:02Z'),('532','04','2024','1','97313','05/04/2024','','45','2025-06-05T23:32:03Z','2025-06-05T23:32:03Z'),('533','05','2024','0','64954','','','45','2025-06-05T23:32:03Z','2025-06-05T23:32:03Z'),('534','06','2024','1','60877','05/06/2024','','45','2025-06-05T23:32:03Z','2025-06-05T23:32:03Z'),('535','07','2024','1','96376','05/07/2024','','45','2025-06-05T23:32:04Z','2025-06-05T23:32:04Z'),('536','08','2024','1','72255','05/08/2024','','45','2025-06-05T23:32:04Z','2025-06-05T23:32:04Z'),('537','09','2024','0','96957','','','45','2025-06-05T23:32:04Z','2025-06-05T23:32:04Z'),('538','10','2024','1','54200','05/10/2024','','45','2025-06-05T23:32:05Z','2025-06-05T23:32:05Z'),('539','11','2024','1','84858','05/11/2024','','45','2025-06-05T23:32:05Z','2025-06-05T23:32:05Z'),('540','12','2024','1','65463','05/12/2024','','45','2025-06-05T23:32:05Z','2025-06-05T23:32:05Z'),('541','01','2024','1','51994','05/01/2024','','46','2025-06-05T23:32:06Z','2025-06-05T23:32:06Z'),('542','02','2024','1','86252','05/02/2024','','46','2025-06-05T23:32:06Z','2025-06-05T23:32:06Z'),('543','03','2024','1','75628','05/03/2024','','46','2025-06-05T23:32:07Z','2025-06-05T23:32:07Z'),('544','04','2024','1','78917','05/04/2024','','46','2025-06-05T23:32:07Z','2025-06-05T23:32:07Z'),('545','05','2024','1','73704','05/05/2024','','46','2025-06-05T23:32:07Z','2025-06-05T23:32:07Z'),('546','06','2024','1','87140','05/06/2024','','46','2025-06-05T23:32:08Z','2025-06-05T23:32:08Z'),('547','07','2024','1','66568','05/07/2024','','46','2025-06-05T23:32:08Z','2025-06-05T23:32:08Z'),('548','08','2024','1','93164','05/08/2024','','46','2025-06-05T23:32:08Z','2025-06-05T23:32:08Z'),('549','09','2024','1','90765','05/09/2024','','46','2025-06-05T23:32:09Z','2025-06-05T23:32:09Z'),('550','10','2024','1','72494','05/10/2024','','46','2025-06-05T23:32:09Z','2025-06-05T23:32:09Z'),('551','11','2024','1','65622','05/11/2024','','46','2025-06-05T23:32:09Z','2025-06-05T23:32:09Z'),('552','12','2024','1','59504','05/12/2024','','46','2025-06-05T23:32:10Z','2025-06-05T23:32:10Z'),('553','01','2024','1','94441','05/01/2024','','47','2025-06-05T23:32:10Z','2025-06-05T23:32:10Z'),('554','02','2024','1','77772','05/02/2024','','47','2025-06-05T23:32:10Z','2025-06-05T23:32:10Z'),('555','03','2024','1','89522','05/03/2024','','47','2025-06-05T23:32:11Z','2025-06-05T23:32:11Z'),('556','04','2024','1','97069','05/04/2024','','47','2025-06-05T23:32:11Z','2025-06-05T23:32:11Z'),('557','05','2024','1','87520','05/05/2024','','47','2025-06-05T23:32:11Z','2025-06-05T23:32:11Z'),('558','06','2024','0','57590','','','47','2025-06-05T23:32:12Z','2025-06-05T23:32:12Z'),('559','07','2024','1','88776','05/07/2024','','47','2025-06-05T23:32:12Z','2025-06-05T23:32:12Z'),('560','08','2024','1','79931','05/08/2024','','47','2025-06-05T23:32:13Z','2025-06-05T23:32:13Z'),('561','09','2024','1','91080','05/09/2024','','47','2025-06-05T23:32:13Z','2025-06-05T23:32:13Z'),('562','10','2024','1','60978','05/10/2024','','47','2025-06-05T23:32:13Z','2025-06-05T23:32:13Z'),('563','11','2024','1','92097','05/11/2024','','47','2025-06-05T23:32:14Z','2025-06-05T23:32:14Z'),('564','12','2024','0','85665','','','47','2025-06-05T23:32:14Z','2025-06-05T23:32:14Z'),('565','01','2024','1','52990','05/01/2024','','48','2025-06-05T23:32:14Z','2025-06-05T23:32:14Z'),('566','02','2024','1','60551','05/02/2024','','48','2025-06-05T23:32:15Z','2025-06-05T23:32:15Z'),('567','03','2024','1','94880','05/03/2024','','48','2025-06-05T23:32:15Z','2025-06-05T23:32:15Z'),('568','04','2024','1','76600','05/04/2024','','48','2025-06-05T23:32:15Z','2025-06-05T23:32:15Z'),('569','05','2024','1','90112','05/05/2024','','48','2025-06-05T23:32:16Z','2025-06-05T23:32:16Z'),('570','06','2024','1','51930','05/06/2024','','48','2025-06-05T23:32:16Z','2025-06-05T23:32:16Z'),('571','07','2024','1','78563','05/07/2024','','48','2025-06-05T23:32:16Z','2025-06-05T23:32:16Z'),('572','08','2024','1','57381','05/08/2024','','48','2025-06-05T23:32:17Z','2025-06-05T23:32:17Z'),('573','09','2024','1','94477','05/09/2024','','48','2025-06-05T23:32:17Z','2025-06-05T23:32:17Z'),('574','10','2024','1','58237','05/10/2024','','48','2025-06-05T23:32:17Z','2025-06-05T23:32:17Z'),('575','11','2024','1','69622','05/11/2024','','48','2025-06-05T23:32:18Z','2025-06-05T23:32:18Z'),('576','12','2024','1','95895','05/12/2024','','48','2025-06-05T23:32:18Z','2025-06-05T23:32:18Z'),('577','01','2024','0','81370','','','49','2025-06-05T23:32:18Z','2025-06-05T23:32:18Z'),('578','02','2024','0','71541','','','49','2025-06-05T23:32:19Z','2025-06-05T23:32:19Z'),('579','03','2024','1','95849','05/03/2024','','49','2025-06-05T23:32:19Z','2025-06-05T23:32:19Z'),('580','04','2024','1','56691','05/04/2024','','49','2025-06-05T23:32:20Z','2025-06-05T23:32:20Z'),('581','05','2024','1','57630','05/05/2024','','49','2025-06-05T23:32:20Z','2025-06-05T23:32:20Z'),('582','06','2024','1','69288','05/06/2024','','49','2025-06-05T23:32:20Z','2025-06-05T23:32:20Z'),('583','07','2024','1','60821','05/07/2024','','49','2025-06-05T23:32:21Z','2025-06-05T23:32:21Z'),('584','08','2024','1','57755','05/08/2024','','49','2025-06-05T23:32:21Z','2025-06-05T23:32:21Z'),('585','09','2024','1','73569','05/09/2024','','49','2025-06-05T23:32:21Z','2025-06-05T23:32:21Z'),('586','10','2024','0','85849','','','49','2025-06-05T23:32:22Z','2025-06-05T23:32:22Z'),('587','11','2024','1','73711','05/11/2024','','49','2025-06-05T23:32:22Z','2025-06-05T23:32:22Z'),('588','12','2024','1','57330','05/12/2024','','49','2025-06-05T23:32:22Z','2025-06-05T23:32:22Z'),('589','01','2024','1','92435','05/01/2024','','50','2025-06-05T23:32:23Z','2025-06-05T23:32:23Z'),('590','02','2024','1','72812','05/02/2024','','50','2025-06-05T23:32:23Z','2025-06-05T23:32:23Z'),('591','03','2024','1','68966','05/03/2024','','50','2025-06-05T23:32:23Z','2025-06-05T23:32:23Z'),('592','04','2024','1','54273','05/04/2024','','50','2025-06-05T23:32:24Z','2025-06-05T23:32:24Z'),('593','05','2024','1','55141','05/05/2024','','50','2025-06-05T23:32:24Z','2025-06-05T23:32:24Z'),('594','06','2024','1','56299','05/06/2024','','50','2025-06-05T23:32:24Z','2025-06-05T23:32:24Z'),('595','07','2024','1','96536','05/07/2024','','50','2025-06-05T23:32:25Z','2025-06-05T23:32:25Z'),('596','08','2024','1','74850','05/08/2024','','50','2025-06-05T23:32:25Z','2025-06-05T23:32:25Z'),('597','09','2024','1','87546','05/09/2024','','50','2025-06-05T23:32:26Z','2025-06-05T23:32:26Z'),('598','10','2024','1','77719','05/10/2024','','50','2025-06-05T23:32:26Z','2025-06-05T23:32:26Z'),('599','11','2024','1','61165','05/11/2024','','50','2025-06-05T23:32:26Z','2025-06-05T23:32:26Z'),('600','12','2024','1','69501','05/12/2024','','50','2025-06-05T23:32:27Z','2025-06-05T23:32:27Z');

/*!40000 ALTER TABLE PaymentTable ENABLE KEYS */;
UNLOCK TABLES;

--
-- Table structure for table UserTable
--

DROP TABLE IF EXISTS UserTable;
/*!40101 SET @saved_cs_client     = @@character_set_client */;
/*!40101 SET character_set_client = utf8 */;
CREATE TABLE `UserTable` (
  `IdUser` int NOT NULL AUTO_INCREMENT,
  `Username` varchar(20) COLLATE utf8mb4_general_ci DEFAULT NULL,
  `Hash` varchar(100) COLLATE utf8mb4_general_ci DEFAULT NULL,
  `Admin` tinyint(1) DEFAULT NULL,
  `WriteMember` tinyint(1) DEFAULT NULL,
  `DeleteMember` tinyint(1) DEFAULT NULL,
  `WriteEnterprise` tinyint(1) DEFAULT NULL,
  `DeleteEnterprise` tinyint(1) DEFAULT NULL,
  `WriteParent` tinyint(1) DEFAULT NULL,
  `DeleteParent` tinyint(1) DEFAULT NULL,
  `WritePayment` tinyint(1) DEFAULT NULL,
  `DeletePayment` tinyint(1) DEFAULT NULL,
  PRIMARY KEY (`IdUser`)
) ENGINE=InnoDB AUTO_INCREMENT=3 DEFAULT CHARSET=utf8mb4 COLLATE=utf8mb4_general_ci;
/*!40101 SET character_set_client = @saved_cs_client */;
--
-- Dumping data for table UserTable
--

LOCK TABLES UserTable WRITE;
/*!40000 ALTER TABLE UserTable DISABLE KEYS */;

INSERT INTO UserTable VALUES ('1','admin','$2a$14$7CswOaRqaoCsssbVKt5rNORt32UbaOmVq7Qmmv2FyiEccMEYyxwVC','1','1','1','1','1','1','1','1','1'),('2','usuario','$2a$14$5hAymd3LT8JOR93GCJXbFeptw.DI8v42uIrkG2ZR36K2DPDefwLHC','0','0','0','0','0','0','0','0','0');

/*!40000 ALTER TABLE UserTable ENABLE KEYS */;
UNLOCK TABLES;

-- Dump completed on 2025-07-12 17:16:06.1373221 -0300 -03 m=+55.965406901
